{"type":"FeatureCollection","features":[{"type":"Feature","geometry":{"type":"Polygon","coordinates":[[[-87.78710700040764,42.76394599993224],[-87.77540600006424,42.76718100031946],[-87.78710700040764,42.76394599993224]]]},"properties":{"NAME":"North Bay village","LSADC":"47"}},{"type":"Feature","geometry":{"type":"Polygon","coordinates":[[[-87.82769600030156,42.69321699972717],[-87.81640500003698,42.68960699970327],[-87.82769600030156,42.69321699972717]]]},"properties":{"NAME":"Elmwood Park village","LSADC":"47"}},{"type":"Feature","geometry":{"type":"Polygon","coordinates":[[[-89.54999200016418,44.52502100010558],[-89.54946699955931,44.514712000023884],[-89.54355700037308,44.51478199996593],[-89.54173600030782,44.52329300018077],[-89.54999200016418,44.52502100010558]]]},"properties":{"NAME":"Park Ridge village","LSADC":"47"}},{"type":"Feature","geometry":{"type":"Polygon","coordinates":[[[-89.03791300039711,42.97446599994321],[-89.03772199970308,42.96756400030076],[-89.02286200000123,42.97297600032673],[-89.03791300039711,42.97446599994321]]]},"properties":{"NAME":"Rockdale village","LSADC":"47"}},{"type":"Feature","geometry":{"type":"Polygon","coordinates":[[[-90.04371800006179,43.44205299984034],[-90.03359599993432,43.43121999972063],[-90.0337290000037,43.44571700001392],[-90.04371800006179,43.44205299984034]]]},"properties":{"NAME":"Loganville village","LSADC":"47"}},{"type":"Feature","geometry":{"type":"Polygon","coordinates":[[[-90.8639710002266,42.974158999990365],[-90.86388500001286,42.965268000004876],[-90.85525400023776,42.96499500015726],[-90.85519899998619,42.97415499989096],[-90.8639710002266,42.974158999990365]]]},"properties":{"NAME":"Mount Hope village","LSADC":"47"}},{"type":"Feature","geometry":{"type":"Polygon","coordinates":[[[-90.4312869998169,43.53919300018741],[-90.43101999985323,43.531793999996296],[-90.42039200028577,43.53187400019889],[-90.42595800041373,43.54126099992944],[-90.4312869998169,43.53919300018741]]]},"properties":{"NAME":"Yuba village","LSADC":"47"}},{"type":"Feature","geometry":{"type":"Polygon","coordinates":[[[-90.80789300026886,43.08965200023735],[-90.78889000012103,43.093547999672495],[-90.79109899962549,43.098006999991604],[-90.80789300026886,43.08965200023735]]]},"properties":{"NAME":"Woodman village","LSADC":"47"}},{"type":"Feature","geometry":{"type":"Polygon","coordinates":[[[-91.23280799999556,43.560061999859045],[-91.2317900003695,43.55326700026748],[-91.22648600018236,43.572191999937736],[-91.21722100002246,43.58069999969744],[-91.22746199997562,43.58298400024946],[-91.23280799999556,43.560061999859045]]]},"properties":{"NAME":"Genoa village","LSADC":"47"}},{"type":"Feature","geometry":{"type":"Polygon","coordinates":[[[-90.14904099980289,43.541124999789],[-90.13866400030561,43.54061399974172],[-90.1388740003679,43.551679999733985],[-90.14901400003872,43.54867499984581],[-90.14904099980289,43.541124999789]]]},"properties":{"NAME":"Ironton village","LSADC":"47"}},{"type":"Feature","geometry":{"type":"Polygon","coordinates":[[[-90.137952000103,43.58638500013797],[-90.13792600016372,43.57665099997135],[-90.1231190001653,43.57938499973669],[-90.12308599965502,43.58752400011761],[-90.137952000103,43.58638500013797]]]},"properties":{"NAME":"La Valle village","LSADC":"47"}},{"type":"Feature","geometry":{"type":"Polygon","coordinates":[[[-90.321526999902,45.077000999791686],[-90.31595400010134,45.07054799969129],[-90.30455499988172,45.07340499991329],[-90.30423699986441,45.068153999802355],[-90.30844899990734,45.08057500003229],[-90.31977600015692,45.08416599971828],[-90.321526999902,45.077000999791686]]]},"properties":{"NAME":"Stetsonville village","LSADC":"47"}},{"type":"Feature","geometry":{"type":"Polygon","coordinates":[[[-91.22543199967296,45.76752900022375],[-91.21512799997063,45.7595809997945],[-91.20986499979136,45.77253899984985],[-91.22420999983242,45.773258000071344],[-91.22543199967296,45.76752900022375]]]},"properties":{"NAME":"Radisson village","LSADC":"47"}},{"type":"Feature","geometry":{"type":"Polygon","coordinates":[[[-90.53309999967198,43.33450599970276],[-90.5263629997571,43.32097900024395],[-90.52937800007382,43.324934000100185],[-90.52111499964643,43.33279599975786],[-90.53309999967198,43.33450599970276]]]},"properties":{"NAME":"Boaz village","LSADC":"47"}},{"type":"Feature","geometry":{"type":"Polygon","coordinates":[[[-90.97733300008909,42.9454259998929],[-90.97717800027837,42.93482699992163],[-90.96725500034253,42.934722999816806],[-90.96750899988743,42.94542099973456],[-90.97733300008909,42.9454259998929]]]},"properties":{"NAME":"Patch Grove village","LSADC":"47"}},{"type":"Feature","geometry":{"type":"Polygon","coordinates":[[[-89.14660399973407,43.74870900008077],[-89.14143500016444,43.74165600016868],[-89.12793100019744,43.74539999998183],[-89.14660399973407,43.74870900008077]]]},"properties":{"NAME":"Marquette village","LSADC":"47"}},{"type":"Feature","geometry":{"type":"MultiPolygon","coordinates":[[[[-88.73494299972911,43.31015800014508],[-88.71530199989684,43.306674000172144],[-88.71505699967443,43.313935999853726],[-88.72007600035455,43.31759200022413],[-88.73494299972911,43.31015800014508]]],[[[-88.71130400011415,43.31552600005037],[-88.71130400011415,43.31552600005037]]]]},"properties":{"NAME":"Clyman village","LSADC":"47"}},{"type":"Feature","geometry":{"type":"Polygon","coordinates":[[[-90.79139699955132,43.8031859999735],[-90.79135800009159,43.79777199996794],[-90.7748210002645,43.798333999885614],[-90.77214900007944,43.80632900002125],[-90.78120900019992,43.80901999975671],[-90.79139699955132,43.8031859999735]]]},"properties":{"NAME":"Melvina village","LSADC":"47"}},{"type":"Feature","geometry":{"type":"Polygon","coordinates":[[[-89.02435599982834,44.61683500012961],[-89.02438099994271,44.61172499971304],[-89.0115039997895,44.61193300013658],[-89.00664099964331,44.62273299976745],[-89.02192999969057,44.622575000113926],[-89.02435599982834,44.61683500012961]]]},"properties":{"NAME":"Big Falls village","LSADC":"47"}},{"type":"Feature","geometry":{"type":"Polygon","coordinates":[[[-90.694322000169,42.69484500014289],[-90.69185099982538,42.685742000164716],[-90.67981499974621,42.68392700022857],[-90.68085300036206,42.695226999863735],[-90.694322000169,42.69484500014289]]]},"properties":{"NAME":"Tennyson village","LSADC":"47"}},{"type":"Feature","geometry":{"type":"Polygon","coordinates":[[[-91.90226999958729,45.204074000217936],[-91.90132599958109,45.193275000266595],[-91.89616700005722,45.19329799991004],[-91.88829299979227,45.208486999953884],[-91.90226999958729,45.204074000217936]]]},"properties":{"NAME":"Ridgeland village","LSADC":"47"}},{"type":"Feature","geometry":{"type":"Polygon","coordinates":[[[-91.21794499992063,44.418136999747226],[-91.19987900010634,44.422504999694745],[-91.19848900003628,44.42818399983471],[-91.2149780001828,44.42961300017081],[-91.21086200039933,44.42688599975006],[-91.21794499992063,44.418136999747226]]]},"properties":{"NAME":"Pigeon Falls village","LSADC":"47"}},{"type":"Feature","geometry":{"type":"Polygon","coordinates":[[[-90.46667199998113,44.59644400009701],[-90.46640400019254,44.580869999786856],[-90.45380300022386,44.58148999989386],[-90.4565039998229,44.596454999741354],[-90.46667199998113,44.59644400009701]]]},"properties":{"NAME":"Granton village","LSADC":"47"}},{"type":"Feature","geometry":{"type":"Polygon","coordinates":[[[-90.03551300025904,42.58062800003412],[-90.01563800007504,42.57393499979835],[-90.0241960000552,42.587773000067635],[-90.03551300025904,42.58062800003412]]]},"properties":{"NAME":"Gratiot village","LSADC":"47"}},{"type":"Feature","geometry":{"type":"Polygon","coordinates":[[[-87.81235799985049,44.2260870000837],[-87.80427400042157,44.21835599971829],[-87.79199399994495,44.22194200000412],[-87.79953400029905,44.232838999767495],[-87.81235799985049,44.2260870000837]]]},"properties":{"NAME":"Kellnersville village","LSADC":"47"}},{"type":"Feature","geometry":{"type":"Polygon","coordinates":[[[-87.95592799991168,43.6158439997834],[-87.94137700000628,43.61310899984996],[-87.94135000024211,43.623127000244494],[-87.9459389998536,43.62304799972453],[-87.94173299965844,43.630710999838854],[-87.95548199984782,43.626427999764175],[-87.95592799991168,43.6158439997834]]]},"properties":{"NAME":"Adell village","LSADC":"47"}},{"type":"Feature","geometry":{"type":"Polygon","coordinates":[[[-89.86876499981705,42.80952299973171],[-89.8629459999691,42.802913000015884],[-89.85301999966022,42.80399099974672],[-89.8608970002982,42.82095200001619],[-89.86876499981705,42.80952299973171]],[[-89.86817200033845,42.809507999791705],[-89.86817200033845,42.809507999791705]],[[-89.85690199999024,42.80697500005483],[-89.85690199999024,42.80697500005483]]]},"properties":{"NAME":"Blanchardville village","LSADC":"47"}},{"type":"Feature","geometry":{"type":"Polygon","coordinates":[[[-88.11138599991399,44.12421899986991],[-88.10880900016349,44.11699000009653],[-88.08581400008077,44.11679900010233],[-88.08964899965683,44.123431000075776],[-88.11138599991399,44.12421899986991]]]},"properties":{"NAME":"Potter village","LSADC":"47"}},{"type":"Feature","geometry":{"type":"Polygon","coordinates":[[[-88.52586100039422,43.30319200032001],[-88.51354499993258,43.30272100002974],[-88.51841700029958,43.306356999795696],[-88.50951199998978,43.30876900023779],[-88.5134629999168,43.31544899975389],[-88.52529200030673,43.318509000311785],[-88.52586100039422,43.30319200032001]]]},"properties":{"NAME":"Neosho village","LSADC":"47"}},{"type":"Feature","geometry":{"type":"Polygon","coordinates":[[[-87.4875410002188,44.691627000209536],[-87.48196400022017,44.68266999988048],[-87.4715600000604,44.682811999684944],[-87.4761350003265,44.686846999889006],[-87.47096599985856,44.69717800000073],[-87.4875410002188,44.691627000209536]]]},"properties":{"NAME":"Forestville village","LSADC":"47"}},{"type":"Feature","geometry":{"type":"Polygon","coordinates":[[[-87.84686699978056,44.14404000003455],[-87.81659900020576,44.14211600008252],[-87.81660900025149,44.14936299975562],[-87.84686699978056,44.14404000003455]]]},"properties":{"NAME":"Whitelaw village","LSADC":"47"}},{"type":"Feature","geometry":{"type":"Polygon","coordinates":[[[-90.40296699963066,42.84598800017029],[-90.40278000003292,42.835029000319274],[-90.39283899965541,42.835045999954325],[-90.39299699983914,42.84233000019303],[-90.38808199981445,42.84234500007504],[-90.38820700038622,42.849644000083615],[-90.40296699963066,42.84598800017029]]]},"properties":{"NAME":"Rewey village","LSADC":"47"}},{"type":"Feature","geometry":{"type":"Polygon","coordinates":[[[-91.04875699999549,45.3811739996944],[-91.02783300022328,45.37907800002022],[-91.0280109996002,45.3899859997028],[-91.04875699999549,45.3811739996944]]]},"properties":{"NAME":"Conrath village","LSADC":"47"}},{"type":"Feature","geometry":{"type":"Polygon","coordinates":[[[-91.78613799963045,45.60320500013665],[-91.7703359995722,45.602917999786136],[-91.77028799989162,45.61012700028582],[-91.78605300013996,45.61354200002079],[-91.78613799963045,45.60320500013665]]]},"properties":{"NAME":"Haugen village","LSADC":"47"}},{"type":"Feature","geometry":{"type":"Polygon","coordinates":[[[-88.3757200000995,43.693013999754726],[-88.35558799999754,43.68559199993959],[-88.36076099976513,43.699472999748885],[-88.37078900018126,43.69991600000799],[-88.36955599957176,43.692975999750445],[-88.3757200000995,43.693013999754726]]]},"properties":{"NAME":"Eden village","LSADC":"47"}},{"type":"Feature","geometry":{"type":"Polygon","coordinates":[[[-88.85487699965006,43.29790800016604],[-88.83709600024112,43.301842999771665],[-88.84119600013103,43.31034599970545],[-88.83607799971674,43.314543000201226],[-88.84819699963658,43.314652999900666],[-88.85487699965006,43.29790800016604]]]},"properties":{"NAME":"Reeseville village","LSADC":"47"}},{"type":"Feature","geometry":{"type":"Polygon","coordinates":[[[-88.50625399999882,43.61987399971814],[-88.49991299991903,43.616230999831544],[-88.5052539999161,43.610212999818096],[-88.49966000019906,43.60899699994193],[-88.48198400037208,43.61644699997032],[-88.50625399999882,43.61987399971814]]]},"properties":{"NAME":"Brownsville village","LSADC":"47"}},{"type":"Feature","geometry":{"type":"MultiPolygon","coordinates":[[[[-92.46174899968135,44.588463000193],[-92.45639099996585,44.578082000246965],[-92.44304799965732,44.58532600013107],[-92.45139200027555,44.59345599971549],[-92.46174899968135,44.588463000193]]],[[[-92.47691600042819,44.596469000041694],[-92.47180600040981,44.59389100026667],[-92.47691600042819,44.596469000041694]]],[[[-92.47695099968999,44.587037999707924],[-92.46944999969394,44.58682399995915],[-92.47695099968999,44.587037999707924]]]]},"properties":{"NAME":"Bay City village","LSADC":"47"}},{"type":"Feature","geometry":{"type":"MultiPolygon","coordinates":[[[[-90.39789400032052,44.032281000233525],[-90.39780599955866,44.025082000115184],[-90.37768900042363,44.0243430002185],[-90.37775999967043,44.03155299978976],[-90.39789400032052,44.032281000233525]]],[[[-90.37722400009322,44.02531099987678],[-90.36764900031191,44.02387600028753],[-90.37722400009322,44.02531099987678]]]]},"properties":{"NAME":"Wyeville village","LSADC":"47"}},{"type":"Feature","geometry":{"type":"Polygon","coordinates":[[[-90.4409160000249,42.97695600022208],[-90.43834500012217,42.962417000240734],[-90.42847200041504,42.962418000127805],[-90.42855400043082,42.976956999872776],[-90.4409160000249,42.97695600022208]]]},"properties":{"NAME":"Montfort village","LSADC":"47"}},{"type":"Feature","geometry":{"type":"Polygon","coordinates":[[[-90.902384000228,45.495811999887856],[-90.88925000015685,45.49087599975744],[-90.88418000032145,45.50188099989513],[-90.90212599958683,45.501707999911936],[-90.902384000228,45.495811999887856]]]},"properties":{"NAME":"Glen Flora village","LSADC":"47"}},{"type":"Feature","geometry":{"type":"Polygon","coordinates":[[[-91.47991499989267,44.57672799980916],[-91.46754300025285,44.56713500014143],[-91.4602749998853,44.583262999811474],[-91.47826700007975,44.58158999974595],[-91.47991499989267,44.57672799980916]]]},"properties":{"NAME":"Eleva village","LSADC":"47"}},{"type":"Feature","geometry":{"type":"Polygon","coordinates":[[[-90.44442300043622,44.95861700023631],[-90.43938799986257,44.944154999785034],[-90.4342059998742,44.94910799982944],[-90.42692599981108,44.94440600015874],[-90.42804100041984,44.95864200023877],[-90.44442300043622,44.95861700023631]]]},"properties":{"NAME":"Curtiss village","LSADC":"47"}},{"type":"Feature","geometry":{"type":"Polygon","coordinates":[[[-88.05606199999168,43.79687100003364],[-88.04617300039102,43.78989800018129],[-88.04110500020542,43.79729600022737],[-88.02623899975747,43.795066000010316],[-88.02628599961314,43.80028100032048],[-88.04110500020542,43.79735600031636],[-88.04105199960367,43.80451499984146],[-88.0560920001289,43.804592999727376],[-88.05606199999168,43.79687100003364]]]},"properties":{"NAME":"Glenbeulah village","LSADC":"47"}},{"type":"Feature","geometry":{"type":"Polygon","coordinates":[[[-90.27949100003661,43.879492999704546],[-90.2618679999131,43.87457900029751],[-90.26170100040682,43.86913700018445],[-90.25384700023338,43.872722999794625],[-90.25634500034116,43.88177200010774],[-90.27949100003661,43.879492999704546]]]},"properties":{"NAME":"Hustler village","LSADC":"47"}},{"type":"Feature","geometry":{"type":"Polygon","coordinates":[[[-90.9667520003773,45.31372499984813],[-90.96134100006003,45.304639000188786],[-90.9458500003464,45.30640000013771],[-90.95641799963938,45.3209869997239],[-90.96509699999339,45.32109199968429],[-90.9615000000687,45.3136900001754],[-90.9667520003773,45.31372499984813]]]},"properties":{"NAME":"Sheldon village","LSADC":"47"}},{"type":"Feature","geometry":{"type":"Polygon","coordinates":[[[-88.54199999983805,43.40312200024751],[-88.53685499965955,43.39225300014442],[-88.5222059998449,43.392149999745726],[-88.52715100000684,43.40478699985829],[-88.54199999983805,43.40312200024751]]]},"properties":{"NAME":"Iron Ridge village","LSADC":"47"}},{"type":"Feature","geometry":{"type":"MultiPolygon","coordinates":[[[[-90.92510800014907,43.900864999708716],[-90.91008699989041,43.90225100020051],[-90.91508200028107,43.905297000056116],[-90.905129000208,43.91066499970533],[-90.91382399955718,43.91654300018241],[-90.91508399993089,43.90939600019735],[-90.92510599960093,43.90806500027172],[-90.92510800014907,43.900864999708716]]],[[[-90.93013399960356,43.91317299968292],[-90.91960499977031,43.9137890001992],[-90.93013399960356,43.91317299968292]]]]},"properties":{"NAME":"Rockland village","LSADC":"47"}},{"type":"Feature","geometry":{"type":"Polygon","coordinates":[[[-87.63053200014674,44.55968699969207],[-87.62289800008129,44.55600499977467],[-87.62283799980686,44.54626000003749],[-87.60798800015074,44.555955000275524],[-87.62276800038497,44.56326899976055],[-87.63053200014674,44.55968699969207]]]},"properties":{"NAME":"Casco village","LSADC":"47"}},{"type":"Feature","geometry":{"type":"MultiPolygon","coordinates":[[[[-89.47829200007327,43.72587400014575],[-89.47030999985327,43.718579999789874],[-89.47503800028025,43.71862000013947],[-89.47562999993394,43.70769800023158],[-89.46077000023209,43.707626000096596],[-89.45839599997286,43.715700999780076],[-89.47829200007327,43.72587400014575]]],[[[-89.47638300014445,43.71852499975251],[-89.47638300014445,43.71852499975251]]]]},"properties":{"NAME":"Endeavor village","LSADC":"47"}},{"type":"Feature","geometry":{"type":"Polygon","coordinates":[[[-91.22743100001348,43.65053000023082],[-91.22498700033236,43.64714800026099],[-91.22260700022537,43.65624100018252],[-91.2088959996708,43.65837999999789],[-91.2132740002934,43.67392600018743],[-91.22419599958873,43.66933899995298],[-91.22743100001348,43.65053000023082]],[[-91.22664799966574,43.651002000202766],[-91.22664799966574,43.651002000202766]]]},"properties":{"NAME":"Stoddard village","LSADC":"47"}},{"type":"Feature","geometry":{"type":"Polygon","coordinates":[[[-89.87692100011431,42.702116000269534],[-89.87680499976335,42.69758800031487],[-89.85956499995447,42.69585400015201],[-89.85231000000572,42.704900999731116],[-89.87027399971278,42.708104000096],[-89.87692100011431,42.702116000269534]]]},"properties":{"NAME":"Argyle village","LSADC":"47"}},{"type":"Feature","geometry":{"type":"Polygon","coordinates":[[[-91.07179700028405,46.432512000251286],[-91.051305000332,46.429771999892814],[-91.05076800003155,46.44195399984626],[-91.0605920002332,46.44241900018219],[-91.05603299986062,46.4495919999341],[-91.06129199984194,46.43884699970853],[-91.07171400044338,46.43888999984077],[-91.07179700028405,46.432512000251286]]]},"properties":{"NAME":"Mason village","LSADC":"47"}},{"type":"Feature","geometry":{"type":"Polygon","coordinates":[[[-90.37766900033215,43.7901510000402],[-90.35767600014736,43.787751999918775],[-90.35757099966705,43.79860500011548],[-90.37540399985286,43.79852100004406],[-90.37766900033215,43.7901510000402]]]},"properties":{"NAME":"Kendall village","LSADC":"47"}},{"type":"Feature","geometry":{"type":"Polygon","coordinates":[[[-91.10807000037798,42.89784499979286],[-91.08304699964243,42.89592299993453],[-91.09096799976304,42.90817800023917],[-91.10579900005092,42.90814399977506],[-91.10807000037798,42.89784499979286]]]},"properties":{"NAME":"Bagley village","LSADC":"47"}},{"type":"Feature","geometry":{"type":"Polygon","coordinates":[[[-88.46458399983133,43.50878299991839],[-88.4485790002818,43.51110700029582],[-88.44548299977421,43.52554699990425],[-88.45658800026595,43.52192199998067],[-88.456844000359,43.52658200012839],[-88.46458399983133,43.50878299991839]]]},"properties":{"NAME":"Theresa village","LSADC":"47"}},{"type":"Feature","geometry":{"type":"Polygon","coordinates":[[[-91.27842300024227,44.17516100024195],[-91.27444200017803,44.16486499981781],[-91.25248300016301,44.16169100022017],[-91.25239600012438,44.17096199980347],[-91.27842300024227,44.17516100024195]]]},"properties":{"NAME":"Ettrick village","LSADC":"47"}},{"type":"Feature","geometry":{"type":"Polygon","coordinates":[[[-88.79157300005589,43.738610999986825],[-88.78516199965593,43.7277049997289],[-88.77210299992784,43.72763699969278],[-88.77522799984943,43.74219400014846],[-88.79157300005589,43.738610999986825]]]},"properties":{"NAME":"Brandon village","LSADC":"47"}},{"type":"Feature","geometry":{"type":"Polygon","coordinates":[[[-91.84832499986437,44.230485000187784],[-91.84844299986514,44.22321799996378],[-91.83329899958282,44.219386000238444],[-91.82305000013206,44.22680299988988],[-91.8462500002542,44.239090999928415],[-91.84832499986437,44.230485000187784]]]},"properties":{"NAME":"Cochrane village","LSADC":"47"}},{"type":"Feature","geometry":{"type":"Polygon","coordinates":[[[-90.3926760003471,43.96293899985546],[-90.38438600015556,43.9529670000818],[-90.36741900015814,43.96010899981788],[-90.3724150003737,43.96581000029059],[-90.36747600005955,43.96916500023691],[-90.3926760003471,43.96293899985546]]]},"properties":{"NAME":"Oakdale village","LSADC":"47"}},{"type":"Feature","geometry":{"type":"Polygon","coordinates":[[[-92.16579500038412,44.44557500019889],[-92.15004000018155,44.43622300002074],[-92.13555799987313,44.43603300022941],[-92.13559600040628,44.44611800016815],[-92.16579500038412,44.44557500019889]]]},"properties":{"NAME":"Pepin village","LSADC":"47"}},{"type":"Feature","geometry":{"type":"Polygon","coordinates":[[[-88.8755639995958,43.74967800017073],[-88.87550599986947,43.73515599988038],[-88.86050100040265,43.73509599968055],[-88.8605470004334,43.74960099997657],[-88.8755639995958,43.74967800017073]]]},"properties":{"NAME":"Fairwater village","LSADC":"47"}},{"type":"Feature","geometry":{"type":"MultiPolygon","coordinates":[[[[-89.38321299976005,43.11532499993402],[-89.36400799994587,43.10292600011244],[-89.3736549996972,43.124140000139434],[-89.38321299976005,43.11532499993402]]],[[[-89.3706639996699,43.09767699967897],[-89.3653069997793,43.10156200011687],[-89.3706639996699,43.09767699967897]]]]},"properties":{"NAME":"Maple Bluff village","LSADC":"47"}},{"type":"Feature","geometry":{"type":"Polygon","coordinates":[[[-91.13069899986449,44.31655999987003],[-91.11056099991475,44.31641799995419],[-91.11028599955513,44.32671700001002],[-91.13044100012164,44.32675700019552],[-91.13069899986449,44.31655999987003]]]},"properties":{"NAME":"Taylor village","LSADC":"47"}},{"type":"Feature","geometry":{"type":"Polygon","coordinates":[[[-89.94708600037022,42.88000500005682],[-89.94197700017676,42.87177099978506],[-89.92691800028327,42.87179999968772],[-89.92196100042575,42.86446099982332],[-89.92706800007107,42.879059999961115],[-89.94209099997957,42.88459800026619],[-89.94708600037022,42.88000500005682]]]},"properties":{"NAME":"Hollandale village","LSADC":"47"}},{"type":"Feature","geometry":{"type":"MultiPolygon","coordinates":[[[[-89.64255800030101,43.36943600012436],[-89.6412350001781,43.36287400016014],[-89.60269300030527,43.37878800010888],[-89.61663999996306,43.378741000182615],[-89.61071300016008,43.386615999836174],[-89.62059500008804,43.37862499997251],[-89.64050600025706,43.380460999815895],[-89.64255800030101,43.36943600012436]]],[[[-89.6503019999713,43.37789200028441],[-89.64584600042922,43.379984999899136],[-89.6503019999713,43.37789200028441]]]]},"properties":{"NAME":"Merrimac village","LSADC":"47"}},{"type":"Feature","geometry":{"type":"Polygon","coordinates":[[[-89.88746300036634,42.56785100002468],[-89.88740599956662,42.561887999955026],[-89.87251599972753,42.56187499982345],[-89.8627350000819,42.56433700029152],[-89.86274299957951,42.57304100019277],[-89.88749699980322,42.572953999904335],[-89.88746300036634,42.56785100002468]]]},"properties":{"NAME":"South Wayne village","LSADC":"47"}},{"type":"Feature","geometry":{"type":"Polygon","coordinates":[[[-88.01551699958036,43.65621999976194],[-88.00029600020348,43.652722999743844],[-87.99626499991051,43.66399099982783],[-88.01519799973812,43.66717299987503],[-88.01551699958036,43.65621999976194]]]},"properties":{"NAME":"Cascade village","LSADC":"47"}},{"type":"Feature","geometry":{"type":"Polygon","coordinates":[[[-90.3969419999184,42.569697000005654],[-90.38468200043157,42.56158199990572],[-90.37097300042514,42.56575799976865],[-90.37236599996992,42.57255700005118],[-90.38217400027803,42.57250999971291],[-90.3821099998056,42.57976700014834],[-90.38963300044128,42.57977300026934],[-90.38740800014496,42.57377000032712],[-90.3969419999184,42.569697000005654]]]},"properties":{"NAME":"Benton village","LSADC":"47"}},{"type":"Feature","geometry":{"type":"Polygon","coordinates":[[[-90.27089000039875,43.68824199972791],[-90.27079199959114,43.67175899997989],[-90.265895999833,43.6775149999812],[-90.25613500027886,43.67403199977902],[-90.25622599961716,43.69203299969156],[-90.27089000039875,43.68824199972791]]]},"properties":{"NAME":"Union Center village","LSADC":"47"}},{"type":"Feature","geometry":{"type":"Polygon","coordinates":[[[-89.75770500024376,43.123724999807756],[-89.74436600013318,43.120739000207195],[-89.73935499984901,43.14429600014718],[-89.75413099988528,43.14423800012743],[-89.7488090001548,43.12873500021639],[-89.75770500024376,43.123724999807756]]]},"properties":{"NAME":"Black Earth village","LSADC":"47"}},{"type":"Feature","geometry":{"type":"MultiPolygon","coordinates":[[[[-91.1081719995869,43.65557899985627],[-91.10432199994223,43.64824699989305],[-91.09438300011287,43.64817600025702],[-91.08950499989808,43.65782700010687],[-91.09469399955917,43.66360999994234],[-91.08472100029293,43.673544999686506],[-91.09970599966827,43.67004300025467],[-91.09962100017776,43.65788099972826],[-91.1081719995869,43.65557899985627]]],[[[-91.10294699994081,43.66134499982589],[-91.10294699994081,43.66134499982589]]]]},"properties":{"NAME":"Chaseburg village","LSADC":"47"}},{"type":"Feature","geometry":{"type":"Polygon","coordinates":[[[-91.9203849998054,45.04651999976908],[-91.91013899982937,45.038120999745985],[-91.89485200033025,45.0381089998246],[-91.89484599958415,45.04345499998273],[-91.88550900035254,45.04531600006505],[-91.8875349995589,45.05146499995948],[-91.9203849998054,45.04651999976908]]]},"properties":{"NAME":"Wheeler village","LSADC":"47"}},{"type":"Feature","geometry":{"type":"Polygon","coordinates":[[[-90.60966700010704,44.947362000232815],[-90.59277000042984,44.94114400019461],[-90.59275700001105,44.96228599975206],[-90.59969899996536,44.96366300028394],[-90.6029629998041,44.94965600002775],[-90.60966700010704,44.947362000232815]]]},"properties":{"NAME":"Withee village","LSADC":"47"}},{"type":"Feature","geometry":{"type":"Polygon","coordinates":[[[-89.86986600018209,43.46779200002938],[-89.8697880003643,43.45207400013806],[-89.84686000022873,43.45305000024337],[-89.84695499976495,43.461092000054734],[-89.86986600018209,43.46779200002938]]]},"properties":{"NAME":"North Freedom village","LSADC":"47"}},{"type":"Feature","geometry":{"type":"Polygon","coordinates":[[[-90.045323000217,44.54338200019863],[-90.04004300031929,44.53348700019719],[-90.01982400017872,44.53350100029157],[-90.02515199975697,44.54795100023362],[-90.045323000217,44.54338200019863]]]},"properties":{"NAME":"Arpin village","LSADC":"47"}},{"type":"Feature","geometry":{"type":"Polygon","coordinates":[[[-90.28293800017347,42.92500500015838],[-90.28281000012696,42.912245000128046],[-90.2654239998299,42.912291000167805],[-90.26557000031808,42.92503700019871],[-90.28293800017347,42.92500500015838]]]},"properties":{"NAME":"Linden village","LSADC":"47"}},{"type":"Feature","geometry":{"type":"Polygon","coordinates":[[[-91.00475199992684,44.13259799968532],[-91.00378700000424,44.12174699969942],[-90.99348300030188,44.12161199996711],[-90.99356899961728,44.12877599977438],[-90.98855499985838,44.128809000105875],[-90.99232099983746,44.131098000085906],[-90.98360300002373,44.134281000226174],[-91.00390900020297,44.13983299967893],[-91.00475199992684,44.13259799968532]]]},"properties":{"NAME":"Melrose village","LSADC":"47"}},{"type":"Feature","geometry":{"type":"Polygon","coordinates":[[[-89.46362499981693,43.07815100020468],[-89.42877899960297,43.07336700004105],[-89.44597599975414,43.087189999689784],[-89.46362499981693,43.07815100020468]]]},"properties":{"NAME":"Shorewood Hills village","LSADC":"47"}},{"type":"Feature","geometry":{"type":"Polygon","coordinates":[[[-87.93272799978953,44.015275999922004],[-87.92909900007778,43.99639799970027],[-87.91202499995026,44.00441599982543],[-87.92239800014791,44.01525999975576],[-87.93272799978953,44.015275999922004]]]},"properties":{"NAME":"St. Nazianz village","LSADC":"47"}},{"type":"Feature","geometry":{"type":"Polygon","coordinates":[[[-88.077277000017,43.104738000073134],[-88.07629500037598,43.09662699997131],[-88.06614399993617,43.09828899989897],[-88.0655759996736,43.11909499988068],[-88.0770999995667,43.11918400017139],[-88.077277000017,43.104738000073134]]]},"properties":{"NAME":"Butler village","LSADC":"47"}},{"type":"Feature","geometry":{"type":"Polygon","coordinates":[[[-91.02361500033257,45.819736000014885],[-91.00827600005658,45.81219000029512],[-91.0026870003624,45.83045800010999],[-91.02345700014882,45.82703999989725],[-91.02361500033257,45.819736000014885]]]},"properties":{"NAME":"Winter village","LSADC":"47"}},{"type":"Feature","geometry":{"type":"MultiPolygon","coordinates":[[[[-88.04413100039281,45.09783500004212],[-88.038668000197,45.086922999690984],[-88.02348200008191,45.090398000069],[-88.02896299982106,45.10865199982186],[-88.04413100039281,45.09783500004212]]],[[[-88.02751800039773,45.10890300015811],[-88.02088500023993,45.10972900011487],[-88.02751800039773,45.10890300015811]]]]},"properties":{"NAME":"Pound village","LSADC":"47"}},{"type":"Feature","geometry":{"type":"Polygon","coordinates":[[[-90.20888599956463,43.525870000056074],[-90.20688299992449,43.516867999843676],[-90.1920149998267,43.51114800016523],[-90.1921760003835,43.53286799990626],[-90.20805500043463,43.533017000206975],[-90.20888599956463,43.525870000056074]]]},"properties":{"NAME":"Cazenovia village","LSADC":"47"}},{"type":"Feature","geometry":{"type":"Polygon","coordinates":[[[-92.40072200026204,45.194473999786986],[-92.4002760001982,45.18366400010094],[-92.38024299983043,45.18345899977234],[-92.37843500018396,45.17468499987793],[-92.37566099989165,45.19426200016635],[-92.40072200026204,45.194473999786986]]]},"properties":{"NAME":"Deer Park village","LSADC":"47"}},{"type":"Feature","geometry":{"type":"Polygon","coordinates":[[[-90.54300599988937,43.81295699995746],[-90.5429029999572,43.80868100007551],[-90.51804900017441,43.80486299974302],[-90.51310999986025,43.808781000150944],[-90.51864599985097,43.82004600027118],[-90.53361299968296,43.822436000249134],[-90.5331089998928,43.81301099988676],[-90.54300599988937,43.81295699995746]]]},"properties":{"NAME":"Wilton village","LSADC":"47"}},{"type":"Feature","geometry":{"type":"Polygon","coordinates":[[[-90.05145699970922,43.278794999741635],[-90.04882600043035,43.26714299985628],[-90.03903499984067,43.26780699999408],[-90.03280300043917,43.27538899997991],[-90.03593500003343,43.282239000150476],[-90.02930500024868,43.28461600013934],[-90.04900899983012,43.285916999948334],[-90.05145699970922,43.278794999741635]]]},"properties":{"NAME":"Plain village","LSADC":"47"}},{"type":"Feature","geometry":{"type":"Polygon","coordinates":[[[-90.58208699971249,43.19099499978907],[-90.58207400019202,43.178402000124066],[-90.56212799986288,43.17649200026382],[-90.56218899996226,43.19100099969687],[-90.58208699971249,43.19099499978907]]]},"properties":{"NAME":"Blue River village","LSADC":"47"}},{"type":"Feature","geometry":{"type":"Polygon","coordinates":[[[-89.83792899997965,43.96904899976939],[-89.80781399966739,43.96681900029305],[-89.80634300030482,43.977890000087406],[-89.832384999593,43.976758000050054],[-89.83060799990868,43.969024999889555],[-89.83792899997965,43.96904899976939]]]},"properties":{"NAME":"Friendship village","LSADC":"47"}},{"type":"Feature","geometry":{"type":"Polygon","coordinates":[[[-88.48176300043914,44.56476599985002],[-88.45844899961588,44.559797000311455],[-88.4582169998123,44.5741719998344],[-88.47607799958719,44.573903999924966],[-88.48176300043914,44.56476599985002]]]},"properties":{"NAME":"Nichols village","LSADC":"47"}},{"type":"Feature","geometry":{"type":"Polygon","coordinates":[[[-89.8379950001019,43.01791100024414],[-89.83587299973775,43.01152400013046],[-89.83502900018897,43.01720900030794],[-89.82504400032884,43.01333299973004],[-89.83434100027578,43.007251999721724],[-89.81707899982729,43.01387600010086],[-89.82421499995037,43.02811500007867],[-89.8379950001019,43.01791100024414]]]},"properties":{"NAME":"Blue Mounds village","LSADC":"47"}},{"type":"Feature","geometry":{"type":"Polygon","coordinates":[[[-89.58280700025061,43.78343699967684],[-89.57821799974082,43.77413100020915],[-89.54352100038808,43.77691799992652],[-89.55353899986018,43.785001999991955],[-89.58280700025061,43.78343699967684]]]},"properties":{"NAME":"Oxford village","LSADC":"47"}},{"type":"Feature","geometry":{"type":"MultiPolygon","coordinates":[[[[-90.34483800035221,42.736830000294276],[-90.33784500034429,42.72644500005795],[-90.32270699990974,42.733891000249955],[-90.32461400018873,42.7442630002753],[-90.3426830003761,42.74273299996126],[-90.33809200021648,42.741018000292016],[-90.34483800035221,42.736830000294276]]],[[[-90.34532000040105,42.74615299983352],[-90.3375859998782,42.74639199993901],[-90.34532000040105,42.74615299983352]]]]},"properties":{"NAME":"Belmont village","LSADC":"47"}},{"type":"Feature","geometry":{"type":"Polygon","coordinates":[[[-89.15641200004217,44.468017000045386],[-89.15620600017785,44.45353200009734],[-89.13602399984717,44.4535839996806],[-89.13551900023211,44.46802999976581],[-89.15641200004217,44.468017000045386]]]},"properties":{"NAME":"Scandinavia village","LSADC":"47"}},{"type":"Feature","geometry":{"type":"Polygon","coordinates":[[[-90.83155500034835,46.806803999850764],[-90.81271399968392,46.80792800017217],[-90.80793900029961,46.81716999993828],[-90.82095899966963,46.817195000295136],[-90.82081200025486,46.82441699974475],[-90.8257659997393,46.8245370002984],[-90.83155500034835,46.806803999850764]]]},"properties":{"NAME":"Bayfield city","LSADC":"25"}},{"type":"Feature","geometry":{"type":"Polygon","coordinates":[[[-89.04195200018768,44.4536119997823],[-89.04188500024053,44.44638000009832],[-89.02134300005974,44.44610899994403],[-89.02122900025692,44.46070499990464],[-89.04181499992035,44.46090100015605],[-89.04195200018768,44.4536119997823]]]},"properties":{"NAME":"Ogdensburg village","LSADC":"47"}},{"type":"Feature","geometry":{"type":"Polygon","coordinates":[[[-87.96072599976051,43.682716999702684],[-87.96056500010204,43.67100100019541],[-87.93452299991553,43.67103499986624],[-87.9364989997915,43.68305000014871],[-87.96072599976051,43.682716999702684]]]},"properties":{"NAME":"Waldo village","LSADC":"47"}},{"type":"Feature","geometry":{"type":"Polygon","coordinates":[[[-88.55743600019842,43.686187000033726],[-88.55476300018844,43.6753679997391],[-88.53743999964058,43.675466000053376],[-88.54010799962766,43.69352000014914],[-88.55510700014503,43.69339399977234],[-88.55743600019842,43.686187000033726]]]},"properties":{"NAME":"Oakfield village","LSADC":"47"}},{"type":"Feature","geometry":{"type":"Polygon","coordinates":[[[-89.35175000010886,44.89259999970379],[-89.34666100000689,44.88166700008813],[-89.33816599977591,44.881840000247834],[-89.34053599983717,44.87811299973003],[-89.32539999995079,44.88145899985857],[-89.32533399982856,44.89230200025667],[-89.35175000010886,44.89259999970379]]]},"properties":{"NAME":"Hatley village","LSADC":"47"}},{"type":"Feature","geometry":{"type":"Polygon","coordinates":[[[-90.02468499977674,44.873098000246884],[-90.02462399967737,44.858690999917286],[-90.00447700040512,44.85846800025739],[-90.00455199984987,44.872879000206254],[-90.02468499977674,44.873098000246884]]]},"properties":{"NAME":"Fenwood village","LSADC":"47"}},{"type":"Feature","geometry":{"type":"Polygon","coordinates":[[[-91.31167799964642,45.792338000158324],[-91.2919149996154,45.790774999753076],[-91.28666099965697,45.79803700014873],[-91.29595699977902,45.80701999980672],[-91.3063259997787,45.80658300028794],[-91.31167799964642,45.792338000158324]]]},"properties":{"NAME":"Couderay village","LSADC":"47"}},{"type":"Feature","geometry":{"type":"Polygon","coordinates":[[[-91.98888700017982,45.22795599971695],[-91.97334299986443,45.226938999793546],[-91.97322599968857,45.2485210001108],[-91.9836969997955,45.24842699993251],[-91.98888700017982,45.22795599971695]]]},"properties":{"NAME":"Prairie Farm village","LSADC":"47"}},{"type":"Feature","geometry":{"type":"Polygon","coordinates":[[[-88.06084200029717,43.43987700022224],[-88.05588700008948,43.43725099994059],[-88.05947899999131,43.42393899991753],[-88.0325060002174,43.424701999797016],[-88.03953100001237,43.42934400017988],[-88.02871699977376,43.432677000033024],[-88.04099200022752,43.43242100000378],[-88.0458489996276,43.44156200010135],[-88.06084200029717,43.43987700022224]],[[-88.05710700028024,43.43809999990948],[-88.05710700028024,43.43809999990948]]]},"properties":{"NAME":"Newburg village","LSADC":"47"}},{"type":"Feature","geometry":{"type":"Polygon","coordinates":[[[-91.42430800011311,45.41869800009435],[-91.40489999990935,45.41751999978458],[-91.40473800042597,45.432135999776406],[-91.42412099961705,45.432550000093556],[-91.42430800011311,45.41869800009435]]]},"properties":{"NAME":"Weyerhaeuser village","LSADC":"47"}},{"type":"Feature","geometry":{"type":"Polygon","coordinates":[[[-92.28590800040521,44.49710900017881],[-92.25912200022906,44.47610099976472],[-92.24168999990123,44.47047999982997],[-92.2466159997966,44.481938999883354],[-92.25679800019853,44.48204599982792],[-92.2568380003815,44.48922699999722],[-92.28590800040521,44.49710900017881]]]},"properties":{"NAME":"Stockholm village","LSADC":"47"}},{"type":"Feature","geometry":{"type":"Polygon","coordinates":[[[-88.17636800035662,43.83350200031429],[-88.17611999976117,43.81549400007363],[-88.16118700026436,43.81536199981472],[-88.16131000028803,43.83353199967861],[-88.17636800035662,43.83350200031429]]]},"properties":{"NAME":"St. Cloud village","LSADC":"47"}},{"type":"Feature","geometry":{"type":"Polygon","coordinates":[[[-88.7368859999931,44.52431800024092],[-88.71820900025853,44.524026000026346],[-88.71815800020491,44.53860499986622],[-88.7368280002668,44.5386160002088],[-88.7368859999931,44.52431800024092]]]},"properties":{"NAME":"Bear Creek village","LSADC":"47"}},{"type":"Feature","geometry":{"type":"Polygon","coordinates":[[[-90.12005799981782,44.63363799986377],[-90.09836800031465,44.636844000079044],[-90.09458899991677,44.65258299972911],[-90.10477999964122,44.65269000000316],[-90.10478300001425,44.6460120001973],[-90.11495100017248,44.64427099981137],[-90.12005799981782,44.63363799986377]]]},"properties":{"NAME":"Hewitt village","LSADC":"47"}},{"type":"Feature","geometry":{"type":"Polygon","coordinates":[[[-90.34221499967263,42.96718999973153],[-90.33775099973464,42.957702999765765],[-90.3149449997978,42.963949000076845],[-90.31985300014982,42.974797000029376],[-90.34221499967263,42.96718999973153]],[[-90.33134500025585,42.963649999811345],[-90.33134500025585,42.963649999811345]],[[-90.33053500014394,42.96514300006851],[-90.33053500014394,42.96514300006851]]]},"properties":{"NAME":"Cobb village","LSADC":"47"}},{"type":"Feature","geometry":{"type":"Polygon","coordinates":[[[-89.38566099963913,43.341256000026675],[-89.37145299986541,43.32303100021872],[-89.36292900022046,43.32298699989414],[-89.36269300021888,43.33744399981865],[-89.36947799981435,43.33758199984122],[-89.37676200007543,43.34844100016094],[-89.38566099963913,43.341256000026675]]]},"properties":{"NAME":"Arlington village","LSADC":"47"}},{"type":"Feature","geometry":{"type":"MultiPolygon","coordinates":[[[[-88.38529499988081,45.00006300026588],[-88.3765710002193,44.99179199985064],[-88.36568500001067,44.99167900030708],[-88.3657159999728,44.998886000022345],[-88.35626900023803,44.99853299985545],[-88.35596100026645,45.00963499995336],[-88.38529499988081,45.00006300026588]]],[[[-88.39239300036904,44.99915300023718],[-88.38733000020632,45.001706000158656],[-88.39239300036904,44.99915300023718]]]]},"properties":{"NAME":"Suring village","LSADC":"47"}},{"type":"Feature","geometry":{"type":"Polygon","coordinates":[[[-89.31977799974634,44.50166199994513],[-89.31975199980705,44.492054000245126],[-89.30445899956182,44.480717000285516],[-89.29943499975718,44.48305699979975],[-89.29941600038892,44.497492999870346],[-89.30958600019696,44.504031000179644],[-89.31977799974634,44.50166199994513]]]},"properties":{"NAME":"Nelsonville village","LSADC":"47"}},{"type":"Feature","geometry":{"type":"Polygon","coordinates":[[[-87.98896899995388,43.225902000256774],[-87.96475399968043,43.23289500016163],[-87.9638280001159,43.23890100014772],[-87.98876999976227,43.24345300030955],[-87.98896899995388,43.225902000256774]]]},"properties":{"NAME":"Thiensville village","LSADC":"47"}},{"type":"Feature","geometry":{"type":"Polygon","coordinates":[[[-90.63696100027133,43.83481800015371],[-90.63705800035571,43.827298000226044],[-90.6163529999683,43.82913300002569],[-90.6169990000487,43.841651000190645],[-90.63686900020983,43.84174900000959],[-90.63696100027133,43.83481800015371]]]},"properties":{"NAME":"Norwalk village","LSADC":"47"}},{"type":"Feature","geometry":{"type":"Polygon","coordinates":[[[-91.0199489999126,42.728069999713135],[-90.98314000024146,42.70539200002007],[-90.95816799955955,42.7021259997503],[-90.9826990002005,42.713539000145076],[-90.98266200039058,42.72072999992067],[-90.99783199971384,42.71810900025983],[-91.0199489999126,42.728069999713135]]]},"properties":{"NAME":"Cassville village","LSADC":"47"}},{"type":"Feature","geometry":{"type":"Polygon","coordinates":[[[-88.99333199966998,44.87034300002811],[-88.9916510002451,44.85578399987831],[-88.97123600028593,44.85569399999349],[-88.97135500011163,44.87013800010599],[-88.99333199966998,44.87034300002811]]]},"properties":{"NAME":"Bowler village","LSADC":"47"}},{"type":"Feature","geometry":{"type":"Polygon","coordinates":[[[-90.44744500042565,42.902015999912805],[-90.44235899979839,42.892823000121275],[-90.42334899997788,42.89279299986706],[-90.42350399978858,42.90733699991572],[-90.4425639998378,42.90747800010005],[-90.44744500042565,42.902015999912805]]]},"properties":{"NAME":"Livingston village","LSADC":"47"}},{"type":"Feature","geometry":{"type":"Polygon","coordinates":[[[-90.28670199960443,43.92351999971209],[-90.27181699978821,43.91250099978988],[-90.26175999995806,43.91692899992349],[-90.25194400015235,43.91253500019206],[-90.25183100017445,43.919750000154465],[-90.27161599994675,43.926860999714656],[-90.28649200044046,43.92916899983566],[-90.28162099989837,43.92639000013964],[-90.28670199960443,43.92351999971209]]]},"properties":{"NAME":"Camp Douglas village","LSADC":"47"}},{"type":"Feature","geometry":{"type":"Polygon","coordinates":[[[-90.92305500028021,44.434510000155704],[-90.9230469998843,44.42983899969673],[-90.90266700008522,44.42975900016885],[-90.90259099991722,44.444132999686936],[-90.9230050000515,44.444302000187804],[-90.92305500028021,44.434510000155704]]]},"properties":{"NAME":"Alma Center village","LSADC":"47"}},{"type":"Feature","geometry":{"type":"Polygon","coordinates":[[[-90.60702199968617,43.729610000218194],[-90.6020609996307,43.714758999923966],[-90.58221300010918,43.714824999825595],[-90.5872129996244,43.72952599993194],[-90.60702199968617,43.729610000218194]]]},"properties":{"NAME":"Ontario village","LSADC":"47"}},{"type":"Feature","geometry":{"type":"Polygon","coordinates":[[[-89.0771680002975,43.59582200022759],[-89.07704699992367,43.58119600004727],[-89.05697400027127,43.581505000208026],[-89.05706100030989,43.596071000031635],[-89.0771680002975,43.59582200022759]]]},"properties":{"NAME":"Friesland village","LSADC":"47"}},{"type":"Feature","geometry":{"type":"Polygon","coordinates":[[[-90.32626500037469,44.852401999820216],[-90.3214440000613,44.844032000005036],[-90.30450200017827,44.840429000310614],[-90.30421699977292,44.85930899987253],[-90.32101700026405,44.85909999997568],[-90.32626500037469,44.852401999820216]]]},"properties":{"NAME":"Unity village","LSADC":"47"}},{"type":"Feature","geometry":{"type":"Polygon","coordinates":[[[-90.21634599955279,43.18958800021361],[-90.20735499992759,43.18584600022924],[-90.2073480002549,43.17679600003918],[-90.19251399959397,43.17674499974506],[-90.1925289996626,43.19433799990389],[-90.21634599955279,43.18958800021361]],[[-90.20828600041332,43.18839300012378],[-90.20828600041332,43.18839300012378]],[[-90.20232899957479,43.190413000035456],[-90.20232899957479,43.190413000035456]]]},"properties":{"NAME":"Lone Rock village","LSADC":"47"}},{"type":"Feature","geometry":{"type":"MultiPolygon","coordinates":[[[[-88.82839699979563,43.329572000260555],[-88.8083850002426,43.3289100001426],[-88.80814300039324,43.343295999799714],[-88.82820599999992,43.34341400004514],[-88.82839699979563,43.329572000260555]]],[[[-88.81968499982969,43.32340000032013],[-88.81342300029095,43.32158199986588],[-88.81968499982969,43.32340000032013]]]]},"properties":{"NAME":"Lowell village","LSADC":"47"}},{"type":"Feature","geometry":{"type":"Polygon","coordinates":[[[-90.6859320004183,43.50584900009941],[-90.68503500026777,43.49865799974488],[-90.67503100014108,43.49865799974488],[-90.66310899986472,43.50236699992884],[-90.65919100044799,43.51083000027322],[-90.67081099970221,43.51523799978424],[-90.6859320004183,43.50584900009941]]]},"properties":{"NAME":"Viola village","LSADC":"47"}},{"type":"Feature","geometry":{"type":"Polygon","coordinates":[[[-89.12754399968483,43.542135999869465],[-89.12184200001275,43.52854800014404],[-89.11682099968282,43.5286849997479],[-89.117003000156,43.5398059996763],[-89.09699200042787,43.53714100017295],[-89.09447500005352,43.544537000220835],[-89.10230099973958,43.554387000188825],[-89.11205499962102,43.544413000082805],[-89.12754399968483,43.542135999869465]],[[-89.10717800012945,43.54603600019919],[-89.10717800012945,43.54603600019919]]]},"properties":{"NAME":"Cambria village","LSADC":"47"}},{"type":"Feature","geometry":{"type":"Polygon","coordinates":[[[-88.4610689999224,44.46697000018433],[-88.44116100012644,44.46667500021231],[-88.4403009997858,44.48088299981877],[-88.46010499982471,44.48102399996253],[-88.4610689999224,44.46697000018433]]]},"properties":{"NAME":"Black Creek village","LSADC":"47"}},{"type":"Feature","geometry":{"type":"Polygon","coordinates":[[[-90.64872199999088,43.57447100024888],[-90.63641899994802,43.56895599988406],[-90.62344200023571,43.57790000030617],[-90.63137800042492,43.57793299972253],[-90.63642099959785,43.588781999898686],[-90.64632799964016,43.58884899985452],[-90.64872199999088,43.57447100024888]]]},"properties":{"NAME":"La Farge village","LSADC":"47"}},{"type":"Feature","geometry":{"type":"Polygon","coordinates":[[[-90.82752800025334,45.50531800025035],[-90.80703200010332,45.4973840000042],[-90.8018559999627,45.51176200030838],[-90.82251000029648,45.51241599969325],[-90.82752800025334,45.50531800025035]]]},"properties":{"NAME":"Ingram village","LSADC":"47"}},{"type":"Feature","geometry":{"type":"Polygon","coordinates":[[[-89.86536700008399,44.599650999702156],[-89.8451200003543,44.59840400009565],[-89.84505500005697,44.612872000308656],[-89.86521899994598,44.61283700016057],[-89.86536700008399,44.599650999702156]]]},"properties":{"NAME":"Milladore village","LSADC":"47"}},{"type":"Feature","geometry":{"type":"Polygon","coordinates":[[[-90.16782300001778,43.47479200032143],[-90.16762600037428,43.46027100005413],[-90.14753699993004,43.46036499987595],[-90.14784099970365,43.47480000027665],[-90.16782300001778,43.47479200032143]]]},"properties":{"NAME":"Lime Ridge village","LSADC":"47"}},{"type":"Feature","geometry":{"type":"Polygon","coordinates":[[[-91.56113799988637,45.6670600001889],[-91.56085199965608,45.6487480003081],[-91.54047199985702,45.648434000253204],[-91.54055899989564,45.66885699981312],[-91.56113799988637,45.6670600001889]]]},"properties":{"NAME":"Birchwood village","LSADC":"47"}},{"type":"Feature","geometry":{"type":"Polygon","coordinates":[[[-88.54847599963702,43.13611499994156],[-88.53580400042155,43.133520999977456],[-88.5285079995666,43.14418400021776],[-88.5080559997975,43.13605299998568],[-88.51524100032438,43.13991399973455],[-88.5121180000526,43.14974900022057],[-88.53687499975105,43.15111499985048],[-88.53845999981476,43.14561300002325],[-88.5481710000385,43.145856999965076],[-88.54847599963702,43.13611499994156]],[[-88.5335480001631,43.14775499979756],[-88.5335480001631,43.14775499979756]]]},"properties":{"NAME":"Lac La Belle village","LSADC":"47"}},{"type":"Feature","geometry":{"type":"Polygon","coordinates":[[[-89.3199099999908,44.63385900023047],[-89.31976199985279,44.624329999983615],[-89.28962099960127,44.627902999961755],[-89.29296499980596,44.63868600000662],[-89.3199099999908,44.63385900023047]]]},"properties":{"NAME":"Rosholt village","LSADC":"47"}},{"type":"Feature","geometry":{"type":"Polygon","coordinates":[[[-92.20527899971506,44.63005500020652],[-92.20021100042777,44.622846999962604],[-92.18501199989387,44.622703999693286],[-92.18533800030711,44.64773000023719],[-92.19538599991643,44.64775199991071],[-92.19517099983126,44.62998299979628],[-92.20527899971506,44.63005500020652]]]},"properties":{"NAME":"Plum City village","LSADC":"47"}},{"type":"Feature","geometry":{"type":"Polygon","coordinates":[[[-88.06219600038222,44.94897600009031],[-88.04188199980706,44.943945999720675],[-88.03159499982314,44.950850000218516],[-88.03128500020175,44.95805800015859],[-88.06189199971028,44.95845900014672],[-88.06219600038222,44.94897600009031]]]},"properties":{"NAME":"Lena village","LSADC":"47"}},{"type":"Feature","geometry":{"type":"MultiPolygon","coordinates":[[[[-89.5323010002686,44.13550099992039],[-89.53228700002491,44.126483999755486],[-89.51732299966766,44.12277400000703],[-89.51229100036538,44.127810000072984],[-89.5194170004427,44.13235700010913],[-89.50707099984383,44.13332300023402],[-89.51219299955778,44.13367800017796],[-89.51212399996082,44.14092200006714],[-89.5322519998648,44.140994999710436],[-89.5323010002686,44.13550099992039]]],[[[-89.50203500034362,44.126707000149075],[-89.4945159999059,44.130022999719834],[-89.50203500034362,44.126707000149075]]]]},"properties":{"NAME":"Hancock village","LSADC":"47"}},{"type":"Feature","geometry":{"type":"MultiPolygon","coordinates":[[[[-89.4220919999168,44.26206600025548],[-89.41181699962846,44.25115199975242],[-89.40170700009485,44.25112800026063],[-89.40173200020921,44.25840500004712],[-89.39673000014587,44.25838399970456],[-89.40167699995762,44.26928799975022],[-89.41702399973121,44.26930900005754],[-89.41698699992129,44.26205600028702],[-89.4220919999168,44.26206600025548]]],[[[-89.40938200016816,44.249972999790415],[-89.40938200016816,44.249972999790415]]]]},"properties":{"NAME":"Almond village","LSADC":"47"}},{"type":"Feature","geometry":{"type":"Polygon","coordinates":[[[-88.89786900011553,44.26650200031126],[-88.88605200031947,44.25713900008902],[-88.86282999955772,44.25396900026677],[-88.86094599974327,44.247374000263186],[-88.85520800008617,44.26402199971753],[-88.85004899966398,44.26344400009639],[-88.89786900011553,44.26650200031126]]]},"properties":{"NAME":"Fremont village","LSADC":"47"}},{"type":"Feature","geometry":{"type":"Polygon","coordinates":[[[-89.79938100025902,42.586204000277526],[-89.79929300039547,42.571350000268964],[-89.77955499958051,42.571004999688014],[-89.77957999969486,42.58570900005796],[-89.79938100025902,42.586204000277526]]]},"properties":{"NAME":"Browntown village","LSADC":"47"}},{"type":"Feature","geometry":{"type":"Polygon","coordinates":[[[-88.25669900022262,43.833554000066854],[-88.25657600019899,43.8190330002374],[-88.23423700024237,43.82269800020497],[-88.23690400040456,43.8335390000681],[-88.25669900022262,43.833554000066854]]]},"properties":{"NAME":"Mount Calvary village","LSADC":"47"}},{"type":"Feature","geometry":{"type":"Polygon","coordinates":[[[-91.20863200008016,43.4367039999939],[-91.20033000019303,43.41934800020458],[-91.18806099958705,43.41673400015906],[-91.18344100001343,43.437019000209276],[-91.20156799992712,43.436683999893795],[-91.1962369999758,43.444289999934675],[-91.20863200008016,43.4367039999939]]]},"properties":{"NAME":"De Soto village","LSADC":"47"}},{"type":"Feature","geometry":{"type":"Polygon","coordinates":[[[-88.722657000303,44.660300000112436],[-88.69418999980365,44.65976899980816],[-88.69710200018822,44.667060000220225],[-88.6785429995561,44.67871899976577],[-88.6881099998398,44.6742740000512],[-88.70206499989351,44.67881499970502],[-88.70261200023968,44.670725000048215],[-88.71737700040532,44.6743929998449],[-88.71266300022207,44.667117000251565],[-88.722657000303,44.660300000112436]]]},"properties":{"NAME":"Embarrass village","LSADC":"47"}},{"type":"Feature","geometry":{"type":"Polygon","coordinates":[[[-89.97919099990384,44.48891799983058],[-89.97396500043281,44.47080700011264],[-89.95610700013268,44.47442900007861],[-89.96089099973781,44.48906099985401],[-89.97919099990384,44.48891799983058]]]},"properties":{"NAME":"Vesper village","LSADC":"47"}},{"type":"Feature","geometry":{"type":"Polygon","coordinates":[[[-89.93013400044144,43.168251000017875],[-89.92244599994933,43.16513199999116],[-89.92228199991781,43.15779099969066],[-89.89266299989809,43.15809000026684],[-89.89772799971065,43.16807200012564],[-89.90770099987519,43.17165699994002],[-89.93013400044144,43.168251000017875]]]},"properties":{"NAME":"Arena village","LSADC":"47"}},{"type":"Feature","geometry":{"type":"Polygon","coordinates":[[[-87.81704100007163,44.2766259998824],[-87.80949800024277,44.26914999974961],[-87.78304400032764,44.27276599978651],[-87.78327799978105,44.28000299975443],[-87.80207300041472,44.279882999979606],[-87.80203400005666,44.28717500005999],[-87.8121040003056,44.287218000056036],[-87.81704100007163,44.2766259998824]]]},"properties":{"NAME":"Maribel village","LSADC":"47"}},{"type":"Feature","geometry":{"type":"Polygon","coordinates":[[[-90.4407109999855,42.59859300018952],[-90.42150899964604,42.59475500019717],[-90.42580400042796,42.61295700023251],[-90.44067800037352,42.61310300019779],[-90.4407109999855,42.59859300018952]]]},"properties":{"NAME":"Cuba City city","LSADC":"25"}},{"type":"Feature","geometry":{"type":"Polygon","coordinates":[[[-91.03260400030796,44.37943100017105],[-91.03245100014708,44.37177600008348],[-91.02547099965963,44.37883500001702],[-91.00492099998122,44.376602000057915],[-90.99988799995575,44.382577999790946],[-91.0046790001319,44.385072000162694],[-90.99488000004462,44.38368400022465],[-90.99496200006038,44.390857000307264],[-91.02302199995565,44.38976999991226],[-91.0230050002372,44.38386100018766],[-91.03260400030796,44.37943100017105]]]},"properties":{"NAME":"Hixton village","LSADC":"47"}},{"type":"Feature","geometry":{"type":"Polygon","coordinates":[[[-91.02496500021965,43.698375000167445],[-90.99997099979643,43.695349000038696],[-90.99990999969705,43.70982200004544],[-91.02423100027573,43.70875000002424],[-91.0198510000033,43.69877599981369],[-91.02496500021965,43.698375000167445]]]},"properties":{"NAME":"Coon Valley village","LSADC":"47"}},{"type":"Feature","geometry":{"type":"Polygon","coordinates":[[[-88.62010499958285,43.349267000219065],[-88.60634600024603,43.3363659999936],[-88.589067999904,43.330832000138756],[-88.58875999993244,43.3488359998252],[-88.5940869996858,43.34298800031523],[-88.5992479997578,43.352597999916995],[-88.6115259996863,43.34937000030721],[-88.61129100040797,43.35673699997611],[-88.61637100028912,43.35694300009608],[-88.62010499958285,43.349267000219065]]]},"properties":{"NAME":"Hustisford village","LSADC":"47"}},{"type":"Feature","geometry":{"type":"Polygon","coordinates":[[[-87.73576500037447,44.2078489997366],[-87.72628599995434,44.19766899985107],[-87.72993200028283,44.191683999887445],[-87.70111900017706,44.19703700014711],[-87.72636999961992,44.21138999988965],[-87.73576500037447,44.2078489997366]]]},"properties":{"NAME":"Francis Creek village","LSADC":"47"}},{"type":"Feature","geometry":{"type":"Polygon","coordinates":[[[-88.60067499963776,43.01945399971304],[-88.60038000008498,43.0036519999681],[-88.58056600000035,43.003605999854],[-88.58119500036229,43.02202799989209],[-88.60067499963776,43.01945399971304]]]},"properties":{"NAME":"Sullivan village","LSADC":"47"}},{"type":"Feature","geometry":{"type":"Polygon","coordinates":[[[-90.23151400012455,43.659971999711644],[-90.23123799994003,43.641699999936925],[-90.21680199966237,43.64194900029551],[-90.21300499972114,43.64718199979097],[-90.2190629999437,43.665496000271204],[-90.22645199978675,43.67038200022242],[-90.22499499976954,43.66000500025683],[-90.23151400012455,43.659971999711644]]]},"properties":{"NAME":"Wonewoc village","LSADC":"47"}},{"type":"Feature","geometry":{"type":"Polygon","coordinates":[[[-92.04874600018526,45.42403299993608],[-92.04849599993999,45.40929800011754],[-92.02787599994141,45.40595100008739],[-92.02740800013628,45.420373000022664],[-92.04874600018526,45.42403299993608]]]},"properties":{"NAME":"Almena village","LSADC":"47"}},{"type":"Feature","geometry":{"type":"Polygon","coordinates":[[[-90.39440700000068,43.051005999836015],[-90.3894030002875,43.05021500027939],[-90.38943500007456,43.03934100030676],[-90.36965600015002,43.03957900020302],[-90.37469900022126,43.05902400009088],[-90.39440700000068,43.051005999836015]]]},"properties":{"NAME":"Highland village","LSADC":"47"}},{"type":"Feature","geometry":{"type":"Polygon","coordinates":[[[-87.982668999882,43.01178899975801],[-87.97638100040399,43.01019599999176],[-87.97756700025953,43.00384899971011],[-87.96111800029598,43.00299099983284],[-87.96751100025429,43.01431200027043],[-87.9623510000072,43.024165000318646],[-87.98259299971403,43.018347000007836],[-87.982668999882,43.01178899975801]]]},"properties":{"NAME":"West Milwaukee village","LSADC":"47"}},{"type":"Feature","geometry":{"type":"Polygon","coordinates":[[[-89.25988100010605,44.78463500019884],[-89.25986600003742,44.77658099986449],[-89.2442260003609,44.77651299987186],[-89.23452799965763,44.780086000036036],[-89.23447300030435,44.79093099990322],[-89.25984799959578,44.790989000024986],[-89.25988100010605,44.78463500019884]]]},"properties":{"NAME":"Elderon village","LSADC":"47"}},{"type":"Feature","geometry":{"type":"Polygon","coordinates":[[[-89.21958699976491,42.67931400011355],[-89.21926600027285,42.66525700006955],[-89.19445199977469,42.66502100008436],[-89.1998370001527,42.67937399985236],[-89.21958699976491,42.67931400011355]]]},"properties":{"NAME":"Footville village","LSADC":"47"}},{"type":"Feature","geometry":{"type":"MultiPolygon","coordinates":[[[[-88.79733199962938,44.85620899973367],[-88.79688300009082,44.840151999877335],[-88.76743399995041,44.840148000314365],[-88.77666700032327,44.843622999932784],[-88.77587200027999,44.85619100002816],[-88.79733199962938,44.85620899973367]]],[[[-88.76645700033225,44.84266899993908],[-88.75887299959722,44.8414000002995],[-88.76645700033225,44.84266899993908]]]]},"properties":{"NAME":"Gresham village","LSADC":"47"}},{"type":"Feature","geometry":{"type":"Polygon","coordinates":[[[-88.68605799979585,43.80766999973835],[-88.6853360004458,43.80020200021111],[-88.66496499996926,43.80001200012754],[-88.66005199959436,43.81497500021704],[-88.68500800038275,43.81513199997258],[-88.68605799979585,43.80766999973835]]]},"properties":{"NAME":"Rosendale village","LSADC":"47"}},{"type":"Feature","geometry":{"type":"Polygon","coordinates":[[[-89.0171150001233,43.54919499986137],[-89.00791600008563,43.54731600027762],[-89.01448599959595,43.53780599986691],[-89.0044000003518,43.52617800025151],[-88.98592299973544,43.53762399968564],[-88.99335199976146,43.5382669997179],[-88.99350099972438,43.54671199996697],[-89.001718000121,43.54567899969788],[-89.00183299974873,43.55299599981602],[-89.0171150001233,43.54919499986137]]]},"properties":{"NAME":"Randolph village","LSADC":"47"}},{"type":"Feature","geometry":{"type":"Polygon","coordinates":[[[-90.94138200021044,42.901801999982624],[-90.92844399995785,42.8827440003129],[-90.91730000000638,42.880945000034835],[-90.91715600006631,42.90193099976193],[-90.94138200021044,42.901801999982624]]]},"properties":{"NAME":"Bloomington village","LSADC":"47"}},{"type":"Feature","geometry":{"type":"Polygon","coordinates":[[[-92.11898000003816,46.64845600009261],[-92.11906600025189,46.64428000002962],[-92.09803399962632,46.64406299983917],[-92.09783000031014,46.66215399990283],[-92.1188849996036,46.66240700014006],[-92.11898000003816,46.64845600009261]]]},"properties":{"NAME":"Superior village","LSADC":"47"}},{"type":"Feature","geometry":{"type":"Polygon","coordinates":[[[-89.78348999961399,43.491684000299976],[-89.77431700041392,43.48258700001745],[-89.77878300000175,43.47054000007908],[-89.75933100031534,43.47045200017765],[-89.76467700033528,43.48783400028789],[-89.77457099995881,43.48722699996007],[-89.7734989999061,43.496150000209624],[-89.78332399993263,43.49999600026179],[-89.78348999961399,43.491684000299976]]]},"properties":{"NAME":"West Baraboo village","LSADC":"47"}},{"type":"Feature","geometry":{"type":"Polygon","coordinates":[[[-89.25986799968726,43.4563360001046],[-89.24480299994599,43.451268999911086],[-89.24745699968938,43.445353999814934],[-89.24048799997088,43.43847399995838],[-89.22574299989675,43.44212999997729],[-89.22584099980604,43.45654400016207],[-89.25986799968726,43.4563360001046]]]},"properties":{"NAME":"Rio village","LSADC":"47"}},{"type":"Feature","geometry":{"type":"Polygon","coordinates":[[[-89.33368000009659,44.46614399971112],[-89.304745999617,44.45757599987931],[-89.30992199975763,44.46722899989779],[-89.30445299971404,44.47576700004825],[-89.31966700031656,44.479322999870305],[-89.33368000009659,44.46614399971112]]]},"properties":{"NAME":"Amherst Junction village","LSADC":"47"}},{"type":"Feature","geometry":{"type":"Polygon","coordinates":[[[-91.40261799971162,44.55272000007437],[-91.39756200011992,44.54675300015261],[-91.40258099990172,44.54549699999602],[-91.38537100023008,44.54321199968324],[-91.3836139997389,44.54912900001114],[-91.37222999958789,44.54929500003602],[-91.37732200006293,44.55642199985139],[-91.36220899974275,44.557233999957475],[-91.39881099972466,44.55991500025587],[-91.40261799971162,44.55272000007437]]]},"properties":{"NAME":"Strum village","LSADC":"47"}},{"type":"Feature","geometry":{"type":"Polygon","coordinates":[[[-92.32730900006086,44.570670000251766],[-92.31249500038976,44.55846700029217],[-92.29713600002228,44.55544200028295],[-92.29714699989295,44.573757000001756],[-92.32730900006086,44.570670000251766]]]},"properties":{"NAME":"Maiden Rock village","LSADC":"47"}},{"type":"Feature","geometry":{"type":"Polygon","coordinates":[[[-89.13354400018106,44.04089999983768],[-89.12854499959244,44.03007499970723],[-89.10681699955612,44.030144999946586],[-89.10666599994337,44.04104600012435],[-89.11853499961796,44.04241700013813],[-89.11814800000366,44.04820900019622],[-89.13352200043975,44.047481999950094],[-89.12850399958457,44.04087999971731],[-89.13354400018106,44.04089999983768]]]},"properties":{"NAME":"Lohrville village","LSADC":"47"}},{"type":"Feature","geometry":{"type":"Polygon","coordinates":[[[-89.51123699985602,43.25773099991837],[-89.51107600019752,43.24313600023925],[-89.48114900020624,43.243154000281244],[-89.49113999991414,43.25050499998417],[-89.49114699958685,43.25773099991837],[-89.51123699985602,43.25773099991837]]]},"properties":{"NAME":"Dane village","LSADC":"47"}},{"type":"Feature","geometry":{"type":"Polygon","coordinates":[[[-89.38335400022537,42.84573000017669],[-89.35811899977772,42.84523600010261],[-89.35624500000901,42.8530459999325],[-89.36907600013146,42.86129700018667],[-89.38318199979791,42.859384999868276],[-89.38335400022537,42.84573000017669]]]},"properties":{"NAME":"Brooklyn village","LSADC":"47"}},{"type":"Feature","geometry":{"type":"Polygon","coordinates":[[[-89.81277800009592,44.50336800014058],[-89.8125160001551,44.48887399999934],[-89.78987099987674,44.49243599994444],[-89.78997299998397,44.50331899975534],[-89.8024710000205,44.50337099983594],[-89.79926900010604,44.509143999790474],[-89.81277800009592,44.50336800014058]]]},"properties":{"NAME":"Rudolph village","LSADC":"47"}},{"type":"Feature","geometry":{"type":"Polygon","coordinates":[[[-89.27208000039182,42.63316499978011],[-89.2681720001225,42.62208299975319],[-89.25920400006353,42.61940499992997],[-89.24356199983885,42.62774800031535],[-89.24384800006911,42.63590399980089],[-89.27208000039182,42.63316499978011]]]},"properties":{"NAME":"Orfordville village","LSADC":"47"}},{"type":"Feature","geometry":{"type":"Polygon","coordinates":[[[-89.60300799994953,42.75849400013162],[-89.59793200026634,42.737322999831775],[-89.57877500013272,42.73696900010832],[-89.57877500013272,42.75186599993422],[-89.59572799988642,42.7519330001689],[-89.60300799994953,42.75849400013162]]]},"properties":{"NAME":"Monticello village","LSADC":"47"}},{"type":"Feature","geometry":{"type":"Polygon","coordinates":[[[-87.96445999995255,44.160621999803745],[-87.96361200020583,44.145802000117605],[-87.93353000040383,44.14585100030592],[-87.94362099967086,44.15215800007897],[-87.94376600033412,44.16053200018383],[-87.96445999995255,44.160621999803745]]]},"properties":{"NAME":"Reedsville village","LSADC":"47"}},{"type":"Feature","geometry":{"type":"Polygon","coordinates":[[[-91.25674700008449,45.660848000032324],[-91.2309889995801,45.66074699991487],[-91.23049300018586,45.67517699990443],[-91.25128700026171,45.67529299988532],[-91.25674700008449,45.660848000032324]]]},"properties":{"NAME":"Exeland village","LSADC":"47"}},{"type":"Feature","geometry":{"type":"Polygon","coordinates":[[[-89.14662499965046,43.6844530000388],[-89.12653799975435,43.683583999873],[-89.12651600001303,43.689965000304184],[-89.11639100041081,43.68995799998349],[-89.11622999985403,43.70452200014588],[-89.13892700001092,43.70154999976484],[-89.14662499965046,43.6844530000388]]]},"properties":{"NAME":"Kingston village","LSADC":"47"}},{"type":"Feature","geometry":{"type":"Polygon","coordinates":[[[-90.5067720001535,44.73432400026353],[-90.50628000005894,44.72688300011349],[-90.48595999963601,44.726885000312144],[-90.48202899980046,44.74258900003593],[-90.50607900021748,44.74513100015929],[-90.5067720001535,44.73432400026353]]]},"properties":{"NAME":"Loyal city","LSADC":"25"}},{"type":"Feature","geometry":{"type":"MultiPolygon","coordinates":[[[[-91.3912160000173,44.076463999821804],[-91.3887670003133,44.071943999893726],[-91.34643900036988,44.07611199975702],[-91.33703199991974,44.09566200016359],[-91.34865100024739,44.09935999999979],[-91.34601699969718,44.09092100005925],[-91.36379100033173,44.08919599983801],[-91.37538200017198,44.08143899988619],[-91.37398600025415,44.076183999793926],[-91.3912160000173,44.076463999821804]]],[[[-91.36138699993529,44.07638200025046],[-91.36138699993529,44.07638200025046]]]]},"properties":{"NAME":"Galesville city","LSADC":"25"}},{"type":"Feature","geometry":{"type":"MultiPolygon","coordinates":[[[[-90.25295699975553,42.57689499986231],[-90.25032399992853,42.56822199979912],[-90.22117400043719,42.56618200004134],[-90.22118299975969,42.580733999741206],[-90.25295699975553,42.57689499986231]],[[-90.24157599997757,42.57239500032656],[-90.24157599997757,42.57239500032656]]],[[[-90.23107499973341,42.565448999756526],[-90.23107499973341,42.565448999756526]]]]},"properties":{"NAME":"Shullsburg city","LSADC":"25"}},{"type":"Feature","geometry":{"type":"Polygon","coordinates":[[[-89.44686500040707,42.715470000032425],[-89.4466340004284,42.69747799987881],[-89.42705399979717,42.697555999896],[-89.4272589998366,42.71927499991983],[-89.44686500040707,42.715470000032425]]]},"properties":{"NAME":"Albany village","LSADC":"47"}},{"type":"Feature","geometry":{"type":"Polygon","coordinates":[[[-90.0053989997717,42.99160800003589],[-89.97577599955403,42.99482300031882],[-89.9806589997917,42.994873999863714],[-89.98063299985242,43.00559600001012],[-90.00523100044053,43.00586299992615],[-90.0053989997717,42.99160800003589]]]},"properties":{"NAME":"Ridgeway village","LSADC":"47"}},{"type":"Feature","geometry":{"type":"MultiPolygon","coordinates":[[[[-90.79622500043573,43.73835900030258],[-90.77571599986689,43.73643799973767],[-90.77072300002439,43.751101999869064],[-90.79090500035505,43.750851000157645],[-90.78817899974332,43.74125600001776],[-90.79622500043573,43.73835900030258]]],[[[-90.80585299992048,43.73805499978712],[-90.80179700041145,43.72548000007165],[-90.80313399987975,43.735671000205],[-90.79402100005582,43.74195500004489],[-90.80585299992048,43.73805499978712]]],[[[-90.79979999972078,43.73546999972938],[-90.79622500043573,43.73835900030258],[-90.79979999972078,43.73546999972938]]]]},"properties":{"NAME":"Cashton village","LSADC":"47"}},{"type":"Feature","geometry":{"type":"Polygon","coordinates":[[[-89.93421199969174,43.478566999721075],[-89.93137600037349,43.47127799973603],[-89.90164600002568,43.47485899991366],[-89.91346700001971,43.48947400014987],[-89.92651900007509,43.48747100004335],[-89.92647200021943,43.479763999679335],[-89.93421199969174,43.478566999721075]]]},"properties":{"NAME":"Rock Springs village","LSADC":"47"}},{"type":"Feature","geometry":{"type":"Polygon","coordinates":[[[-87.78198499979537,42.77075200002675],[-87.77325199991304,42.76992600025259],[-87.75741100039504,42.78204999980839],[-87.77633900019977,42.79495300023845],[-87.78198499979537,42.77075200002675]]]},"properties":{"NAME":"Wind Point village","LSADC":"47"}},{"type":"Feature","geometry":{"type":"Polygon","coordinates":[[[-90.8475540000501,44.4562849999342],[-90.84749100030089,44.44407200012989],[-90.8222020003249,44.433329999876285],[-90.82216999963953,44.44051799978533],[-90.83187099981753,44.4415489998821],[-90.82708300001441,44.46216800021813],[-90.84748299990498,44.46120199969609],[-90.8475540000501,44.4562849999342]]]},"properties":{"NAME":"Merrillan village","LSADC":"47"}},{"type":"Feature","geometry":{"type":"Polygon","coordinates":[[[-90.44593599963159,42.52908399989768],[-90.43011100000713,42.523995000305504],[-90.42111500035905,42.5299779997889],[-90.42611800024731,42.53994599990469],[-90.43594200044896,42.53994599990469],[-90.43444199987574,42.54668600023619],[-90.44073100007697,42.54665600025616],[-90.44593599963159,42.52908399989768]]]},"properties":{"NAME":"Hazel Green village","LSADC":"47"}},{"type":"Feature","geometry":{"type":"Polygon","coordinates":[[[-88.48391099984424,42.87618400028497],[-88.48329400007619,42.87176999974277],[-88.45374399965345,42.87161799970981],[-88.4634330001359,42.88616899987538],[-88.45623799956327,42.893476000240284],[-88.46605300044241,42.88617299976931],[-88.48335099997759,42.88627599974514],[-88.48391099984424,42.87618400028497]]]},"properties":{"NAME":"Eagle village","LSADC":"47"}},{"type":"Feature","geometry":{"type":"Polygon","coordinates":[[[-90.94635599978638,43.32112599970525],[-90.94630899993071,43.31565500011627],[-90.93642399962971,43.315762999748046],[-90.93696799960281,43.30667800014779],[-90.91652500005456,43.306708000283464],[-90.92146099999567,43.32469200027319],[-90.94635599978638,43.32112599970525]]]},"properties":{"NAME":"Mount Sterling village","LSADC":"47"}},{"type":"Feature","geometry":{"type":"Polygon","coordinates":[[[-88.03779500033592,43.83029900011239],[-88.01595699979643,43.828506999882336],[-88.02112000041657,43.815692999760266],[-88.00472099978343,43.82588500003228],[-88.01155999980556,43.830477999978505],[-87.99661200024015,43.82229000025476],[-88.00665200035188,43.8320260000063],[-88.00683499975165,43.84753400002179],[-88.03779500033592,43.83029900011239]]]},"properties":{"NAME":"Elkhart Lake village","LSADC":"47"}},{"type":"Feature","geometry":{"type":"Polygon","coordinates":[[[-90.34609700000269,44.99837799998222],[-90.31578900024489,44.99630499986639],[-90.3089529996975,45.00355999971867],[-90.34579900007685,45.01025299968879],[-90.34609700000269,44.99837799998222]]]},"properties":{"NAME":"Dorchester village","LSADC":"47"}},{"type":"Feature","geometry":{"type":"Polygon","coordinates":[[[-91.74285200033545,45.000245999742866],[-91.74280700012959,44.99057600025753],[-91.72627299977722,44.98715500028116],[-91.71236100027954,44.990267000229075],[-91.71235899973139,44.99942699987069],[-91.70771300021852,44.999497999921296],[-91.7243970003587,45.0063839997956],[-91.74285200033545,45.000245999742866]]]},"properties":{"NAME":"Colfax village","LSADC":"47"}},{"type":"Feature","geometry":{"type":"MultiPolygon","coordinates":[[[[-90.35253000014397,43.65838599990294],[-90.35248099974015,43.64751199996482],[-90.32261400002334,43.64808699968842],[-90.3226530003814,43.66022999994575],[-90.35253000014397,43.65838599990294]]],[[[-90.33275500041738,43.66673900004789],[-90.32262200041924,43.66978199992369],[-90.33264999993709,43.67319100008201],[-90.33275500041738,43.66673900004789]]]]},"properties":{"NAME":"Hillsboro city","LSADC":"25"}},{"type":"Feature","geometry":{"type":"Polygon","coordinates":[[[-91.06427100017365,43.24143899977206],[-91.03235999991048,43.24137899988568],[-91.03664899994631,43.259683000140335],[-91.06010400033657,43.25958999991561],[-91.06427100017365,43.24143899977206]]]},"properties":{"NAME":"Lynxville village","LSADC":"47"}},{"type":"Feature","geometry":{"type":"Polygon","coordinates":[[[-88.2953409996546,43.59795199990504],[-88.29035100018513,43.59705500030637],[-88.29044900009441,43.586528999761455],[-88.28051199991486,43.58649800004331],[-88.28298900010626,43.59376300021936],[-88.27030899959654,43.59066800001917],[-88.27383399955121,43.59512799995791],[-88.26038499983578,43.598593999753824],[-88.27028600003032,43.59728300000967],[-88.28032100011916,43.60834099971076],[-88.29381500004042,43.60838800015863],[-88.2953409996546,43.59795199990504]]]},"properties":{"NAME":"Campbellsport village","LSADC":"47"}},{"type":"Feature","geometry":{"type":"Polygon","coordinates":[[[-89.29558299956436,44.45283000022994],[-89.29450200018911,44.44300599993253],[-89.28218300025273,44.442328000129066],[-89.27870699980355,44.435850999714916],[-89.28417300037239,44.432596000259586],[-89.27125100001335,44.43583899987256],[-89.27455300038525,44.457552000139714],[-89.29463899955816,44.45756599988213],[-89.29558299956436,44.45283000022994]]]},"properties":{"NAME":"Amherst village","LSADC":"47"}},{"type":"Feature","geometry":{"type":"Polygon","coordinates":[[[-87.9726229999225,45.38302499971955],[-87.95753999973957,45.37429999987428],[-87.95770899979397,45.36697800012766],[-87.94229000005035,45.36671199994097],[-87.94674099956958,45.38500000004527],[-87.97219100010238,45.388943999719004],[-87.9726229999225,45.38302499971955]]]},"properties":{"NAME":"Wausaukee village","LSADC":"47"}},{"type":"Feature","geometry":{"type":"Polygon","coordinates":[[[-88.32284900007912,44.89359800000567],[-88.31771999979418,44.89192800020917],[-88.32216899966355,44.88244399996466],[-88.2926790004136,44.882163],[-88.29205900027249,44.896607000132434],[-88.32284900007912,44.89359800000567]]]},"properties":{"NAME":"Gillett city","LSADC":"25"}},{"type":"Feature","geometry":{"type":"Polygon","coordinates":[[[-88.04938899965089,45.057592999719795],[-88.04446500030366,45.05093200010215],[-88.03428499955155,45.05075699977909],[-88.0441659996546,45.059725000229555],[-88.02369100031927,45.061447999771886],[-88.02345000029486,45.072326999769714],[-88.02858100022964,45.07236499983099],[-88.03204000006207,45.08326200029641],[-88.0437999999567,45.07975100011032],[-88.0388289998555,45.0724929998181],[-88.04394300007183,45.07254799978896],[-88.04405699987466,45.06305499989644],[-88.0491569998473,45.065392999758345],[-88.04351799992439,45.061728000226246],[-88.04938899965089,45.057592999719795]]]},"properties":{"NAME":"Coleman village","LSADC":"47"}},{"type":"Feature","geometry":{"type":"Polygon","coordinates":[[[-92.02437799975093,44.42321499991584],[-91.98852200030683,44.40745899972957],[-91.9934549998749,44.426574000092614],[-92.02398500028885,44.43043399996648],[-92.02437799975093,44.42321499991584]]]},"properties":{"NAME":"Nelson village","LSADC":"47"}},{"type":"Feature","geometry":{"type":"Polygon","coordinates":[[[-92.39796300003835,45.7833269997697],[-92.39450300038101,45.7759200000559],[-92.38642099970359,45.784281000301895],[-92.38665699970514,45.76996699980672],[-92.37943299971852,45.77000500002495],[-92.38658800010816,45.76162899974645],[-92.38150599967886,45.75526200018318],[-92.37030800019905,45.79466899968933],[-92.38642900009951,45.79544000021842],[-92.3891599998358,45.7854010002602],[-92.39681099961967,45.788454999869245],[-92.39796300003835,45.7833269997697]],[[-92.38746199979418,45.78542199971564],[-92.38746199979418,45.78542199971564]]]},"properties":{"NAME":"Siren village","LSADC":"47"}},{"type":"Feature","geometry":{"type":"Polygon","coordinates":[[[-89.78736799974608,44.59840700001396],[-89.77725900003739,44.59832100016186],[-89.78247399963776,44.59342100002226],[-89.77738799990884,44.592362999876165],[-89.77766099972028,44.58367100017003],[-89.76257500006264,44.58178299989557],[-89.75217599992571,44.590749999961105],[-89.75189700026645,44.59839800025854],[-89.76311200036305,44.601899999818144],[-89.78736799974608,44.59840700001396]]]},"properties":{"NAME":"Junction City village","LSADC":"47"}},{"type":"Feature","geometry":{"type":"Polygon","coordinates":[[[-88.73362999965197,44.10572800002291],[-88.72858900012886,44.09848899980187],[-88.70865899969327,44.10521200018549],[-88.70360399992647,44.09759099969646],[-88.70347699970486,44.107940999928694],[-88.69356200016495,44.10978600020368],[-88.6912649998986,44.11960800005056],[-88.72577700020173,44.11928400005254],[-88.72865100005313,44.11296599970097],[-88.72195199977308,44.10489500003824],[-88.73362999965197,44.10572800002291]],[[-88.70735099963899,44.104362000215666],[-88.70735099963899,44.104362000215666]]]},"properties":{"NAME":"Winneconne village","LSADC":"47"}},{"type":"Feature","geometry":{"type":"MultiPolygon","coordinates":[[[[-89.53724100040769,44.0333180000475],[-89.52474500002097,44.02383600017497],[-89.51214300022738,44.025384000215595],[-89.50719200021767,44.04351999984942],[-89.53452599966661,44.04150400003359],[-89.53724100040769,44.0333180000475]]],[[[-89.5172480002229,44.01799999968834],[-89.51230700025893,44.01451300031165],[-89.5172480002229,44.01799999968834]]],[[[-89.57283400008603,44.06532000010234],[-89.57264699958998,44.05807500005615],[-89.56248299962972,44.05427599968093],[-89.5627210001794,44.0651939999256],[-89.57283400008603,44.06532000010234]]]]},"properties":{"NAME":"Coloma village","LSADC":"47"}},{"type":"Feature","geometry":{"type":"Polygon","coordinates":[[[-87.97843099989979,43.552735000158286],[-87.95058199989172,43.542977000299885],[-87.94136000028784,43.54420599988802],[-87.93595599964328,43.557693000297114],[-87.94100499956231,43.55763999976767],[-87.94094299963801,43.56482099991673],[-87.94975099986344,43.564760999853895],[-87.97843099989979,43.552735000158286]]]},"properties":{"NAME":"Random Lake village","LSADC":"47"}},{"type":"Feature","geometry":{"type":"MultiPolygon","coordinates":[[[[-90.53643999967872,44.13650599972495],[-90.53098400005392,44.1243910002441],[-90.49201899968345,44.12423099968731],[-90.49624999999295,44.12966200004923],[-90.49125899980025,44.13335499996779],[-90.49724000002993,44.135104000305226],[-90.50889100014462,44.13487099972176],[-90.51641700025502,44.12753499983359],[-90.52719999963317,44.13738200020728],[-90.53643999967872,44.13650599972495]]],[[[-90.53647300018899,44.12371799999764],[-90.53473300031459,44.120075999920545],[-90.53647300018899,44.12371799999764]]],[[[-90.54423000027808,44.12698799968043],[-90.53427100035722,44.12765999998387],[-90.54423000027808,44.12698799968043]]]]},"properties":{"NAME":"Warrens village","LSADC":"47"}},{"type":"Feature","geometry":{"type":"MultiPolygon","coordinates":[[[[-90.81175100030946,44.95919399985722],[-90.80543199997099,44.94472900006599],[-90.7907890000041,44.9482860002122],[-90.7883109999878,44.95592999998814],[-90.79092200007351,44.96638599979541],[-90.80031199990685,44.968027000250245],[-90.81051600005011,44.96637700001902],[-90.81175100030946,44.95919399985722]]],[[[-90.81557400018995,44.97714700018629],[-90.81051900042316,44.973542999861586],[-90.81557400018995,44.97714700018629]]],[[[-90.820618999911,44.96000899986167],[-90.81191199996793,44.96221899998434],[-90.820618999911,44.96000899986167]]]]},"properties":{"NAME":"Thorp city","LSADC":"25"}},{"type":"Feature","geometry":{"type":"Polygon","coordinates":[[[-90.97364699957761,44.60180300011023],[-90.97298600032693,44.59651599988293],[-90.94264300040905,44.59637800026823],[-90.94241400008019,44.61058900029217],[-90.97279899983089,44.61089399970663],[-90.97364699957761,44.60180300011023]]]},"properties":{"NAME":"Fairchild village","LSADC":"47"}},{"type":"Feature","geometry":{"type":"Polygon","coordinates":[[[-90.60289599985695,42.6298129997894],[-90.60270599988615,42.61998799992362],[-90.5823200002393,42.61383000010547],[-90.59371299971282,42.604009000105705],[-90.58799099994924,42.5981370000462],[-90.57820399955753,42.60539400031304],[-90.57573800013513,42.61993500008967],[-90.58418099958922,42.61923700002529],[-90.58816199965348,42.63449999969672],[-90.60289599985695,42.6298129997894]]]},"properties":{"NAME":"Dickeyville village","LSADC":"47"}},{"type":"Feature","geometry":{"type":"Polygon","coordinates":[[[-89.3255139997536,43.491837999862106],[-89.32041399978095,43.48463699970295],[-89.29571800018186,43.484876999857846],[-89.29593699956669,43.499383000181275],[-89.3057580002936,43.50286300007561],[-89.32063800008694,43.50276400027855],[-89.3255139997536,43.491837999862106]]]},"properties":{"NAME":"Wyocena village","LSADC":"47"}},{"type":"Feature","geometry":{"type":"Polygon","coordinates":[[[-88.17661600005374,44.143592999909124],[-88.16912000008055,44.13855000019014],[-88.17428700000035,44.1314209997451],[-88.14897700010795,44.131411000147466],[-88.15482899956785,44.15238900013667],[-88.15951400033713,44.1543930002733],[-88.15988300040806,44.147006000240765],[-88.15991099999715,44.154399000017165],[-88.16902299999619,44.154487999690865],[-88.16187799965228,44.14711400003025],[-88.16900200007979,44.14986600001995],[-88.1690179999733,44.14364199999716],[-88.17661600005374,44.143592999909124]]]},"properties":{"NAME":"Hilbert village","LSADC":"47"}},{"type":"Feature","geometry":{"type":"Polygon","coordinates":[[[-89.03237900005621,42.99304999999442],[-89.01502600026943,43.00074599972696],[-89.01752699985195,42.99159300030465],[-89.01271800013244,42.99356599993716],[-89.01215499989273,43.00369499977227],[-89.0053510000307,43.00555499990793],[-89.01376099987284,43.00892000019857],[-89.00884099982527,43.019085000277435],[-89.02731099987062,43.01842700026103],[-89.032160999598,43.02347599971761],[-89.0259640003566,43.01011799971903],[-89.03237900005621,42.99304999999442]],[[-89.02348799999012,43.01600600018375],[-89.02348799999012,43.01600600018375]],[[-89.022683999726,43.010705000181446],[-89.0124899996285,43.01622700031113],[-89.022683999726,43.010705000181446]],[[-89.01196499992194,43.00461100000102],[-89.01196499992194,43.00461100000102]]]},"properties":{"NAME":"Cambridge village","LSADC":"47"}},{"type":"Feature","geometry":{"type":"Polygon","coordinates":[[[-91.82956799976384,45.263996000149675],[-91.82937100012035,45.251682000249474],[-91.79897899979865,45.25172100023326],[-91.79882900001083,45.266111000019805],[-91.82956799976384,45.263996000149675]]]},"properties":{"NAME":"Dallas village","LSADC":"47"}},{"type":"Feature","geometry":{"type":"Polygon","coordinates":[[[-87.89706999981384,44.06337899972975],[-87.89705700029337,44.05886300025603],[-87.88193200027763,44.057755999699985],[-87.87197099980864,44.06233500001843],[-87.87183100006656,44.07117599976443],[-87.88148899968853,44.07329899981108],[-87.88154899996299,44.08444400020141],[-87.89661500042749,44.080673999794],[-87.89207899962115,44.06926699994859],[-87.89706999981384,44.06337899972975]]]},"properties":{"NAME":"Valders village","LSADC":"47"}},{"type":"Feature","geometry":{"type":"MultiPolygon","coordinates":[[[[-88.87996300013478,42.55578599969591],[-88.87993800002043,42.54654100019915],[-88.87013499973519,42.544549000009305],[-88.86893800000898,42.55017899993703],[-88.85540899992762,42.551425999956486],[-88.85524400007117,42.56601600021853],[-88.87982400021762,42.56660299971552],[-88.87985500017976,42.56019300026241],[-88.8711499998865,42.55708000026807],[-88.87996300013478,42.55578599969591]]],[[[-88.86744099980882,42.569992999721165],[-88.86744099980882,42.569992999721165]]]]},"properties":{"NAME":"Clinton village","LSADC":"47"}},{"type":"Feature","geometry":{"type":"MultiPolygon","coordinates":[[[[-89.25929500030013,44.184868000132155],[-89.25732199989889,44.16654399977413],[-89.23923299962006,44.16663600003254],[-89.23922099992448,44.174621000181574],[-89.23421200018845,44.1746200002449],[-89.23943299963659,44.18120499980772],[-89.22925500033094,44.18122399970142],[-89.25929500030013,44.184868000132155]]],[[[-89.2243319999103,44.19939600031708],[-89.20919699984883,44.19675599979752],[-89.21620300027554,44.20300899996874],[-89.2243319999103,44.19939600031708]]]]},"properties":{"NAME":"Wild Rose village","LSADC":"47"}},{"type":"Feature","geometry":{"type":"Polygon","coordinates":[[[-88.59188300020419,44.43845700011325],[-88.57184499981358,44.435045999695035],[-88.55576599974587,44.4454390001036],[-88.56075000026588,44.44554199970499],[-88.56077000035735,44.45271200005409],[-88.59134500007885,44.453065999866375],[-88.59188300020419,44.43845700011325]]]},"properties":{"NAME":"Shiocton village","LSADC":"47"}},{"type":"Feature","geometry":{"type":"Polygon","coordinates":[[[-89.5609679998862,42.86116499972007],[-89.5321599998033,42.8523279998198],[-89.52559399959264,42.85319200017238],[-89.52327600030823,42.863878999672394],[-89.53043099979953,42.86396400024929],[-89.53658399955835,42.87856400003311],[-89.54290200007188,42.875726000121354],[-89.53854000024113,42.868646999969066],[-89.55605799988436,42.87049399973256],[-89.5609679998862,42.86116499972007]]]},"properties":{"NAME":"Belleville village","LSADC":"47"}},{"type":"Feature","geometry":{"type":"MultiPolygon","coordinates":[[[[-90.50942199969894,46.006804999719975],[-90.48895999988412,46.00298899975007],[-90.48822000009241,46.02423999996293],[-90.5087210002653,46.02467900010449],[-90.50942199969894,46.006804999719975]]],[[[-90.48345099965756,46.00920699976855],[-90.47538099957403,46.00270800015824],[-90.47561599975067,46.009412999765914],[-90.48345099965756,46.00920699976855]]]]},"properties":{"NAME":"Butternut village","LSADC":"47"}},{"type":"Feature","geometry":{"type":"Polygon","coordinates":[[[-90.44947400000505,43.18466700012802],[-90.43416999988918,43.18260599971954],[-90.4394170001749,43.176423000282895],[-90.42953500024694,43.176015999825125],[-90.4306089999495,43.182833000052945],[-90.42464799981133,43.18330099995782],[-90.41270899981654,43.176096999736494],[-90.4130999996288,43.18626699978753],[-90.42407399970097,43.186728999894456],[-90.42408899976958,43.191925000069666],[-90.43683000037868,43.197241999693375],[-90.44903200013918,43.19761899989614],[-90.44947400000505,43.18466700012802]]]},"properties":{"NAME":"Muscoda village","LSADC":"47"}},{"type":"Feature","geometry":{"type":"Polygon","coordinates":[[[-87.9070920003822,43.09870800008899],[-87.89168399961093,43.08196800016927],[-87.87042599992789,43.082797000183966],[-87.87635000025615,43.09890900025516],[-87.9070920003822,43.09870800008899]]]},"properties":{"NAME":"Shorewood village","LSADC":"47"}},{"type":"Feature","geometry":{"type":"Polygon","coordinates":[[[-92.09582500012186,44.94799299995075],[-92.06027699975104,44.94464599978105],[-92.06066599991347,44.95905599981478],[-92.08573399995653,44.9591149997077],[-92.09582299957374,44.95417600023617],[-92.09582500012186,44.94799299995075]]]},"properties":{"NAME":"Knapp village","LSADC":"47"}},{"type":"Feature","geometry":{"type":"Polygon","coordinates":[[[-89.50916899991854,43.88304099989119],[-89.50221199989562,43.87566500019712],[-89.48279000034645,43.87206000001042],[-89.47976300033416,43.891612000158],[-89.48274000011774,43.89776500007624],[-89.49137900028877,43.897773000135174],[-89.50214199957543,43.89409800012763],[-89.50916899991854,43.88304099989119]]]},"properties":{"NAME":"Westfield village","LSADC":"47"}},{"type":"Feature","geometry":{"type":"Polygon","coordinates":[[[-92.77110399991174,45.00066699998592],[-92.77029999964763,44.978943999977986],[-92.7611469996407,44.98061100026153],[-92.7587609996859,44.98921199973985],[-92.74446900024661,44.98519700016502],[-92.73858000007847,45.0137570002962],[-92.75098500022857,45.006569000072474],[-92.76750600016213,45.01040599992844],[-92.77110399991174,45.00066699998592]]]},"properties":{"NAME":"North Hudson village","LSADC":"47"}},{"type":"Feature","geometry":{"type":"Polygon","coordinates":[[[-91.84139799997867,46.353619999980914],[-91.8408079999748,46.34543000025495],[-91.81985300024046,46.34559700009185],[-91.81947300029886,46.331221999966054],[-91.80861700022744,46.33125599977693],[-91.8088160004191,46.34884900015174],[-91.80081499993254,46.359990999968],[-91.8305500003032,46.361561999828524],[-91.84129900024446,46.35975600001881],[-91.84139799997867,46.353619999980914]]]},"properties":{"NAME":"Solon Springs village","LSADC":"47"}},{"type":"Feature","geometry":{"type":"Polygon","coordinates":[[[-92.16652000010721,44.77598600024285],[-92.1363229997792,44.77152699981424],[-92.1362940003652,44.78953199977473],[-92.15667400016426,44.7891229999444],[-92.16652000010721,44.77598600024285]]]},"properties":{"NAME":"Elmwood village","LSADC":"47"}},{"type":"Feature","geometry":{"type":"Polygon","coordinates":[[[-89.14514000004415,43.844574999739336],[-89.11988700005318,43.84042399972813],[-89.11768100002344,43.86146699987637],[-89.14298199969501,43.863710000108895],[-89.14514000004415,43.844574999739336]]]},"properties":{"NAME":"Princeton city","LSADC":"25"}},{"type":"Feature","geometry":{"type":"MultiPolygon","coordinates":[[[[-88.72751899972596,42.60597100031708],[-88.72741099977092,42.58393100018079],[-88.72231599982116,42.58280699984123],[-88.7159050003195,42.59652300022599],[-88.6929529998945,42.59596699994135],[-88.70167800027923,42.60760500033018],[-88.7171870004345,42.60443000028949],[-88.7179399997467,42.61086900018568],[-88.72751899972596,42.60597100031708]],[[-88.72175099993163,42.59363999976751],[-88.72175099993163,42.59363999976751]],[[-88.72042399961077,42.59540599992735],[-88.72042399961077,42.59540599992735]]],[[[-88.70851700030137,42.59413800019273],[-88.70851700030137,42.59413800019273]]]]},"properties":{"NAME":"Darien village","LSADC":"47"}},{"type":"Feature","geometry":{"type":"MultiPolygon","coordinates":[[[[-89.50977599964087,44.221039999819595],[-89.50736100027207,44.206502000058],[-89.4821109997558,44.20655000002078],[-89.4820470001817,44.2209640000493],[-89.50977599964087,44.221039999819595]]],[[[-89.51236499998524,44.23916200010778],[-89.51230899990874,44.23198200020626],[-89.50213900010068,44.23201099975027],[-89.50219000015431,44.23918599997685],[-89.51236499998524,44.23916200010778]]]]},"properties":{"NAME":"Plainfield village","LSADC":"47"}},{"type":"Feature","geometry":{"type":"Polygon","coordinates":[[[-90.73959599993385,45.06782899994473],[-90.70891099970919,45.0675930002936],[-90.7062779998822,45.074833999958685],[-90.70881399962482,45.08206099991325],[-90.73939699974223,45.08229100031399],[-90.73959599993385,45.06782899994473]]]},"properties":{"NAME":"Lublin village","LSADC":"47"}},{"type":"Feature","geometry":{"type":"Polygon","coordinates":[[[-91.84054000018618,46.0959069997608],[-91.82986700041289,46.085337000151306],[-91.81918200004571,46.08526400000769],[-91.81406399963141,46.10890000017986],[-91.83515900000616,46.10718300003029],[-91.84054000018618,46.0959069997608]]]},"properties":{"NAME":"Minong village","LSADC":"47"}},{"type":"Feature","geometry":{"type":"MultiPolygon","coordinates":[[[[-88.9619180004226,44.329959000294544],[-88.9459530001577,44.325533000160185],[-88.9415240003798,44.32945399982284],[-88.94173600009191,44.319625999732914],[-88.94703500025618,44.31932399999092],[-88.93580799956571,44.3121620002211],[-88.9165099998651,44.315080999875256],[-88.9145609997533,44.32147800017567],[-88.92130199986616,44.3222990001024],[-88.9159829996104,44.337013000267724],[-88.92607499960066,44.33005700026405],[-88.9210640002148,44.32978799989003],[-88.96188800028536,44.334091000028494],[-88.9619180004226,44.329959000294544]],[[-88.94874900019131,44.329276000064446],[-88.94874900019131,44.329276000064446]],[[-88.94316700016985,44.318733999908964],[-88.94316700016985,44.318733999908964]],[[-88.94224699955475,44.31864099997239],[-88.94224699955475,44.31864099997239]]],[[[-88.93524600004923,44.31206200021801],[-88.9321549995645,44.30896100023333],[-88.93524600004923,44.31206200021801]]],[[[-88.95570500038934,44.33588700016206],[-88.94933699964707,44.33539099989315],[-88.95570500038934,44.33588700016206]]]]},"properties":{"NAME":"Weyauwega city","LSADC":"25"}},{"type":"Feature","geometry":{"type":"Polygon","coordinates":[[[-92.48125499979442,45.657660999692325],[-92.47355600032996,45.65573999976573],[-92.4787259997245,45.647269999784314],[-92.47355499960675,45.644965999961684],[-92.46835099987703,45.65205900022702],[-92.46842399967196,45.63793099971923],[-92.45296899994334,45.64111399977773],[-92.45808399998461,45.6488689997014],[-92.4528960001484,45.65183099975735],[-92.45297099959316,45.666173999748295],[-92.4760150000797,45.666462999716984],[-92.4736440001935,45.66058900000593],[-92.48125499979442,45.657660999692325]],[[-92.4736860000263,45.662977000178266],[-92.4736860000263,45.662977000178266]],[[-92.4675600000317,45.64754100004941],[-92.46318599960706,45.64838499993186],[-92.4675600000317,45.64754100004941]]]},"properties":{"NAME":"Frederic village","LSADC":"47"}},{"type":"Feature","geometry":{"type":"Polygon","coordinates":[[[-90.14187500044092,42.66436599973357],[-90.12572100003017,42.65714800012988],[-90.12234599986331,42.668456000063024],[-90.12666800040941,42.670227000190465],[-90.10515299991012,42.675440000254454],[-90.11240399966091,42.677295999744004],[-90.10155900035848,42.692567000252374],[-90.11516999955728,42.69283500018759],[-90.12094800029567,42.68286900005828],[-90.12766699976889,42.6828829998399],[-90.1248869996288,42.67169800017747],[-90.14167200005133,42.66955899974247],[-90.13479799986908,42.66516499998036],[-90.14187500044092,42.66436599973357]],[[-90.13560499960795,42.667838000320806],[-90.13560499960795,42.667838000320806]],[[-90.12786799961034,42.66478800012409],[-90.12786799961034,42.66478800012409]]]},"properties":{"NAME":"Darlington city","LSADC":"25"}},{"type":"Feature","geometry":{"type":"Polygon","coordinates":[[[-90.73122600027466,42.67109200012964],[-90.7311929997644,42.662223000140685],[-90.7198370001008,42.6813679997976],[-90.6968229997515,42.682163999996604],[-90.70172899955539,42.68786700026903],[-90.69229900043736,42.6874269997951],[-90.69982600037267,42.69568100008146],[-90.69447500032986,42.69681299993486],[-90.70136700005546,42.70220200024085],[-90.70388799972945,42.696911999679784],[-90.72138700000443,42.69669800025982],[-90.72044399982312,42.68212800032396],[-90.73122600027466,42.67109200012964]],[[-90.72600900012618,42.67495200000715],[-90.72600900012618,42.67495200000715]]]},"properties":{"NAME":"Potosi village","LSADC":"47"}},{"type":"Feature","geometry":{"type":"Polygon","coordinates":[[[-89.15003300032757,44.5056339998446],[-89.10535500041436,44.49716299982771],[-89.10524999993406,44.50378800019704],[-89.11284499964144,44.50275299974701],[-89.10780499994326,44.51133799971935],[-89.11291800033469,44.51833999998494],[-89.13812699994475,44.51853699994209],[-89.1382220003793,44.50820399989749],[-89.15003300032757,44.5056339998446]]]},"properties":{"NAME":"Iola village","LSADC":"47"}},{"type":"Feature","geometry":{"type":"Polygon","coordinates":[[[-91.01444800008196,43.90196200027326],[-91.0105089998505,43.89216900009584],[-91.00041600003536,43.89277100000191],[-91.00055900015047,43.884595999694376],[-90.97048800021915,43.88877600013431],[-90.98027999973543,43.889859000214116],[-90.970421000272,43.89212799972716],[-90.98046499968336,43.891838999864326],[-90.98538599955586,43.90216899972542],[-91.01444800008196,43.90196200027326]]]},"properties":{"NAME":"Bangor village","LSADC":"47"}},{"type":"Feature","geometry":{"type":"Polygon","coordinates":[[[-90.08628899967947,43.18622099974997],[-90.07394700017686,43.1679949999704],[-90.04449600038664,43.170960999733545],[-90.05905599961454,43.17550800028464],[-90.06141399998025,43.187540999726544],[-90.06399900012667,43.18250000000192],[-90.07457900001353,43.1824470000741],[-90.07783000033182,43.18974600013939],[-90.08628899967947,43.18622099974997]]]},"properties":{"NAME":"Spring Green village","LSADC":"47"}},{"type":"Feature","geometry":{"type":"Polygon","coordinates":[[[-88.41344699983757,43.07999000015518],[-88.39773099999304,43.080011000256505],[-88.39758899970282,43.08917400020519],[-88.3903639998913,43.09188600030014],[-88.39805599968305,43.09940099974769],[-88.38460299976968,43.10196500031205],[-88.41273999965783,43.105989000263676],[-88.41344699983757,43.07999000015518]]]},"properties":{"NAME":"Nashotah village","LSADC":"47"}},{"type":"Feature","geometry":{"type":"Polygon","coordinates":[[[-89.05256899988449,45.005405999970144],[-89.05309299976612,44.9936110001633],[-89.03275499979983,44.993463999729016],[-89.03215899994818,45.00408099999345],[-89.02188299983493,45.00759100027253],[-89.03199200044193,45.007994999738884],[-89.03163800043959,45.0147479997186],[-89.05218499974492,45.01527400011114],[-89.05256899988449,45.005405999970144]]]},"properties":{"NAME":"Mattoon village","LSADC":"47"}},{"type":"Feature","geometry":{"type":"Polygon","coordinates":[[[-88.93039200012389,44.47576799999269],[-88.93017700003873,44.44976099986391],[-88.91500000014446,44.446084000169385],[-88.9072320001847,44.457199999833435],[-88.9098430002704,44.46818299980846],[-88.91499000009871,44.468201999936596],[-88.91513700041182,44.475567999868744],[-88.93039200012389,44.47576799999269]]]},"properties":{"NAME":"Manawa city","LSADC":"25"}},{"type":"Feature","geometry":{"type":"Polygon","coordinates":[[[-88.93286799959203,43.5712640000097],[-88.93283800035313,43.566554000089866],[-88.92169199985351,43.566788000061784],[-88.92663700001545,43.56416899967521],[-88.92152799982196,43.55326700026748],[-88.92989699965624,43.55043500012461],[-88.90149199997948,43.55329000019447],[-88.90156300012458,43.5606099996869],[-88.89652400025133,43.56054699970726],[-88.89660000041931,43.56788699986128],[-88.91178099961321,43.57282500026878],[-88.93286799959203,43.5712640000097]],[[-88.92199499980221,43.56041899979368],[-88.92199499980221,43.56041899979368]]]},"properties":{"NAME":"Fox Lake city","LSADC":"25"}},{"type":"Feature","geometry":{"type":"MultiPolygon","coordinates":[[[[-88.72209800026128,43.40051500021327],[-88.70847899976822,43.39342400017028],[-88.69966200022029,43.40075899979566],[-88.69825100023385,43.39487600008427],[-88.69829200024172,43.40234600010232],[-88.68851599972068,43.40744499986306],[-88.69565900041474,43.411778999947856],[-88.68890900008104,43.41536899969701],[-88.69682799965352,43.41546100013827],[-88.6961780002735,43.4228120002805],[-88.70109599977296,43.41551000029493],[-88.71416899974474,43.415469999783824],[-88.71373799974951,43.40431600031776],[-88.72209800026128,43.40051500021327]]],[[[-88.70439700031993,43.37926600016525],[-88.70293399955666,43.38578600032056],[-88.70439700031993,43.37926600016525]]],[[[-88.71128999987044,43.38256900013542],[-88.7048940004374,43.37873100002691],[-88.71128999987044,43.38256900013542]]]]},"properties":{"NAME":"Juneau city","LSADC":"25"}},{"type":"Feature","geometry":{"type":"Polygon","coordinates":[[[-89.74916599963186,43.28074199981596],[-89.73926199996258,43.278679000119894],[-89.74294299955287,43.25540499980056],[-89.72459999972914,43.26387399988238],[-89.71325400011126,43.282092000152296],[-89.74916599963186,43.28074199981596]],[[-89.73943600003986,43.26198499990999],[-89.73943600003986,43.26198499990999]]]},"properties":{"NAME":"Sauk City village","LSADC":"47"}},{"type":"Feature","geometry":{"type":"Polygon","coordinates":[[[-88.02470300009756,45.23297100005426],[-87.99874200010191,45.22451599969784],[-87.9962630002607,45.21665499984104],[-87.98868400044685,45.219578000079174],[-87.99371800029725,45.226945999807924],[-87.98708099994147,45.22444599968642],[-87.99371999994706,45.227127999879286],[-87.98858999983719,45.23533999990135],[-88.00801200028467,45.239074000154865],[-88.01438699980132,45.24994900008954],[-88.01957600036073,45.249941999746305],[-88.02470300009756,45.23297100005426]]]},"properties":{"NAME":"Crivitz village","LSADC":"47"}},{"type":"Feature","geometry":{"type":"Polygon","coordinates":[[[-90.32829800015206,44.91822699990364],[-90.32516900003253,44.898597999977575],[-90.3150720000194,44.902363000318104],[-90.31516800027887,44.89203200026571],[-90.30884999976533,44.8916059997105],[-90.3040960002974,44.90603700009892],[-90.31261099972154,44.91684200026499],[-90.31111600006952,44.931253999761495],[-90.32829800015206,44.91822699990364]]]},"properties":{"NAME":"Colby city","LSADC":"25"}},{"type":"Feature","geometry":{"type":"Polygon","coordinates":[[[-88.46169200043656,44.82450699998887],[-88.4589290000149,44.81679900015411],[-88.450248999836,44.81525800006223],[-88.45837599982096,44.805948999891186],[-88.45821400033755,44.78816799969832],[-88.45308300040278,44.78810799993641],[-88.44800699982126,44.79170000010033],[-88.45314399960384,44.802739000017645],[-88.43780799970091,44.80238399995483],[-88.43808600043357,44.811688999724424],[-88.43283400012496,44.812030999899775],[-88.43882299985222,44.82041999969535],[-88.43386699981961,44.8237529998809],[-88.46169200043656,44.82450699998887]]]},"properties":{"NAME":"Cecil village","LSADC":"47"}},{"type":"Feature","geometry":{"type":"Polygon","coordinates":[[[-89.81510100030152,43.16688699981169],[-89.80182400011522,43.16215499991673],[-89.79699600012914,43.169350000226935],[-89.77886900021547,43.16319099987496],[-89.7888049996718,43.17309899986137],[-89.7738529999084,43.16794000026804],[-89.76893000038609,43.17679200004338],[-89.78790900024447,43.17433099977218],[-89.78884200038003,43.18398600002336],[-89.79542899960879,43.18487500024791],[-89.81365099995702,43.17658300022383],[-89.81510100030152,43.16688699981169]],[[-89.80013500029445,43.17042400003328],[-89.80013500029445,43.17042400003328]],[[-89.79974699995692,43.17192299984049],[-89.79974699995692,43.17192299984049]]]},"properties":{"NAME":"Mazomanie village","LSADC":"47"}},{"type":"Feature","geometry":{"type":"Polygon","coordinates":[[[-92.2991710003478,44.94630200002883],[-92.28803800026698,44.945530000279554],[-92.2912369998084,44.93507899984981],[-92.28513199973018,44.94210700008196],[-92.27824800040051,44.93827700011881],[-92.283245000441,44.93659399986601],[-92.28054800014158,44.931120000187846],[-92.26794600034798,44.93451000007112],[-92.27810899958503,44.94280600013735],[-92.27794200007877,44.94913400022389],[-92.27282200001464,44.94893399982065],[-92.27802300026961,44.96021200005776],[-92.29865499996376,44.96087500020373],[-92.2991710003478,44.94630200002883]]]},"properties":{"NAME":"Woodville village","LSADC":"47"}},{"type":"Feature","geometry":{"type":"Polygon","coordinates":[[[-92.38018299955598,45.877497000056806],[-92.35972199956606,45.87060000006611],[-92.35962200000695,45.86353299995112],[-92.34914400022731,45.859570999895375],[-92.3492489998093,45.8667949996942],[-92.3545849997835,45.86693800029076],[-92.35454799997356,45.89549599999974],[-92.36675899995491,45.895581999918384],[-92.36697099966702,45.88844499971807],[-92.37468099990043,45.888524999755695],[-92.38018299955598,45.877497000056806]]]},"properties":{"NAME":"Webster village","LSADC":"47"}},{"type":"Feature","geometry":{"type":"Polygon","coordinates":[[[-89.39260400031665,42.61785399992316],[-89.38653799969818,42.60449899980322],[-89.36685199966006,42.604680000263144],[-89.36114999998799,42.607701999999314],[-89.3669119999345,42.60980400013955],[-89.36701499986667,42.62630999978301],[-89.35956300027443,42.628370999988256],[-89.37687699970316,42.63358499990075],[-89.38072300004819,42.62019699970218],[-89.39260400031665,42.61785399992316]]]},"properties":{"NAME":"Brodhead city","LSADC":"25"}},{"type":"Feature","geometry":{"type":"Polygon","coordinates":[[[-91.98373000030577,44.61786800003332],[-91.96852800029714,44.61824299982323],[-91.96486600007512,44.607037999978274],[-91.96354899980001,44.61826000016041],[-91.95522000014871,44.61469599987943],[-91.95851099975164,44.6183270001245],[-91.951543999683,44.62068300020618],[-91.9434689995766,44.639820000057114],[-91.9649770004032,44.63988300004923],[-91.96714300024998,44.63004700009431],[-91.98373000030577,44.61786800003332]]]},"properties":{"NAME":"Durand city","LSADC":"25"}},{"type":"Feature","geometry":{"type":"Polygon","coordinates":[[[-88.76935200010007,42.51526500012921],[-88.76931699993997,42.50647299999808],[-88.73730399956955,42.504708999729715],[-88.73710899957587,42.492743000035304],[-88.72179799978731,42.49321299971804],[-88.72267999986923,42.50174800030121],[-88.71748399963712,42.49608199974871],[-88.72258899963265,42.50952699983022],[-88.76935200010007,42.51526500012921]]]},"properties":{"NAME":"Sharon village","LSADC":"47"}},{"type":"Feature","geometry":{"type":"Polygon","coordinates":[[[-92.58064900008272,45.45832600014212],[-92.57023700042534,45.45465699995487],[-92.56974799980547,45.440356000279564],[-92.54426300001089,45.440076000203916],[-92.54453900019541,45.45071400029535],[-92.53943199965177,45.450756999925744],[-92.54984199965932,45.459902000221696],[-92.58064900008272,45.45832600014212]]]},"properties":{"NAME":"Centuria village","LSADC":"47"}},{"type":"Feature","geometry":{"type":"Polygon","coordinates":[[[-90.21816800034128,45.33063899978201],[-90.21801099998245,45.30930199989047],[-90.18769099963077,45.30931499974908],[-90.18820600018991,45.330509000087346],[-90.21816800034128,45.33063899978201]]]},"properties":{"NAME":"Rib Lake village","LSADC":"47"}},{"type":"Feature","geometry":{"type":"Polygon","coordinates":[[[-90.7723780004083,43.44134399978473],[-90.74684199966177,43.438781999874365],[-90.74761499996377,43.459496000309734],[-90.76843099978092,43.458635999739194],[-90.7723780004083,43.44134399978473]]]},"properties":{"NAME":"Readstown village","LSADC":"47"}},{"type":"Feature","geometry":{"type":"Polygon","coordinates":[[[-92.18119200038642,44.96640000029218],[-92.17601600024581,44.94469499972627],[-92.16068299981761,44.94475300025625],[-92.16068600019067,44.97009199977337],[-92.17599699997922,44.973752999815815],[-92.18119200038642,44.96640000029218]]]},"properties":{"NAME":"Wilson village","LSADC":"47"}},{"type":"Feature","geometry":{"type":"Polygon","coordinates":[[[-88.60955200035846,42.53125700011816],[-88.60908799985297,42.52407599982365],[-88.59941900036033,42.520301999673535],[-88.5662569999443,42.52373100004366],[-88.58335600018616,42.52738800007926],[-88.58913300020133,42.54198600030837],[-88.60443999979194,42.54288100023497],[-88.60955200035846,42.53125700011816]],[[-88.60079600001158,42.53916299986251],[-88.60079600001158,42.53916299986251]],[[-88.58907100027706,42.529604999818545],[-88.58907100027706,42.529604999818545]]]},"properties":{"NAME":"Walworth village","LSADC":"47"}},{"type":"Feature","geometry":{"type":"Polygon","coordinates":[[[-89.56148699974496,43.31236599985858],[-89.56145499995792,43.307772000270994],[-89.52163500016802,43.30673200011989],[-89.52193599956857,43.32637200010512],[-89.5347850001327,43.322635999966025],[-89.54664600030966,43.327440999943114],[-89.54159400001761,43.31839799978506],[-89.56148699974496,43.31236599985858]]]},"properties":{"NAME":"Lodi city","LSADC":"25"}},{"type":"Feature","geometry":{"type":"Polygon","coordinates":[[[-91.05494200043964,44.94605500014978],[-91.02460199999649,44.94420400014936],[-91.02466899994364,44.962329000254265],[-91.05487899979214,44.96232299997918],[-91.05494200043964,44.94605500014978]]]},"properties":{"NAME":"Boyd village","LSADC":"47"}},{"type":"Feature","geometry":{"type":"Polygon","coordinates":[[[-89.6740770000287,43.110926000167346],[-89.66524700006198,43.10246699986392],[-89.66193600036756,43.10962199973091],[-89.66041700042608,43.1042980001904],[-89.65048500026941,43.104364999886265],[-89.65172600037653,43.11170200008757],[-89.6355590004453,43.10557000005577],[-89.63748099989459,43.1133249998673],[-89.6304910002597,43.11125900015769],[-89.62298400041588,43.12293800005304],[-89.63534299963692,43.12228700005491],[-89.62543700031782,43.12431799968283],[-89.63156199958921,43.12970800000746],[-89.64526999977072,43.117163999848856],[-89.65514699967582,43.122422999798005],[-89.66312700024596,43.117694000179796],[-89.66090799979744,43.11195500028327],[-89.6740770000287,43.110926000167346]]]},"properties":{"NAME":"Cross Plains village","LSADC":"47"}},{"type":"Feature","geometry":{"type":"MultiPolygon","coordinates":[[[[-88.98475199994851,43.83793200016373],[-88.97589799969234,43.83707900019317],[-88.97607799961739,43.831480999878295],[-88.96078899957014,43.84359299985848],[-88.96269199965117,43.837626999793486],[-88.9439660004111,43.8354450000368],[-88.93088300039356,43.85781099996442],[-88.9459459995867,43.85463799986416],[-88.94364599984563,43.84407599973379],[-88.95993699962544,43.854883999697165],[-88.98475199994851,43.83793200016373]],[[-88.96851499969708,43.84406200013044],[-88.96059000027682,43.846541999849634],[-88.96851499969708,43.84406200013044]]],[[[-88.93613200032912,43.84400999981647],[-88.9307450003013,43.84497999992888],[-88.93613200032912,43.84400999981647]]]]},"properties":{"NAME":"Green Lake city","LSADC":"25"}},{"type":"Feature","geometry":{"type":"Polygon","coordinates":[[[-90.6736670000103,46.31619200000909],[-90.64793600016841,46.312977999961284],[-90.64759100038692,46.33484999999341],[-90.67366500036047,46.3348660001956],[-90.6736670000103,46.31619200000909]]]},"properties":{"NAME":"Mellen city","LSADC":"25"}},{"type":"Feature","geometry":{"type":"Polygon","coordinates":[[[-88.32426400026353,44.26944699968479],[-88.32418399989758,44.26105199968767],[-88.30088400021633,44.2570779999043],[-88.30391899972625,44.25076399990443],[-88.28372600042321,44.25036600004443],[-88.28370600033175,44.25556599979391],[-88.29309600016511,44.25406599984746],[-88.29296800011859,44.27493900008985],[-88.32052500004862,44.277249999752904],[-88.32426400026353,44.26944699968479]]]},"properties":{"NAME":"Combined Locks village","LSADC":"47"}},{"type":"Feature","geometry":{"type":"Polygon","coordinates":[[[-89.58882399956696,44.49722000007915],[-89.57700299957294,44.49038499988968],[-89.57609600027497,44.47978400010626],[-89.54847400004765,44.48181099988359],[-89.54851000003264,44.488336999952175],[-89.5334050001084,44.49006500019393],[-89.53358400020855,44.500936999985655],[-89.56953099988922,44.49399700003328],[-89.58882399956696,44.49722000007915]]]},"properties":{"NAME":"Whiting village","LSADC":"47"}},{"type":"Feature","geometry":{"type":"Polygon","coordinates":[[[-92.51929600025015,45.528287000169364],[-92.51430699970729,45.51582499986247],[-92.48874200044507,45.515792999969214],[-92.48854499990327,45.53736099977489],[-92.50897999995392,45.53755899972458],[-92.5090560001219,45.53079800013733],[-92.51929600025015,45.528287000169364]]]},"properties":{"NAME":"Milltown village","LSADC":"47"}},{"type":"Feature","geometry":{"type":"Polygon","coordinates":[[[-89.18390200002504,44.827208000290504],[-89.17879299983159,44.81240600029895],[-89.17360400017047,44.81234299992308],[-89.17369500040706,44.818882000137314],[-89.1434810003606,44.82068699998253],[-89.15860600037634,44.82125099991104],[-89.15857000039134,44.83024999973827],[-89.14345500042134,44.82661800026876],[-89.14323199994027,44.8346220003119],[-89.16925999988305,44.83398699969767],[-89.16891900029952,44.84123899997746],[-89.17365100002613,44.841315999772185],[-89.17374899993544,44.834059000124036],[-89.18375700026009,44.83409499998498],[-89.18390200002504,44.827208000290504]]]},"properties":{"NAME":"Wittenberg village","LSADC":"47"}},{"type":"Feature","geometry":{"type":"Polygon","coordinates":[[[-89.97605199973854,44.91975299979012],[-89.97428699974978,44.909017999796276],[-89.95684399955131,44.909064999989695],[-89.94646200003116,44.93448200004602],[-89.96397600037473,44.93787300013571],[-89.96394700006242,44.93120900002495],[-89.97408000006054,44.93065000010407],[-89.97605199973854,44.91975299979012]]]},"properties":{"NAME":"Edgar village","LSADC":"47"}},{"type":"Feature","geometry":{"type":"Polygon","coordinates":[[[-89.07300999978293,44.73858800010379],[-89.04775000011924,44.734379999870946],[-89.03248399963819,44.74139100000282],[-89.03253100039218,44.73586800011487],[-89.0200650001427,44.73438499971932],[-89.01712699981887,44.74485000025589],[-89.06230799969731,44.74709899990555],[-89.07298899986652,44.74565200001269],[-89.07300999978293,44.73858800010379]]]},"properties":{"NAME":"Tigerton village","LSADC":"47"}},{"type":"Feature","geometry":{"type":"Polygon","coordinates":[[[-91.45165400015595,44.006362999777686],[-91.41674299964467,43.984279999960236],[-91.40091100034749,43.98422899979103],[-91.41097200037561,43.984812000025585],[-91.41089600020761,43.998664000171004],[-91.42660299983133,44.000003000131365],[-91.41588700040032,44.005926999734854],[-91.42090199998415,44.0131790000901],[-91.42127600007797,44.003093999784376],[-91.42597600001751,44.00348900010027],[-91.42278400014878,44.020314000274304],[-91.45099899985475,44.013248000169135],[-91.45165400015595,44.006362999777686]],[[-91.43091899963132,44.01322199989598],[-91.43091899963132,44.01322199989598]]]},"properties":{"NAME":"Trempealeau village","LSADC":"47"}},{"type":"Feature","geometry":{"type":"MultiPolygon","coordinates":[[[[-90.31691099962804,44.757341999695925],[-90.30952599998294,44.74651599994456],[-90.27913000036159,44.746576999936835],[-90.27915499957763,44.75377399973022],[-90.28935000039836,44.75562300016244],[-90.2897129997232,44.7646660002199],[-90.2996880004359,44.765074999834155],[-90.3002230001882,44.7719740002526],[-90.30073899967391,44.76468299972663],[-90.31691099962804,44.757341999695925]]],[[[-90.23900900027282,44.7572360002527],[-90.23900900027282,44.7572360002527]]]]},"properties":{"NAME":"Spencer village","LSADC":"47"}},{"type":"Feature","geometry":{"type":"Polygon","coordinates":[[[-92.49605099992219,45.56961899989935],[-92.4679890003771,45.56586399985046],[-92.46297800009292,45.55515999976313],[-92.4527050003527,45.555057000098685],[-92.45787599957215,45.564038000194806],[-92.44263199973071,45.56927099984178],[-92.44259599974569,45.57652400027014],[-92.47161100041613,45.580316999753094],[-92.46817299960179,45.587475999926106],[-92.47341099966668,45.58751200004642],[-92.47336700018408,45.58032699984161],[-92.48874999994267,45.58044399980152],[-92.48856499999475,45.56924899971511],[-92.49605099992219,45.56961899989935]]]},"properties":{"NAME":"Luck village","LSADC":"47"}},{"type":"Feature","geometry":{"type":"Polygon","coordinates":[[[-87.84812499960611,44.35282599974551],[-87.84675800000062,44.3387240003089],[-87.84058299960219,44.3382950000196],[-87.81855199961718,44.34032899980888],[-87.81007300017805,44.351145999687226],[-87.8185730004319,44.34935599975227],[-87.81465500011682,44.35668100018334],[-87.82168099973671,44.36047499999412],[-87.8324869995794,44.35667900007123],[-87.83676499974457,44.366010999684384],[-87.83675300004901,44.360272000129314],[-87.84671100014495,44.359394000097126],[-87.840519999853,44.35289900024228],[-87.84812499960611,44.35282599974551]]]},"properties":{"NAME":"Denmark village","LSADC":"47"}},{"type":"Feature","geometry":{"type":"Polygon","coordinates":[[[-90.60736700036597,45.53747300011809],[-90.60712799999138,45.52291400025289],[-90.56630899994369,45.52255299987715],[-90.56651200033328,45.5370859999466],[-90.60736700036597,45.53747300011809]]]},"properties":{"NAME":"Kennan village","LSADC":"47"}},{"type":"Feature","geometry":{"type":"Polygon","coordinates":[[[-90.1408669999623,44.45339700026028],[-90.13930100016516,44.42437000031764],[-90.11960500008131,44.424331000216384],[-90.12040000012459,44.453467000072266],[-90.1408669999623,44.45339700026028]]]},"properties":{"NAME":"Pittsville city","LSADC":"25"}},{"type":"Feature","geometry":{"type":"MultiPolygon","coordinates":[[[[-89.3566740003544,43.80155199978571],[-89.35665199971479,43.79545400008145],[-89.33682199973661,43.79137499984826],[-89.33688600020905,43.78105500031337],[-89.31182900003661,43.779418999820564],[-89.31681500020645,43.78121800030627],[-89.31713200039886,43.799369000283306],[-89.33072800042737,43.802842000269735],[-89.33684900039911,43.79481499994926],[-89.34616499971432,43.79778600005551],[-89.34439100040305,43.81392999984033],[-89.35153699967353,43.81360199981104],[-89.35063799987316,43.803325999685384],[-89.3566740003544,43.80155199978571]]],[[[-89.32717099978733,43.80425999977791],[-89.32211099999768,43.806521999784856],[-89.32717099978733,43.80425999977791]]]]},"properties":{"NAME":"Montello city","LSADC":"25"}},{"type":"Feature","geometry":{"type":"MultiPolygon","coordinates":[[[[-89.0745980002197,43.3886020001919],[-89.06939199994184,43.37778900029339],[-89.02939700024976,43.37697900030712],[-89.02962499985539,43.3930349999015],[-89.02003900020344,43.39681299978913],[-89.05215299995787,43.39351600000134],[-89.05465299971549,43.38527400023604],[-89.0745980002197,43.3886020001919]]],[[[-89.0645809996742,43.37780400010642],[-89.0645809996742,43.37780400010642]]]]},"properties":{"NAME":"Fall River village","LSADC":"47"}},{"type":"Feature","geometry":{"type":"Polygon","coordinates":[[[-88.4838020000643,43.10638000013268],[-88.45995900023483,43.08360900015028],[-88.4416440000002,43.08338000016991],[-88.434877999773,43.09742600013075],[-88.42456200037508,43.09861299973838],[-88.42458400011637,43.10402299988752],[-88.44103999975262,43.10807099975121],[-88.4838020000643,43.10638000013268]]]},"properties":{"NAME":"Oconomowoc Lake village","LSADC":"47"}},{"type":"Feature","geometry":{"type":"MultiPolygon","coordinates":[[[[-91.8929629995946,44.2351490001634],[-91.87253099991698,44.23325300023496],[-91.87242100031214,44.201387000308124],[-91.83342499997953,44.20149099987054],[-91.83342199960649,44.20869999969366],[-91.84848800007099,44.220488999905804],[-91.84832499986437,44.230485000187784],[-91.8583390000368,44.23049999982476],[-91.85824299977733,44.23769299975701],[-91.84802500028871,44.2377189998884],[-91.84777599986838,44.24498099988512],[-91.88751000034286,44.24793899982957],[-91.8929629995946,44.2351490001634]]],[[[-91.84325199965589,44.22324199989783],[-91.83828999977553,44.222361999781],[-91.84325199965589,44.22324199989783]]]]},"properties":{"NAME":"Buffalo City city","LSADC":"25"}},{"type":"Feature","geometry":{"type":"Polygon","coordinates":[[[-92.65177699971312,45.34769699989649],[-92.64642300019558,45.354014999695195],[-92.63746600000725,45.350334999997244],[-92.6396240003564,45.3466830000348],[-92.61590600020041,45.35019700009648],[-92.62611899966616,45.35540200026631],[-92.62610199994774,45.382979000076226],[-92.6363219999845,45.38302599976621],[-92.63617899986936,45.36141900011336],[-92.65171899998678,45.36122300030349],[-92.65177699971312,45.34769699989649]]]},"properties":{"NAME":"Dresser village","LSADC":"47"}},{"type":"Feature","geometry":{"type":"Polygon","coordinates":[[[-89.31581400029881,43.52888000021623],[-89.31579599985717,43.524656999676694],[-89.28627499974675,43.52503200015843],[-89.2860670002326,43.546847999874934],[-89.31576800026806,43.546862000020404],[-89.31581400029881,43.52888000021623]]]},"properties":{"NAME":"Pardeeville village","LSADC":"47"}},{"type":"Feature","geometry":{"type":"MultiPolygon","coordinates":[[[[-89.65733299961407,42.81601199992843],[-89.64737299986828,42.8161380002951],[-89.64736100017274,42.80715700007606],[-89.63512799955176,42.80439500020428],[-89.63918800015703,42.80045599986796],[-89.63286100032099,42.80047500019894],[-89.63128700012791,42.80717799986664],[-89.6286590003238,42.791676000091094],[-89.62245499961305,42.79987999976175],[-89.62940099976532,42.79807400013519],[-89.6307580002234,42.80553600022133],[-89.61752600024295,42.81064100004899],[-89.61747900038728,42.82508199970002],[-89.62253599980392,42.81772099978327],[-89.62214699964147,42.821757999711096],[-89.64621799997488,42.821936999805864],[-89.64737200004336,42.816221000113956],[-89.65733299961407,42.81601199992843]]],[[[-89.62453000012152,42.80470299984436],[-89.62453000012152,42.80470299984436]]]]},"properties":{"NAME":"New Glarus village","LSADC":"47"}},{"type":"Feature","geometry":{"type":"Polygon","coordinates":[[[-90.03555099989389,44.63379099986305],[-90.0354959996423,44.61925199993414],[-89.99493100003781,44.61961299990248],[-89.99494199990848,44.6251429999933],[-89.9861560003227,44.625030999712685],[-89.99492900038798,44.626851999943085],[-89.99494699993134,44.63407399976801],[-90.03555099989389,44.63379099986305]]]},"properties":{"NAME":"Auburndale village","LSADC":"47"}},{"type":"Feature","geometry":{"type":"MultiPolygon","coordinates":[[[[-91.30127100001191,44.77471799991006],[-91.30118099960022,44.76693300003564],[-91.28598699998751,44.76337400010725],[-91.28594500015471,44.75032399993407],[-91.26185200008,44.75275800000444],[-91.26184399968407,44.77110700027314],[-91.29104699977718,44.768515000205035],[-91.29105699982291,44.7767170002472],[-91.30127100001191,44.77471799991006]]],[[[-91.26684499992251,44.77825599976894],[-91.25860599978458,44.77535799976006],[-91.26684499992251,44.77825599976894]]]]},"properties":{"NAME":"Fall Creek village","LSADC":"47"}},{"type":"Feature","geometry":{"type":"Polygon","coordinates":[[[-92.20317300014274,46.64138400018381],[-92.18194100039896,46.633575999716875],[-92.16924199962268,46.65920299990112],[-92.19747899996825,46.66241699993017],[-92.20317300014274,46.64138400018381]]]},"properties":{"NAME":"Oliver village","LSADC":"47"}},{"type":"Feature","geometry":{"type":"Polygon","coordinates":[[[-91.23721500003214,44.580418999854366],[-91.23717700039732,44.572117000252284],[-91.20168299955485,44.57552799994473],[-91.19157200019633,44.56820500010585],[-91.19600000014934,44.58095399975098],[-91.18584700005972,44.582737999700576],[-91.18588200021982,44.59010900022875],[-91.20968900006426,44.58654499990472],[-91.20626200001888,44.57920099968306],[-91.21133799970208,44.58679699978538],[-91.23721500003214,44.580418999854366]]]},"properties":{"NAME":"Osseo city","LSADC":"25"}},{"type":"Feature","geometry":{"type":"Polygon","coordinates":[[[-89.22893800013853,43.956946000181055],[-89.22888999955964,43.95287200019269],[-89.20362300022326,43.952882000222225],[-89.20360700032974,43.9744789997969],[-89.21734499975017,43.9745359998371],[-89.20400700036281,43.97837499995768],[-89.21879400026975,43.98270899972992],[-89.21757599972884,43.97453200011962],[-89.22884899955177,43.97449299978913],[-89.22893800013853,43.956946000181055]]]},"properties":{"NAME":"Neshkoro village","LSADC":"47"}},{"type":"Feature","geometry":{"type":"Polygon","coordinates":[[[-91.01805000002953,45.487690000071204],[-91.01768599998145,45.473131999686615],[-90.97631600028792,45.47299000016765],[-90.97664099997795,45.48765799992722],[-91.01805000002953,45.487690000071204]]]},"properties":{"NAME":"Tony village","LSADC":"47"}},{"type":"Feature","geometry":{"type":"Polygon","coordinates":[[[-89.75904900028304,43.29428000011149],[-89.75410599977093,43.28177499978824],[-89.74590500016615,43.281837000247215],[-89.7391869996195,43.294048000199226],[-89.73422800011218,43.289205999913044],[-89.73917900012192,43.28915800012531],[-89.73924699989398,43.28189700016717],[-89.71325400011126,43.282092000152296],[-89.73173400020237,43.30753199970356],[-89.73424999985349,43.3002729998984],[-89.7541240002126,43.302084999731136],[-89.74909100018711,43.290877999937024],[-89.75904900028304,43.29428000011149]]]},"properties":{"NAME":"Prairie du Sac village","LSADC":"47"}},{"type":"Feature","geometry":{"type":"Polygon","coordinates":[[[-87.76662899980094,43.91908300006405],[-87.76647399999025,43.906700999812244],[-87.72626300038812,43.91177699997682],[-87.72026100024206,43.9324479998341],[-87.72616700012864,43.93424499971353],[-87.72443999977472,43.92154299993073],[-87.73144000035363,43.92263199992384],[-87.73139000012493,43.91552400026762],[-87.74525800014001,43.91770499996664],[-87.74655100012566,43.92858700032079],[-87.76146299970608,43.92744700024315],[-87.75835100020328,43.924257000185904],[-87.76662899980094,43.91908300006405]],[[-87.75278699972515,43.90997699989788],[-87.75278699972515,43.90997699989788]]]},"properties":{"NAME":"Cleveland village","LSADC":"47"}},{"type":"Feature","geometry":{"type":"Polygon","coordinates":[[[-87.80933800040921,43.61968800018387],[-87.77030500026667,43.61572699995913],[-87.76943099968236,43.63029100006437],[-87.7954469999296,43.630390999874365],[-87.78768499981764,43.63786499988322],[-87.79245099987943,43.639168000294745],[-87.79616099978203,43.630390999874365],[-87.80793300027055,43.62886399972672],[-87.80933800040921,43.61968800018387]]]},"properties":{"NAME":"Oostburg village","LSADC":"47"}},{"type":"Feature","geometry":{"type":"Polygon","coordinates":[[[-90.2816090002028,43.75341800018828],[-90.28131899977458,43.73157999982701],[-90.26838200024523,43.73130600002176],[-90.26795600027287,43.72301899979439],[-90.2589689999473,43.72431599994677],[-90.26605900003963,43.729229999962655],[-90.25289499983123,43.73806900022905],[-90.25894300000806,43.73519699976604],[-90.25532699981677,43.73904000022399],[-90.26634100007193,43.74621199975876],[-90.27262900044826,43.764109999826566],[-90.2816090002028,43.75341800018828]]]},"properties":{"NAME":"Elroy city","LSADC":"25"}},{"type":"Feature","geometry":{"type":"Polygon","coordinates":[[[-90.31003999981883,45.53462000028855],[-90.29077899992815,45.531413999732884],[-90.29070600013321,45.52516600011267],[-90.28437099990123,45.52425100027594],[-90.27935600031739,45.53740199970731],[-90.26906799961027,45.538698999771476],[-90.27964800039544,45.545714000254655],[-90.27985400025977,45.55348300013602],[-90.3011529999507,45.5531549999269],[-90.30517400019792,45.54288700012999],[-90.3009499995611,45.53826000012038],[-90.31003999981883,45.53462000028855]]]},"properties":{"NAME":"Prentice village","LSADC":"47"}},{"type":"Feature","geometry":{"type":"MultiPolygon","coordinates":[[[[-89.09670700002253,43.045017000289924],[-89.09182600033299,43.044296000325254],[-89.08616099957251,43.05622999974841],[-89.08134000015745,43.05002599978165],[-89.08625299963401,43.05155999968264],[-89.08705699989814,43.04079700016695],[-89.06661900037277,43.04488999999041],[-89.06646500038697,43.03861200026214],[-89.07190500011824,43.041168000242],[-89.07708100025886,43.03339000027458],[-89.06385400030128,43.03402600001254],[-89.05706700015767,43.040893000148436],[-89.06192199990792,43.039861999802355],[-89.06141899994269,43.04949299991944],[-89.06915299956724,43.04840400006295],[-89.0613910003536,43.04979500013295],[-89.06110000010045,43.05938800021705],[-89.07243499984766,43.0629210001782],[-89.0811040001559,43.05627900015486],[-89.09596999970555,43.05867799974929],[-89.09670700002253,43.045017000289924]],[[-89.09348900021452,43.0514980000575],[-89.09348900021452,43.0514980000575]],[[-89.09121700006254,43.05436599985989],[-89.09121700006254,43.05436599985989]]],[[[-89.08760599989415,43.04909899987908],[-89.08760599989415,43.04909899987908]]]]},"properties":{"NAME":"Deerfield village","LSADC":"47"}},{"type":"Feature","geometry":{"type":"Polygon","coordinates":[[[-88.45548400042618,43.5970730001774],[-88.45098899962773,43.595571000153086],[-88.45502599976848,43.583598999720024],[-88.44616900003757,43.58355200007849],[-88.44392199999994,43.57271200008163],[-88.4423629998755,43.58352100012872],[-88.44004600041599,43.57837300019033],[-88.42772400010656,43.58351600005132],[-88.43190299963923,43.60246400026995],[-88.44111599992058,43.60889500021907],[-88.44162499973362,43.62352199998667],[-88.44657099972046,43.621281000065075],[-88.44865499955147,43.62656700004594],[-88.45047099959386,43.61699799988423],[-88.44129599984566,43.616209999731545],[-88.44117299982199,43.60568200009126],[-88.45032099980604,43.605738999730974],[-88.4486560002747,43.59798900031135],[-88.45548400042618,43.5970730001774]],[[-88.44367500012774,43.60309299984695],[-88.44367500012774,43.60309299984695]]]},"properties":{"NAME":"Lomira village","LSADC":"47"}},{"type":"Feature","geometry":{"type":"Polygon","coordinates":[[[-87.86469300029368,43.493267999759574],[-87.85068899983614,43.49583799998806],[-87.84564800031305,43.486748000220764],[-87.83145600043288,43.48769200027244],[-87.83077299964425,43.50462600030562],[-87.85072999984403,43.50676399987309],[-87.84666099991624,43.52128799978119],[-87.85642700039158,43.52041099978789],[-87.86317299962896,43.50313399976243],[-87.86058900020578,43.49231700029371],[-87.86469300029368,43.493267999759574]]]},"properties":{"NAME":"Belgium village","LSADC":"47"}},{"type":"Feature","geometry":{"type":"Polygon","coordinates":[[[-92.54474800043278,45.21004999975691],[-92.5445030002104,45.18387300001573],[-92.51850000038196,45.187555999943626],[-92.5187220001398,45.209633000222816],[-92.54474800043278,45.21004999975691]]]},"properties":{"NAME":"Star Prairie village","LSADC":"47"}},{"type":"Feature","geometry":{"type":"MultiPolygon","coordinates":[[[[-89.07964499959056,43.17042799979107],[-89.07758800042205,43.16239999990791],[-89.05977699997757,43.16045399979091],[-89.05789700036108,43.1673569997234],[-89.0397989998614,43.16486400026674],[-89.03944599968399,43.17565599979265],[-89.05442000008698,43.17737900023348],[-89.05899500035305,43.18551900002978],[-89.0775349998203,43.180755999705305],[-89.06956199982116,43.17394300032672],[-89.0755499997235,43.17613599980107],[-89.07964499959056,43.17042799979107]]],[[[-89.05979700006905,43.188176000251936],[-89.05979700006905,43.188176000251936]]],[[[-89.07902299979962,43.18162599969084],[-89.06880799978573,43.18922100009274],[-89.07902299979962,43.18162599969084]]]]},"properties":{"NAME":"Marshall village","LSADC":"47"}},{"type":"Feature","geometry":{"type":"Polygon","coordinates":[[[-92.45154100023846,44.96046400000339],[-92.4309150003921,44.952700000153726],[-92.42589200041236,44.962327999784726],[-92.43606800006819,44.96710900009938],[-92.42590300028301,44.96347299971168],[-92.42082000002878,44.974268999705544],[-92.42590900013079,44.97427100022813],[-92.42594699976563,44.98149699983601],[-92.45128099994747,44.985312999986775],[-92.44614099979187,44.97482399969525],[-92.45154100023846,44.96046400000339]]]},"properties":{"NAME":"Hammond village","LSADC":"47"}},{"type":"Feature","geometry":{"type":"Polygon","coordinates":[[[-89.22373500023373,45.0224420001375],[-89.22347800031578,45.00072400003454],[-89.19426799965169,45.00087599988695],[-89.19381300026532,45.02257200024212],[-89.22373500023373,45.0224420001375]]]},"properties":{"NAME":"Aniwa village","LSADC":"47"}},{"type":"Feature","geometry":{"type":"Polygon","coordinates":[[[-91.11621300025644,43.35756999993389],[-91.08675700044334,43.33532399978797],[-91.07461400023406,43.33564900005333],[-91.09031300036017,43.36439700030135],[-91.1108179998327,43.36426200008707],[-91.11621300025644,43.35756999993389]]]},"properties":{"NAME":"Ferryville village","LSADC":"47"}},{"type":"Feature","geometry":{"type":"Polygon","coordinates":[[[-89.90843800019216,43.705790000227495],[-89.90853799975127,43.69904299976229],[-89.87846699981995,43.69901699981227],[-89.8783720002837,43.70632200000156],[-89.87783099978532,43.7013030000458],[-89.86890899975708,43.701514999719315],[-89.87827100000138,43.71356600000204],[-89.8883470000981,43.713569999723596],[-89.88822300024954,43.72086999985511],[-89.90822099955888,43.72083999974812],[-89.90843800019216,43.705790000227495]]]},"properties":{"NAME":"Lyndon Station village","LSADC":"47"}},{"type":"Feature","geometry":{"type":"MultiPolygon","coordinates":[[[[-88.50378900040131,43.81767200013796],[-88.48859700043842,43.81166799968374],[-88.50127100020204,43.813735999827216],[-88.4934959996713,43.80765099979836],[-88.50100900026122,43.80403200005028],[-88.48426499984659,43.795551000029796],[-88.47803199972184,43.8009260002604],[-88.4706560002976,43.79724899981305],[-88.47441300005583,43.80772999978201],[-88.46979599995696,43.80998800022431],[-88.47532299972687,43.809871000227815],[-88.47044700006022,43.81688800030755],[-88.47661900008558,43.820811999911086],[-88.49458500034078,43.82516399987616],[-88.50378900040131,43.81767200013796]],[[-88.49159699978821,43.80708100008602],[-88.49159699978821,43.80708100008602]],[[-88.49109499964788,43.812634000225025],[-88.49109499964788,43.812634000225025]],[[-88.49106299986083,43.80648599981583],[-88.49106299986083,43.80648599981583]]],[[[-88.47131999992129,43.81403799983518],[-88.47131999992129,43.81403799983518]]],[[[-88.4824139996441,43.82172800015808],[-88.4824139996441,43.82172800015808]]]]},"properties":{"NAME":"North Fond du Lac village","LSADC":"47"}},{"type":"Feature","geometry":{"type":"Polygon","coordinates":[[[-89.91743600038838,43.01922200027328],[-89.91327700004891,43.012727999763854],[-89.90773100001243,43.0147860001156],[-89.90837799991772,42.995169000059484],[-89.90402000028493,43.002353999917574],[-89.88697399974649,43.00072699991359],[-89.88125199998292,43.005793000087486],[-89.887875000095,43.024128000265556],[-89.91743600038838,43.01922200027328]]]},"properties":{"NAME":"Barneveld village","LSADC":"47"}},{"type":"Feature","geometry":{"type":"Polygon","coordinates":[[[-90.66570200040708,42.98837400009665],[-90.66561799984318,42.97021999987434],[-90.64569199960555,42.973847999700176],[-90.64583999974353,42.98239000010096],[-90.63938999988382,42.97386200011687],[-90.63073599964419,42.973880999691396],[-90.63068999961345,42.966590999852535],[-90.6257589996952,42.96659300014828],[-90.6257920002055,42.97395600020323],[-90.61585900022389,42.97384999975987],[-90.61592600017104,42.984796999737],[-90.64169999967062,42.98097600000809],[-90.64890299974084,42.99020899979857],[-90.66570200040708,42.98837400009665]]]},"properties":{"NAME":"Fennimore city","LSADC":"25"}},{"type":"Feature","geometry":{"type":"Polygon","coordinates":[[[-88.78529800009836,45.1506099999574],[-88.75434500008511,45.1500329999689],[-88.7538529999905,45.168182000136774],[-88.76416400026388,45.16820000022067],[-88.76379099999498,45.17556599991042],[-88.78404899959531,45.17522000011198],[-88.78529800009836,45.1506099999574]]]},"properties":{"NAME":"White Lake village","LSADC":"47"}},{"type":"Feature","geometry":{"type":"Polygon","coordinates":[[[-87.91360800036416,43.112890999776674],[-87.90705700022211,43.10031400011995],[-87.87635000025615,43.09890900025516],[-87.8957359998203,43.11704700009381],[-87.90143099981968,43.13295800003156],[-87.91216200021762,43.13253499997965],[-87.91360800036416,43.112890999776674]]]},"properties":{"NAME":"Whitefish Bay village","LSADC":"47"}},{"type":"Feature","geometry":{"type":"Polygon","coordinates":[[[-89.6419380001599,44.908797000077215],[-89.62908799977087,44.90175899978187],[-89.60786900044589,44.901776999872745],[-89.60874499978172,44.90898299981679],[-89.59260999963753,44.91285400018997],[-89.589784000365,44.921428000056565],[-89.59469000016888,44.92940699991681],[-89.61744599987702,44.930709999692944],[-89.62007799987909,44.9162079997976],[-89.63755799988748,44.91488300005863],[-89.6419380001599,44.908797000077215]]]},"properties":{"NAME":"Schofield city","LSADC":"25"}},{"type":"Feature","geometry":{"type":"Polygon","coordinates":[[[-91.29211499963195,45.45595199981462],[-91.2919499997755,45.44976999975466],[-91.26995399995056,45.44535100003109],[-91.25321799993186,45.45622899982573],[-91.2545300001841,45.468506999931705],[-91.29197400006495,45.468278999938875],[-91.29211499963195,45.45595199981462]]]},"properties":{"NAME":"Bruce village","LSADC":"47"}},{"type":"Feature","geometry":{"type":"Polygon","coordinates":[[[-88.35507599981148,44.25894799986786],[-88.3342590001694,44.25082799999594],[-88.33424499992569,44.25881699989023],[-88.31673399995516,44.25873799997381],[-88.32418399989758,44.26105199968767],[-88.32052500004862,44.277249999752904],[-88.35486400009937,44.276762000072594],[-88.35507599981148,44.25894799986786]]]},"properties":{"NAME":"Kimberly village","LSADC":"47"}},{"type":"Feature","geometry":{"type":"Polygon","coordinates":[[[-90.59274699996531,44.9489690002594],[-90.55723499957948,44.937871999875654],[-90.55702700006535,44.944088999980735],[-90.54702200011373,44.944115000105384],[-90.55203400022282,44.949375999907204],[-90.54173600036826,44.95081100015261],[-90.5368599998033,44.93768800005873],[-90.52545800010894,44.93766799987722],[-90.525385000314,44.94325999981151],[-90.538332999714,44.945407999958874],[-90.54163799956063,44.955229000265405],[-90.55183199965815,44.95873299979984],[-90.57730099955921,44.958667000230385],[-90.58005399993512,44.95128199990915],[-90.59274699996531,44.9489690002594]]]},"properties":{"NAME":"Owen city","LSADC":"25"}},{"type":"Feature","geometry":{"type":"Polygon","coordinates":[[[-88.46221999961786,44.75631399999916],[-88.46135099995472,44.73846200018902],[-88.45109800030598,44.736518000253525],[-88.46081399965428,44.73482000018698],[-88.45290099992958,44.732673000211115],[-88.45538399996875,44.72049599973632],[-88.44517900000059,44.724192000155206],[-88.43998500031664,44.71994599983713],[-88.43108000000684,44.748755999810484],[-88.45159899972309,44.749330999905716],[-88.46221999961786,44.75631399999916]]]},"properties":{"NAME":"Bonduel village","LSADC":"47"}},{"type":"Feature","geometry":{"type":"MultiPolygon","coordinates":[[[[-88.61584099966139,42.89311399998724],[-88.60573699997558,42.878419999753184],[-88.59593299986543,42.879446999681356],[-88.60560100043145,42.864935999934815],[-88.5972690004071,42.869016000226544],[-88.59094699969559,42.86226999991734],[-88.58879900029049,42.87151699971484],[-88.57127599972608,42.876654999863135],[-88.57635399995742,42.87577299973696],[-88.58171400022106,42.889628000318105],[-88.60583400005996,42.88584699999668],[-88.61584099966139,42.89311399998724]],[[-88.59748299976901,42.87140599973175],[-88.59344900000133,42.869529999968684],[-88.59748299976901,42.87140599973175]]],[[[-88.63053999970477,42.892175000202286],[-88.63027299974108,42.87875699981272],[-88.61066500041908,42.87852100030013],[-88.62082600000629,42.89312200019031],[-88.63053999970477,42.892175000202286]],[[-88.62063000018772,42.88609999985483],[-88.61573400042957,42.8799760000602],[-88.62063000018772,42.88609999985483]]]]},"properties":{"NAME":"Palmyra village","LSADC":"47"}},{"type":"Feature","geometry":{"type":"Polygon","coordinates":[[[-92.47633100044719,45.46912799992714],[-92.47358800011702,45.44627299981542],[-92.46332000039968,45.44255700022882],[-92.4480599997664,45.44319299977107],[-92.44300599982452,45.45335600023142],[-92.42506800005674,45.45354899992899],[-92.42751000008802,45.46853700002791],[-92.45308000027143,45.46895099972472],[-92.45306699985264,45.476202000280594],[-92.4581330003884,45.47619500016171],[-92.45824299999326,45.4689439999651],[-92.46210400040691,45.47624399971586],[-92.46846899987781,45.472822999814184],[-92.46340400006527,45.46896100009975],[-92.47633100044719,45.46912799992714]]]},"properties":{"NAME":"Balsam Lake village","LSADC":"47"}},{"type":"Feature","geometry":{"type":"Polygon","coordinates":[[[-91.7019889999068,44.885478999941725],[-91.70147900026888,44.86354699996614],[-91.6708409998999,44.86346900031756],[-91.67078499982337,44.88525800011495],[-91.7019889999068,44.885478999941725]]]},"properties":{"NAME":"Elk Mound village","LSADC":"47"}},{"type":"Feature","geometry":{"type":"Polygon","coordinates":[[[-87.97554899965246,43.4696300000813],[-87.94082499963723,43.453386999976935],[-87.94446599994286,43.46465199983447],[-87.94075699986519,43.470169999734054],[-87.92564799974296,43.470379999925925],[-87.92555999987943,43.477681000024],[-87.95311400033471,43.484554999773685],[-87.9532690001454,43.477289000106126],[-87.96072499993562,43.48080700012317],[-87.968251000046,43.47338600021805],[-87.96508199974349,43.46979499999811],[-87.97554899965246,43.4696300000813]],[[-87.96481800015285,43.46979999973175],[-87.96481800015285,43.46979999973175]]]},"properties":{"NAME":"Fredonia village","LSADC":"47"}},{"type":"Feature","geometry":{"type":"Polygon","coordinates":[[[-90.34024700019259,43.191159999985594],[-90.33506299965605,43.17307400000737],[-90.31559000005326,43.17329799990651],[-90.3157470004121,43.20736900008777],[-90.33549899967414,43.209687000043495],[-90.33528899961186,43.19118799991118],[-90.34024700019259,43.191159999985594]]]},"properties":{"NAME":"Avoca village","LSADC":"47"}},{"type":"Feature","geometry":{"type":"Polygon","coordinates":[[[-89.22869899976394,44.92716200026634],[-89.22373900043169,44.921108999768435],[-89.19481400017294,44.92130799987086],[-89.1939599996801,44.94296199974403],[-89.22344999982838,44.942853000034944],[-89.22367400013437,44.92842200029122],[-89.22869899976394,44.92716200026634]]]},"properties":{"NAME":"Birnamwood village","LSADC":"47"}},{"type":"Feature","geometry":{"type":"Polygon","coordinates":[[[-89.2240080000452,44.85629999985689],[-89.19393100026609,44.855940000152145],[-89.19404599989383,44.877762999895836],[-89.22390299956491,44.87795699969955],[-89.2240080000452,44.85629999985689]]]},"properties":{"NAME":"Eland village","LSADC":"47"}},{"type":"Feature","geometry":{"type":"Polygon","coordinates":[[[-90.73017199976529,45.51497099989683],[-90.72996500007606,45.50048599995526],[-90.69926999980567,45.50069100022848],[-90.70002999968885,45.522590000165145],[-90.73000000023616,45.522129999788156],[-90.73017199976529,45.51497099989683]]]},"properties":{"NAME":"Hawkins village","LSADC":"47"}},{"type":"Feature","geometry":{"type":"MultiPolygon","coordinates":[[[[-91.14503800005775,44.68767999969304],[-91.13494699989243,44.68046700003513],[-91.13534199990265,44.669051999807756],[-91.10530100010854,44.66923999970491],[-91.10449400036968,44.68723099974586],[-91.14503800005775,44.68767999969304]]],[[[-91.10530100010854,44.66923999970491],[-91.09506900037621,44.66553799981624],[-91.10530100010854,44.66923999970491]]]]},"properties":{"NAME":"Augusta city","LSADC":"25"}},{"type":"Feature","geometry":{"type":"Polygon","coordinates":[[[-87.83926700005031,43.826503999889184],[-87.83219399967645,43.810202000140215],[-87.8158290002768,43.81199100010308],[-87.80233799983027,43.82208600020625],[-87.81587199993452,43.82454399971291],[-87.81612499965449,43.844699000135826],[-87.83108900001176,43.841042999766046],[-87.83096500016319,43.826522000323955],[-87.83926700005031,43.826503999889184]]]},"properties":{"NAME":"Howards Grove village","LSADC":"47"}},{"type":"Feature","geometry":{"type":"Polygon","coordinates":[[[-90.26240799968825,46.42109800005616],[-90.22174799964922,46.424610000266654],[-90.21563000005054,46.43219600024665],[-90.22092500001683,46.432178000273545],[-90.21954599981744,46.44329799975553],[-90.24045000039648,46.443156000053925],[-90.24215099991282,46.43552200014185],[-90.25759899996875,46.43479100009944],[-90.26240799968825,46.42109800005616]]]},"properties":{"NAME":"Montreal city","LSADC":"25"}},{"type":"Feature","geometry":{"type":"Polygon","coordinates":[[[-87.92466199990396,43.19214499993657],[-87.91735900027464,43.17633000007138],[-87.8812259999228,43.169722999943644],[-87.89601600020278,43.19708800015816],[-87.89893100006208,43.192019000181254],[-87.92466199990396,43.19214499993657]]]},"properties":{"NAME":"Bayside village","LSADC":"47"}},{"type":"Feature","geometry":{"type":"Polygon","coordinates":[[[-87.84070300015111,43.55829099979796],[-87.81062200017404,43.55756099982543],[-87.81046200034048,43.56665999973916],[-87.80237600036342,43.56483900031449],[-87.800452000366,43.57164699975548],[-87.80970599975693,43.57075699982376],[-87.80527199995615,43.580200000315266],[-87.83794700030047,43.57948899980655],[-87.83042200001498,43.57362999998187],[-87.84057099990665,43.572228999909875],[-87.84070300015111,43.55829099979796]]]},"properties":{"NAME":"Cedar Grove village","LSADC":"47"}},{"type":"Feature","geometry":{"type":"Polygon","coordinates":[[[-90.82351000037917,45.16287599992053],[-90.82344400025694,45.15530000000053],[-90.7922040001885,45.15551299991212],[-90.787023000025,45.166467000075215],[-90.79217499987618,45.16643200014381],[-90.79210700010412,45.17728799999005],[-90.82282800031378,45.177154999947554],[-90.82351000037917,45.16287599992053]]]},"properties":{"NAME":"Gilman village","LSADC":"47"}},{"type":"Feature","geometry":{"type":"Polygon","coordinates":[[[-89.12500499956916,44.055366999775735],[-89.10673200006563,44.03556500031271],[-89.08169400015977,44.037607000006055],[-89.10184600035322,44.04835099999578],[-89.0970719998955,44.06909300029432],[-89.1097020001765,44.070411999704504],[-89.10956999993203,44.07634800001712],[-89.11719099957868,44.06628900022956],[-89.1071460003424,44.06542000004144],[-89.10691299981558,44.05922000004389],[-89.12500499956916,44.055366999775735]],[[-89.114847000355,44.045415000137105],[-89.114847000355,44.045415000137105]]]},"properties":{"NAME":"Redgranite village","LSADC":"47"}},{"type":"Feature","geometry":{"type":"MultiPolygon","coordinates":[[[[-89.00605400001248,43.720298999980635],[-89.00591000007245,43.6988290000878],[-88.9756409997744,43.6989679997509],[-88.97550199985722,43.72074099974305],[-88.9904899996056,43.72056499969075],[-88.99083399956218,43.727856999835865],[-88.99159199979556,43.72055200016437],[-89.00605400001248,43.720298999980635]]],[[[-88.98311199963321,43.73089000008161],[-88.98311199963321,43.73089000008161]]],[[[-88.98953899992671,43.698775000286],[-88.98953899992671,43.698775000286]]]]},"properties":{"NAME":"Markesan city","LSADC":"25"}},{"type":"Feature","geometry":{"type":"Polygon","coordinates":[[[-91.67488999973618,45.31246399987822],[-91.62295699987423,45.300561000179734],[-91.63332500004901,45.309522000157365],[-91.6332680001476,45.321369000059704],[-91.64374699975212,45.32149499977098],[-91.64367700033026,45.32876800014303],[-91.67464600023702,45.328997000172365],[-91.67488999973618,45.31246399987822]],[[-91.66860800010596,45.32914999980014],[-91.66860800010596,45.32914999980014]]]},"properties":{"NAME":"Chetek city","LSADC":"25"}},{"type":"Feature","geometry":{"type":"Polygon","coordinates":[[[-88.12280199985206,43.93959300012718],[-88.1075909996226,43.93888999971768],[-88.11254599983027,43.946160000238216],[-88.10755800001063,43.94612000011345],[-88.09483099964524,43.942014000157734],[-88.0925950003766,43.9352579998682],[-88.07301499974537,43.93903500013107],[-88.07736800025361,43.948752000094224],[-88.07224099961847,43.95350800014288],[-88.09990200020388,43.964249000235654],[-88.0927009997835,43.956989999739285],[-88.11172700039585,43.96068600020969],[-88.10752200002561,43.9497470000583],[-88.12087899967953,43.949836999821834],[-88.11766300041967,43.943987000151985],[-88.12280199985206,43.93959300012718]]]},"properties":{"NAME":"New Holstein city","LSADC":"25"}},{"type":"Feature","geometry":{"type":"Polygon","coordinates":[[[-88.05192000026895,43.92565500009823],[-88.04679000015908,43.906515000005],[-88.02251100031152,43.90506899990765],[-88.02024800038038,43.91056600003291],[-88.01743700027815,43.906203999950996],[-88.02226600008915,43.914453999835295],[-88.01426499960259,43.91928500022788],[-88.0123790001383,43.9107410002573],[-87.99718999965015,43.90727900014588],[-88.01061699962426,43.923948999910635],[-88.00731799962541,43.92793499986365],[-88.03758600009854,43.92645199970754],[-88.04201999989932,43.92130600007533],[-88.04559300043287,43.927906999930066],[-88.05192000026895,43.92565500009823]]]},"properties":{"NAME":"Kiel city","LSADC":"25"}},{"type":"Feature","geometry":{"type":"Polygon","coordinates":[[[-87.67058600028837,44.22730200015379],[-87.66056000042038,44.218771000166896],[-87.6506080001722,44.21874999983748],[-87.65045099981337,44.22588399992415],[-87.64543899970425,44.225939000084075],[-87.64543799987936,44.2187379999218],[-87.62151600040718,44.219748999853635],[-87.62608999995004,44.24050699968543],[-87.64464899968384,44.24498199991502],[-87.65471899993277,44.24596799989049],[-87.65548300001393,44.22776300003496],[-87.67058600028837,44.22730200015379]]]},"properties":{"NAME":"Mishicot village","LSADC":"47"}},{"type":"Feature","geometry":{"type":"Polygon","coordinates":[[[-88.23868299973873,42.77364700011892],[-88.22878200044251,42.77038899998189],[-88.22899099978156,42.74845799998086],[-88.22144299992985,42.74598200029668],[-88.21697800016693,42.75615799993515],[-88.19965999964194,42.75443499995375],[-88.1941720002301,42.778203000205444],[-88.20899400029712,42.77798199988408],[-88.2038249998292,42.773146000066205],[-88.22229300022472,42.76748699969638],[-88.22847899959548,42.78144400016763],[-88.23826299961415,42.78133699995331],[-88.23868299973873,42.77364700011892]]]},"properties":{"NAME":"Waterford village","LSADC":"47"}},{"type":"Feature","geometry":{"type":"Polygon","coordinates":[[[-89.43256100037391,43.388000999875906],[-89.41756199985655,43.384356999695235],[-89.41392800012196,43.37758000020494],[-89.39276900017309,43.380996999945395],[-89.38825199963333,43.406516000198444],[-89.40429800008906,43.406769000045],[-89.40290299999613,43.40215499981563],[-89.4228669998686,43.39884299976012],[-89.42262300036944,43.3881360001291],[-89.43256100037391,43.388000999875906]],[[-89.4028300002012,43.39904999976458],[-89.4028300002012,43.39904999976458]]]},"properties":{"NAME":"Poynette village","LSADC":"47"}},{"type":"Feature","geometry":{"type":"Polygon","coordinates":[[[-87.89405799987017,42.966242000169366],[-87.8896809999708,42.9592410002513],[-87.86996200032071,42.95912899978767],[-87.86992999963535,42.96635400017419],[-87.84780599976389,42.96647099973843],[-87.85458899970955,42.97798299967312],[-87.8714400002543,42.98672499989748],[-87.87466300008518,42.98051500015465],[-87.88880700028479,42.98058400028284],[-87.88651699969115,42.9719029998886],[-87.8939969997708,42.97327900011324],[-87.89405799987017,42.966242000169366]]]},"properties":{"NAME":"St. Francis city","LSADC":"25"}},{"type":"Feature","geometry":{"type":"Polygon","coordinates":[[[-90.09934800030587,45.04759900003861],[-90.09928499965837,45.0404080001789],[-90.0891080001776,45.036763000076746],[-90.08839500015007,45.01748499980339],[-90.08091599989535,45.0244670002193],[-90.07544100000398,45.017124000018455],[-90.06526100015019,45.01677000031127],[-90.07208699975354,45.023777999868855],[-90.06534300016595,45.02399400009512],[-90.06539900024245,45.047406999797005],[-90.09934800030587,45.04759900003861]]]},"properties":{"NAME":"Athens village","LSADC":"47"}},{"type":"Feature","geometry":{"type":"Polygon","coordinates":[[[-87.32485800040493,45.07408999989562],[-87.32491299975821,45.03220699970436],[-87.3069030000204,45.036003999856526],[-87.30186300032221,45.04319899980187],[-87.27578199977765,45.0398060001135],[-87.27069900042177,45.04373600000044],[-87.27591300019724,45.048207999754],[-87.26560199992386,45.04717800016024],[-87.26650200044746,45.054456000069344],[-87.26054799998198,45.0544699999963],[-87.26572400012259,45.06171700018444],[-87.24774100014896,45.06360599981887],[-87.24771199983665,45.0691319999649],[-87.26062999999773,45.06913799984418],[-87.27610700036598,45.0616950000944],[-87.27588300005999,45.072773999909394],[-87.32485800040493,45.07408999989562]]]},"properties":{"NAME":"Egg Harbor village","LSADC":"47"}},{"type":"Feature","geometry":{"type":"Polygon","coordinates":[[[-88.18426299963964,43.13965699997519],[-88.17044099965531,43.14545200004678],[-88.14466399978268,43.14093900030458],[-88.1436510001795,43.168166000277225],[-88.15824399991766,43.168244000028274],[-88.15871599992077,43.15552400002879],[-88.18369500027539,43.15542700002076],[-88.18426299963964,43.13965699997519]]]},"properties":{"NAME":"Lannon village","LSADC":"47"}},{"type":"Feature","geometry":{"type":"MultiPolygon","coordinates":[[[[-88.25103799966011,43.52504200025227],[-88.24634600011647,43.5067510003081],[-88.2312040003823,43.51011100020195],[-88.22655600032128,43.499067000048406],[-88.21552000032483,43.496956000000196],[-88.22397100017486,43.5172769998956],[-88.21085399982215,43.52101499976384],[-88.21083299990575,43.52721500027733],[-88.23083100011338,43.53145800020081],[-88.25103799966011,43.52504200025227]]],[[[-88.27066299959885,43.54376400020379],[-88.26562600027373,43.546501000067316],[-88.27066299959885,43.54376400020379]]]]},"properties":{"NAME":"Kewaskum village","LSADC":"47"}},{"type":"Feature","geometry":{"type":"Polygon","coordinates":[[[-87.72368099971641,44.556917999806195],[-87.70772499967238,44.5525099997651],[-87.71871200016335,44.54419499983316],[-87.71884400040783,44.538461000196115],[-87.71121199999223,44.53844700001356],[-87.71919599986201,44.52347800027883],[-87.70396899973903,44.52345400010195],[-87.69616399996937,44.534337000193915],[-87.69806700005041,44.55611500031379],[-87.68255200004734,44.563418999755314],[-87.72368099971641,44.556917999806195]],[[-87.71460100040277,44.53070399981511],[-87.71444900006681,44.53703400026684],[-87.70723599995085,44.532048999743274],[-87.71460100040277,44.53070399981511]]]},"properties":{"NAME":"Luxemburg village","LSADC":"47"}},{"type":"Feature","geometry":{"type":"Polygon","coordinates":[[[-87.46487099982609,44.603082000292986],[-87.45974300026435,44.60125100002132],[-87.45995099977851,44.588480000290524],[-87.44578499983758,44.588468999776374],[-87.43749399982111,44.6050670003069],[-87.41902299995087,44.618498999935944],[-87.4549670001568,44.62048800003962],[-87.45973099967047,44.60307200030324],[-87.46487099982609,44.603082000292986]]]},"properties":{"NAME":"Algoma city","LSADC":"25"}},{"type":"Feature","geometry":{"type":"Polygon","coordinates":[[[-88.91703700011978,44.67962800023859],[-88.91699799976172,44.67455199995013],[-88.90521299975272,44.674509999940625],[-88.91022599968673,44.66724499999431],[-88.89457099994158,44.66737799998167],[-88.89442799982645,44.66016899980818],[-88.86396600008287,44.667520000207716],[-88.86394500016647,44.67490000004426],[-88.89048100009738,44.68253999989824],[-88.88455599994421,44.68334399989695],[-88.88947099996895,44.690602999846654],[-88.89473900017107,44.68417900001521],[-88.90516199969912,44.686901999954834],[-88.90514099978272,44.67974300007272],[-88.91703700011978,44.67962800023859]],[[-88.90515699967624,44.67088900021987],[-88.90010299973434,44.67286600029352],[-88.90515699967624,44.67088900021987]]]},"properties":{"NAME":"Marion city","LSADC":"25"}},{"type":"Feature","geometry":{"type":"Polygon","coordinates":[[[-88.75620399978521,44.02124499975711],[-88.72420899985644,44.0368909998724],[-88.70915900018379,44.033231000095896],[-88.70909499971137,44.039033999962264],[-88.72398200007574,44.04929699999327],[-88.75399199990768,44.05142000027816],[-88.75620399978521,44.02124499975711]]]},"properties":{"NAME":"Omro city","LSADC":"25"}},{"type":"Feature","geometry":{"type":"MultiPolygon","coordinates":[[[[-88.34889999958814,42.50822200020515],[-88.3390889998053,42.50556000027612],[-88.33909300000326,42.49461799990527],[-88.31762500025792,42.49461900007567],[-88.31618599978407,42.52863699978781],[-88.32466400029661,42.523771000134985],[-88.31960699998167,42.51649199984453],[-88.32445599988414,42.50919900010485],[-88.34889999958814,42.50822200020515]]],[[[-88.31640199969414,42.50414600007214],[-88.31552200016036,42.498254999902244],[-88.30863799993237,42.49841699999167],[-88.31127900015528,42.49461799990527],[-88.3027339996956,42.49462199992439],[-88.30479099976242,42.50925499987289],[-88.29776199976948,42.50928100019753],[-88.29786700024978,42.51656300030277],[-88.31229000010865,42.516531999935424],[-88.31488399957759,42.528744999703086],[-88.31640199969414,42.50414600007214]],[[-88.31568399964374,42.49918299980834],[-88.31568399964374,42.49918299980834]],[[-88.3153279999916,42.49994700000573],[-88.3153279999916,42.49994700000573]],[[-88.31463599988047,42.50387699994679],[-88.31463599988047,42.50387699994679]]],[[[-88.31656499990076,42.49487299978439],[-88.31191799966464,42.49461699973486],[-88.31656499990076,42.49487299978439]]]]},"properties":{"NAME":"Genoa City village","LSADC":"47"}},{"type":"Feature","geometry":{"type":"Polygon","coordinates":[[[-90.43358499990818,45.70504299989503],[-90.41292599955152,45.70082700023618],[-90.41756600011493,45.6916150002459],[-90.40612699971234,45.680079999888406],[-90.38067700007785,45.68120399999836],[-90.38437500028489,45.6939319999272],[-90.37982199976013,45.70252000015384],[-90.39010600026928,45.70226399982719],[-90.3910500002755,45.70815000010692],[-90.41537099995584,45.706721000230985],[-90.42262900027765,45.712433999913294],[-90.43358499990818,45.70504299989503]]]},"properties":{"NAME":"Phillips city","LSADC":"25"}},{"type":"Feature","geometry":{"type":"Polygon","coordinates":[[[-88.07327300038655,42.68159599994107],[-88.07324099970118,42.676980000115506],[-88.05512700020628,42.68111999969949],[-88.05547399963761,42.67439499998436],[-88.0319089996425,42.67359300031764],[-88.0322049999185,42.69147699974011],[-88.03625799995278,42.69870799996437],[-88.05680199978339,42.70055799982841],[-88.0617100001354,42.69873500010678],[-88.06162999976947,42.68709600030784],[-88.06315999958159,42.69579600031945],[-88.06644199986201,42.69286400017283],[-88.06171299961014,42.68676100012418],[-88.07099299983865,42.68592399988861],[-88.06485599997337,42.67972099972601],[-88.07327300038655,42.68159599994107]],[[-88.04184099979919,42.678613999980364],[-88.03694099984308,42.6769269999473],[-88.04184099979919,42.678613999980364]],[[-88.03700799979023,42.68391500024029],[-88.03700799979023,42.68391500024029]]]},"properties":{"NAME":"Union Grove village","LSADC":"47"}},{"type":"Feature","geometry":{"type":"Polygon","coordinates":[[[-92.28588400011577,45.25944000020805],[-92.28477600007803,45.23787199980427],[-92.24973400004548,45.23826399978666],[-92.24972200034993,45.26001099997162],[-92.28588400011577,45.25944000020805]]]},"properties":{"NAME":"Clear Lake village","LSADC":"47"}},{"type":"Feature","geometry":{"type":"MultiPolygon","coordinates":[[[[-91.7630980002402,45.41681800016416],[-91.76187100037679,45.40855099977491],[-91.75433600004554,45.408590999960886],[-91.75082799980932,45.401291000212844],[-91.75543700041058,45.397712000195014],[-91.74576800001965,45.39626199983684],[-91.74296000029047,45.401255000061916],[-91.74577700024047,45.39492599985116],[-91.74048800012194,45.39174799968851],[-91.72519700042486,45.39415200024313],[-91.72497200029397,45.41205299998358],[-91.73519900000342,45.41567700027173],[-91.73498899994114,45.42281199987397],[-91.74514700005363,45.422854999964876],[-91.74462200034708,45.41572499998457],[-91.75306700034933,45.41568800010444],[-91.75332799956692,45.4097779998072],[-91.7608450003548,45.421187999914466],[-91.7630980002402,45.41681800016416]],[[-91.73934199955106,45.42246399994211],[-91.73517800008703,45.421816000158074],[-91.73934199955106,45.42246399994211]]],[[[-91.75528000005175,45.39108500027484],[-91.7457370000575,45.38678799974882],[-91.74578300008827,45.39412300017405],[-91.75528000005175,45.39108500027484]]],[[[-91.75578800003987,45.38822800012317],[-91.75578800003987,45.38822800012317]]],[[[-91.76059400028463,45.422834999882674],[-91.75559999971888,45.421826000065266],[-91.76059400028463,45.422834999882674]]]]},"properties":{"NAME":"Cameron village","LSADC":"47"}},{"type":"Feature","geometry":{"type":"Polygon","coordinates":[[[-88.57047099963705,42.57590400028534],[-88.56057399964047,42.57884100012898],[-88.56070900025802,42.56750300027961],[-88.56559699962023,42.56703199988824],[-88.56156100020269,42.56351400009343],[-88.54229000026626,42.56466399995142],[-88.53791199964368,42.578258000000694],[-88.52988799959091,42.57727000010533],[-88.52863200031348,42.566956999881164],[-88.51906500002977,42.571813999989274],[-88.5192209996654,42.58076200030767],[-88.53349299991152,42.584564000229115],[-88.53235499973655,42.590202000011594],[-88.55050900031272,42.58472299993657],[-88.55437099965296,42.59747299976358],[-88.56052900033293,42.597468999716526],[-88.56055199989916,42.586479999899744],[-88.54930500001551,42.58289900001375],[-88.56671200022896,42.58279500018257],[-88.57047099963705,42.57590400028534]]]},"properties":{"NAME":"Williams Bay village","LSADC":"47"}},{"type":"Feature","geometry":{"type":"Polygon","coordinates":[[[-92.8084149997232,44.751860000069264],[-92.77647099984806,44.733731999911654],[-92.77431400022215,44.746444999726016],[-92.76144700011467,44.746812999949164],[-92.76652199997295,44.754036999918526],[-92.77659700024476,44.75396799990729],[-92.77666699966666,44.76117700023368],[-92.76656100033102,44.76282399975241],[-92.76661400003448,44.76854700010405],[-92.8001279999047,44.768446000262806],[-92.8084149997232,44.751860000069264]]]},"properties":{"NAME":"Prescott city","LSADC":"25"}},{"type":"Feature","geometry":{"type":"MultiPolygon","coordinates":[[[[-89.31316999970285,44.0749689999405],[-89.30243400018037,44.068408999967616],[-89.30249600010465,44.06203099992351],[-89.28738799980736,44.06182400002514],[-89.2823780002464,44.051992999952525],[-89.28493699955524,44.061845999995704],[-89.26730400028428,44.06370300017037],[-89.26894000040163,44.069264999732894],[-89.25722999983739,44.07208499983804],[-89.26672500015106,44.07561600027723],[-89.26912600017447,44.06935300012295],[-89.277344000396,44.069928999855875],[-89.27747300026742,44.07931100016557],[-89.2999799995552,44.08067500003167],[-89.30275100037278,44.07361499989365],[-89.31316999970285,44.0749689999405]],[[-89.27733600000008,44.067412000318036],[-89.27733600000008,44.067412000318036]]],[[[-89.26600600027575,44.06050199987536],[-89.26600600027575,44.06050199987536]]],[[[-89.27218199960076,44.076858999832396],[-89.26694699990891,44.07931900031511],[-89.27218199960076,44.076858999832396]]],[[[-89.29751099975975,44.05841400000198],[-89.29156300004037,44.05799700008528],[-89.29751099975975,44.05841400000198]]],[[[-89.30749700034309,44.097556000087195],[-89.29737600004053,44.10110299985615],[-89.30740500028159,44.10429699979839],[-89.30749700034309,44.097556000087195]]],[[[-89.31253399966823,44.04768800012118],[-89.3124330002842,44.03682000016423],[-89.29792699968634,44.033151000198394],[-89.29992500020194,44.04765300004234],[-89.31253399966823,44.04768800012118]]]]},"properties":{"NAME":"Wautoma city","LSADC":"25"}},{"type":"Feature","geometry":{"type":"MultiPolygon","coordinates":[[[[-88.34527199970131,44.51428800018842],[-88.34083899972545,44.50074999976722],[-88.3289879995942,44.49739699986416],[-88.31025300013332,44.507976999901956],[-88.32001200003764,44.515439000146216],[-88.31480199956181,44.52033600016112],[-88.31934300039103,44.529420999961],[-88.33928799999691,44.5296829999755],[-88.34527199970131,44.51428800018842]]],[[[-88.31018600018616,44.509805000117574],[-88.29675500001407,44.5076970002476],[-88.30024800018171,44.51472899989861],[-88.31001600030685,44.51484000020194],[-88.31018600018616,44.509805000117574]]]]},"properties":{"NAME":"Seymour city","LSADC":"25"}},{"type":"Feature","geometry":{"type":"Polygon","coordinates":[[[-87.15130399955277,45.200219999809924],[-87.15082599970188,45.184109000296786],[-87.1326920001155,45.17102199988518],[-87.11188899981882,45.170953999881505],[-87.11184399961297,45.181981000080846],[-87.10668099989114,45.18196800017638],[-87.11096699955391,45.187494000161415],[-87.09830299983605,45.186741000081184],[-87.11219599996548,45.19203800002558],[-87.11254099974698,45.200218999699565],[-87.15130399955277,45.200219999809924]]]},"properties":{"NAME":"Sister Bay village","LSADC":"47"}},{"type":"Feature","geometry":{"type":"Polygon","coordinates":[[[-90.08737300032607,44.02773400011474],[-90.07532499965303,43.99553099984231],[-90.06748600044651,44.00989500017839],[-90.06054799979185,44.01000199970277],[-90.05526200004635,44.03914999991855],[-90.08734800021172,44.03890699973294],[-90.08737300032607,44.02773400011474]]]},"properties":{"NAME":"Necedah village","LSADC":"47"}},{"type":"Feature","geometry":{"type":"Polygon","coordinates":[[[-90.61848000035533,44.768673000132054],[-90.61844600002014,44.76339300020563],[-90.61341800001752,44.76799299978739],[-90.61329599981877,44.752479999785116],[-90.58289699982438,44.75232899975498],[-90.58299100043405,44.777408000314594],[-90.60621800032035,44.782994999926906],[-90.6056159997226,44.777446000200264],[-90.61345400000252,44.7774780002524],[-90.61848000035533,44.768673000132054]]]},"properties":{"NAME":"Greenwood city","LSADC":"25"}},{"type":"Feature","geometry":{"type":"Polygon","coordinates":[[[-90.87991399985184,43.65367100032364],[-90.87979400020123,43.64638199982237],[-90.8698019997701,43.64633999987905],[-90.86959400025596,43.63604900009317],[-90.84447500015926,43.63902700015372],[-90.84686399958878,43.66436200018304],[-90.84244700040477,43.670486000227434],[-90.87014800027484,43.66443499972896],[-90.86987600028826,43.65288899975236],[-90.87991399985184,43.65367100032364]]]},"properties":{"NAME":"Westby city","LSADC":"25"}},{"type":"Feature","geometry":{"type":"Polygon","coordinates":[[[-88.01928900030556,45.79200699976267],[-88.01378500010188,45.76964400003925],[-87.9726370001662,45.761860000306186],[-87.98965600004213,45.772024999819756],[-87.98086999955804,45.77697699972485],[-87.98983099994433,45.79482699972928],[-88.01928900030556,45.79200699976267]]]},"properties":{"NAME":"Niagara city","LSADC":"25"}},{"type":"Feature","geometry":{"type":"MultiPolygon","coordinates":[[[[-90.61882199976378,44.56259000021597],[-90.60921500019542,44.55261100006634],[-90.58824899969211,44.55219500012092],[-90.5884160000967,44.545468999810154],[-90.58081700019137,44.54545500003226],[-90.57706399973276,44.55265700025321],[-90.56037399974477,44.55283200022822],[-90.57802000033283,44.556287999804105],[-90.5778429998825,44.56349800008777],[-90.57029000000793,44.56357800003154],[-90.57771700038413,44.574382000032124],[-90.61882199976378,44.56259000021597]]],[[[-90.6078259999503,44.551544999774585],[-90.6078259999503,44.551544999774585]]]]},"properties":{"NAME":"Neillsville city","LSADC":"25"}},{"type":"Feature","geometry":{"type":"MultiPolygon","coordinates":[[[[-88.43469100017523,42.937520000269565],[-88.43450500040238,42.93031700020569],[-88.41137600042538,42.93083600025859],[-88.41047900027483,42.925261000015595],[-88.4005859995779,42.92419700020916],[-88.39583999960757,42.93042599991933],[-88.38770599994996,42.925313999688676],[-88.37599799993384,42.9311889997486],[-88.38077400004138,42.93757099999313],[-88.37069600029484,42.946382999971384],[-88.39837700007342,42.9385840001155],[-88.3983119997761,42.94491899991797],[-88.4189190002542,42.94448599980862],[-88.43469100017523,42.937520000269565]],[[-88.40563700004506,42.92898899972862],[-88.40563700004506,42.92898899972862]]],[[[-88.37773100013557,42.93608099989259],[-88.37773100013557,42.93608099989259]]],[[[-88.3907859996657,42.944784999822296],[-88.3907859996657,42.944784999822296]]],[[[-88.39864800023508,42.92236599997614],[-88.39864800023508,42.92236599997614]]]]},"properties":{"NAME":"North Prairie village","LSADC":"47"}},{"type":"Feature","geometry":{"type":"Polygon","coordinates":[[[-88.2572110004087,44.664651000313754],[-88.24163500030627,44.65650400030892],[-88.22594200002797,44.660537999971325],[-88.23028799996519,44.64959799990298],[-88.21546500007322,44.65379100025508],[-88.21619200034448,44.66443900006401],[-88.21109999986943,44.66461699997632],[-88.22681999991192,44.66843399982489],[-88.22793499962236,44.674157999850685],[-88.21920900031103,44.67342400025895],[-88.21640999990437,44.68075799976396],[-88.24421799990455,44.67965199986181],[-88.24768599995781,44.68432299970688],[-88.2572110004087,44.664651000313754]]]},"properties":{"NAME":"Pulaski village","LSADC":"47"}},{"type":"Feature","geometry":{"type":"Polygon","coordinates":[[[-90.34778900019653,44.94528999990234],[-90.31111600006952,44.931253999761495],[-90.30948400015015,44.92403400002922],[-90.2990409996323,44.924063999788785],[-90.29906800029478,44.9312470003136],[-90.30978299990088,44.9312679999267],[-90.29916100018121,44.93329799984415],[-90.30264900032596,44.94571800025568],[-90.29028600000865,44.94482600026989],[-90.31027599982038,44.94780900014392],[-90.30009500014167,44.9473049998915],[-90.29978399979706,44.95679800009408],[-90.33673300010858,44.956285999800635],[-90.33668700007783,44.94641399988116],[-90.34778900019653,44.94528999990234]]]},"properties":{"NAME":"Abbotsford city","LSADC":"25"}},{"type":"Feature","geometry":{"type":"Polygon","coordinates":[[[-92.1365699996514,45.047002999775465],[-92.1364280002595,45.03174400025265],[-92.11242600042138,45.0316469997408],[-92.11191900025815,45.06776799985137],[-92.13635999958912,45.06784500019765],[-92.1365699996514,45.047002999775465]]]},"properties":{"NAME":"Downing village","LSADC":"47"}},{"type":"Feature","geometry":{"type":"Polygon","coordinates":[[[-89.83783400044342,43.95958800010538],[-89.83770899987162,43.94505100014634],[-89.79754000010227,43.9451289999888],[-89.79769400008806,43.96683900018203],[-89.83292699991631,43.96683699974085],[-89.83271000018132,43.959579999950066],[-89.83783400044342,43.95958800010538]]]},"properties":{"NAME":"Adams city","LSADC":"25"}},{"type":"Feature","geometry":{"type":"Polygon","coordinates":[[[-90.18744299993365,43.88892199993533],[-90.18229699993027,43.86571099991248],[-90.1588120003011,43.86929200011039],[-90.15304899963132,43.86384299967701],[-90.15727499991795,43.87098300013132],[-90.15230399981674,43.87790199980951],[-90.12717800004735,43.87659700022169],[-90.1323759999293,43.88883100032306],[-90.14237400020819,43.884639000038604],[-90.18744299993365,43.88892199993533]]]},"properties":{"NAME":"New Lisbon city","LSADC":"25"}},{"type":"Feature","geometry":{"type":"Polygon","coordinates":[[[-91.51447400005144,45.09967599994458],[-91.49920300044585,45.09351100028278],[-91.50413500018898,45.08888599972226],[-91.49142799991509,45.09253599971696],[-91.47875199960335,45.085489000222424],[-91.4837610002377,45.091300999965],[-91.47267699966234,45.08897599971557],[-91.47698400013984,45.09252999975759],[-91.47319800006926,45.099828000204226],[-91.46920699995925,45.09666599999279],[-91.4685049998024,45.10691500028022],[-91.48888399977656,45.11037399979494],[-91.4935619999748,45.114452000181736],[-91.48890200021822,45.11620800017673],[-91.50368300027736,45.120327000102456],[-91.51114699956518,45.11746100030649],[-91.50937499990371,45.100751999700535],[-91.51447400005144,45.09967599994458]]]},"properties":{"NAME":"Bloomer city","LSADC":"25"}},{"type":"Feature","geometry":{"type":"Polygon","coordinates":[[[-91.87386599973544,45.40014300001109],[-91.87381899987977,45.39405600006626],[-91.8633729998872,45.39071200011016],[-91.8379009996131,45.390399000061386],[-91.82771800028456,45.3939289998511],[-91.8275230002909,45.401239999782],[-91.81741899970677,45.40112699990013],[-91.81725999969812,45.40848000010035],[-91.84792700037943,45.408517999883955],[-91.8478770001507,45.413570999822575],[-91.86229099978873,45.41601500011412],[-91.86863400041665,45.40003199994986],[-91.87386599973544,45.40014300001109]]]},"properties":{"NAME":"Barron city","LSADC":"25"}},{"type":"Feature","geometry":{"type":"Polygon","coordinates":[[[-87.77369299995401,45.05222599976973],[-87.75998800014554,45.043340000139885],[-87.72967100016693,45.04576199978114],[-87.73009200011639,45.051667999980126],[-87.7201790002263,45.055473999875574],[-87.7208770001852,45.0644519999952],[-87.75778700013868,45.070197000077535],[-87.75786199958343,45.06283399997277],[-87.7683069997511,45.06300300025253],[-87.77369299995401,45.05222599976973]]]},"properties":{"NAME":"Peshtigo city","LSADC":"25"}},{"type":"Feature","geometry":{"type":"Polygon","coordinates":[[[-88.16308699997236,44.8801780001655],[-88.16211600020198,44.85796400004026],[-88.15094600031122,44.86470199975655],[-88.13169799994101,44.857649999718845],[-88.13144600004593,44.86433200025158],[-88.11761900003873,44.871548999935854],[-88.13114999976992,44.875382000126564],[-88.12584800013092,44.882495999997914],[-88.13808199967848,44.88508199969455],[-88.14298900020559,44.89349099968245],[-88.14610599973125,44.88632100007007],[-88.15743100033104,44.88666199985314],[-88.15275700033074,44.88288500007761],[-88.16308699997236,44.8801780001655]],[[-88.12627800030123,44.868100000070754],[-88.12627800030123,44.868100000070754]]]},"properties":{"NAME":"Oconto Falls city","LSADC":"25"}},{"type":"Feature","geometry":{"type":"Polygon","coordinates":[[[-92.17674099996889,45.39549799975688],[-92.16650300038879,45.391855999949655],[-92.16660999962059,45.38551799998203],[-92.15634299972817,45.38960700027441],[-92.15643300013986,45.38097800018836],[-92.12506300037506,45.380949999752744],[-92.12980699979724,45.38450100017292],[-92.1244809998688,45.38810899971492],[-92.12463400002966,45.40613600023812],[-92.15613100001605,45.40242500016368],[-92.15603899995455,45.41003799990661],[-92.16119300035386,45.41018999974029],[-92.15870600011672,45.398929000209655],[-92.17674099996889,45.39549799975688]]]},"properties":{"NAME":"Turtle Lake village","LSADC":"47"}},{"type":"Feature","geometry":{"type":"Polygon","coordinates":[[[-87.9155199997677,43.174571999922385],[-87.91432499969133,43.15031399979],[-87.90831800042072,43.1498630000091],[-87.90819299984894,43.13310400023815],[-87.90143099981968,43.13295800003156],[-87.8812259999228,43.169722999943644],[-87.9155199997677,43.174571999922385]]]},"properties":{"NAME":"Fox Point village","LSADC":"47"}},{"type":"Feature","geometry":{"type":"Polygon","coordinates":[[[-88.09931399984983,44.18991900016315],[-88.09447699964292,44.1789939999004],[-88.07177500036147,44.178747999704655],[-88.07400399995743,44.16085700027644],[-88.08411400038932,44.16083899979069],[-88.0740030001325,44.160778999850365],[-88.0739460002311,44.15352899985263],[-88.0588660004212,44.15343499983163],[-88.05869399999376,44.1461730000712],[-88.04866300010288,44.1498010000258],[-88.06766299987765,44.16072699993867],[-88.05916599999686,44.16744700006714],[-88.05059999962079,44.16510399989169],[-88.05397499978763,44.17025799972189],[-88.04376499979662,44.17348300004971],[-88.04894199976214,44.18219400014037],[-88.06988599962582,44.18964000001815],[-88.09931399984983,44.18991900016315]]]},"properties":{"NAME":"Brillion city","LSADC":"25"}},{"type":"Feature","geometry":{"type":"MultiPolygon","coordinates":[[[[-92.38358600021023,45.31967500017466],[-92.37666799964705,45.31520199993932],[-92.38257899955651,45.29850199995907],[-92.37259200004658,45.29205799996103],[-92.37781000001998,45.29022500000032],[-92.37829799991661,45.27396599973493],[-92.37093800038588,45.273933999772645],[-92.37017199975658,45.28988400009541],[-92.34714499988682,45.29231799981935],[-92.34214299982347,45.3100340003095],[-92.35192699984215,45.310505000127314],[-92.35549700000266,45.32780399978502],[-92.38358600021023,45.31967500017466]],[[-92.37008999974084,45.29133100010792],[-92.37008999974084,45.29133100010792]]],[[[-92.3468190003719,45.31960599985047],[-92.34017199997037,45.317674000242874],[-92.3468190003719,45.31960599985047]]]]},"properties":{"NAME":"Amery city","LSADC":"25"}},{"type":"Feature","geometry":{"type":"Polygon","coordinates":[[[-90.20603699982756,42.86059099991648],[-90.1970339996085,42.84857799968688],[-90.17679399955149,42.85114999974542],[-90.17682500041195,42.843796000294574],[-90.17114200010812,42.85822000018261],[-90.16221199968398,42.858188999960284],[-90.15759700013324,42.88375099976519],[-90.17226900041244,42.87282599982422],[-90.20467900044288,42.868577000010305],[-90.20127599978863,42.86101400012727],[-90.20603699982756,42.86059099991648]],[[-90.16642899974977,42.876101999993814],[-90.16642899974977,42.876101999993814]]]},"properties":{"NAME":"Mineral Point city","LSADC":"25"}},{"type":"Feature","geometry":{"type":"MultiPolygon","coordinates":[[[[-92.7027329999569,45.783892999802674],[-92.69748700039439,45.7657859999528],[-92.67157099970626,45.76565499996754],[-92.66759899986286,45.774536000205565],[-92.67682800003774,45.79823899970017],[-92.68733900032764,45.79828199976749],[-92.69246000021667,45.787446999890506],[-92.7027329999569,45.783892999802674]],[[-92.67686599967259,45.787373000166944],[-92.67686599967259,45.787373000166944]]],[[[-92.67185100008875,45.79998600024937],[-92.67172600041529,45.79458099969486],[-92.65608300036568,45.794445000284135],[-92.65803999997509,45.80248899989746],[-92.67185100008875,45.79998600024937]]],[[[-92.7131599996829,45.780376000081525],[-92.71305799957565,45.77309200016698],[-92.70787399993742,45.7730590002554],[-92.70794000005966,45.780316999920714],[-92.7131599996829,45.780376000081525]]]]},"properties":{"NAME":"Grantsburg village","LSADC":"47"}},{"type":"Feature","geometry":{"type":"MultiPolygon","coordinates":[[[[-88.49152800019125,43.00501799996867],[-88.48322200010618,42.99962200020962],[-88.47297299975709,43.00755199997707],[-88.46843100000127,42.998258999689185],[-88.46275600009336,43.017334000141936],[-88.44704600009662,43.01630100006606],[-88.44758199967384,43.021309000208774],[-88.46244899994672,43.02245000012004],[-88.46227099967146,43.03282299977036],[-88.47190900010028,43.03295599975902],[-88.47364099957876,43.019842000033016],[-88.48235699974268,43.02631600019976],[-88.47959300039443,43.00983000007719],[-88.49152800019125,43.00501799996867]]],[[[-88.49359100010585,42.981571000154936],[-88.4787609996429,42.98245900009641],[-88.47820099977625,42.97782599975225],[-88.47359200007328,42.98869900018105],[-88.47837900005148,42.994279999718884],[-88.49359100010585,42.981571000154936]]],[[[-88.49777499966137,43.01374500022701],[-88.48787699983988,43.01426999971692],[-88.48665800037237,43.021399999916135],[-88.4946010002343,43.020807999938526],[-88.49777499966137,43.01374500022701]]],[[[-88.50235099975237,43.018646999927235],[-88.49737200015355,43.018595000125025],[-88.49712699993117,43.026005999970344],[-88.50203699993301,43.026078000086926],[-88.50235099975237,43.018646999927235]]],[[[-88.46227099967146,43.03282299977036],[-88.45234500026089,43.03640100010873],[-88.46227099967146,43.03282299977036]]],[[[-88.49334900025652,42.988754000015184],[-88.49084600012586,42.99241000000563],[-88.49334900025652,42.988754000015184]]],[[[-88.48336900041926,42.99412099996366],[-88.48336900041926,42.99412099996366]]],[[[-88.48432199974798,43.02259200028525],[-88.48432199974798,43.02259200028525]]],[[[-88.47006399974556,42.99501400003295],[-88.47006399974556,42.99501400003295]]]]},"properties":{"NAME":"Dousman village","LSADC":"47"}},{"type":"Feature","geometry":{"type":"Polygon","coordinates":[[[-92.57843999967994,44.961002999844254],[-92.55914299980424,44.961955000128626],[-92.55383100011949,44.95636699990663],[-92.55970600004395,44.95702700020561],[-92.55802499972076,44.952773000232646],[-92.54275199956702,44.94917899990071],[-92.54866300037479,44.95294300005649],[-92.53759499969297,44.95638300018091],[-92.53756499955576,44.96358000004781],[-92.54354400013558,44.963556999915156],[-92.53755700005814,44.9643560002794],[-92.53742200033892,44.97824700007769],[-92.55224000020799,44.97810399977912],[-92.54772900041434,44.98532600024245],[-92.53740399989726,44.98256699983658],[-92.53755399968509,44.99807399995991],[-92.55094200019946,44.99984499969917],[-92.54592699971731,44.995274999906215],[-92.55644300003009,44.986238000118625],[-92.56776000023393,44.986860000184514],[-92.55810400026179,44.985336999723394],[-92.55814899956931,44.97814900024923],[-92.56322599997574,44.9781380000246],[-92.55831900034694,44.9668689997061],[-92.57843999967994,44.961002999844254]]]},"properties":{"NAME":"Roberts village","LSADC":"47"}},{"type":"Feature","geometry":{"type":"Polygon","coordinates":[[[-90.724327999803,42.85750699969189],[-90.72384599975413,42.83523200026697],[-90.69903700017716,42.83185400032128],[-90.69429399968158,42.84249500001204],[-90.68463100003673,42.842443000136605],[-90.68476400010611,42.84972000019763],[-90.69448200000255,42.8498559997177],[-90.6860570000918,42.864374999768664],[-90.69695099979802,42.864525999700994],[-90.70117000041196,42.861425000190074],[-90.6972730000133,42.85722599993826],[-90.70453999965761,42.857310999797086],[-90.70449600017498,42.864663999852446],[-90.71088800030839,42.863324999715026],[-90.70943299994101,42.857382999911394],[-90.724327999803,42.85750699969189]],[[-90.70875800044665,42.83526900000386],[-90.70875800044665,42.83526900000386]]]},"properties":{"NAME":"Lancaster city","LSADC":"25"}},{"type":"Feature","geometry":{"type":"MultiPolygon","coordinates":[[[[-88.13353800027286,42.5665359999496],[-88.11864300041088,42.550099999746735],[-88.1188559999479,42.56553899968036],[-88.11317699984204,42.561015000167814],[-88.08667299969818,42.5647040002899],[-88.08590199994433,42.55698500022032],[-88.07977299957665,42.57549500028645],[-88.08948499962531,42.57547999994598],[-88.09486199960739,42.59012800005529],[-88.1022479999757,42.59010900007019],[-88.09795399991701,42.58283799972043],[-88.11925500015607,42.58170299974909],[-88.11687199967601,42.5691590000461],[-88.13353800027286,42.5665359999496]],[[-88.12060000002027,42.567043000260995],[-88.12060000002027,42.567043000260995]],[[-88.11614399957988,42.56775599983639],[-88.11614399957988,42.56775599983639]]],[[[-88.13881899999546,42.582661000309685],[-88.13374199958903,42.57547899974678],[-88.13881899999546,42.582661000309685]]]]},"properties":{"NAME":"Paddock Lake village","LSADC":"47"}},{"type":"Feature","geometry":{"type":"Polygon","coordinates":[[[-88.79283000005654,43.085925999885085],[-88.78622000036327,43.07938099999042],[-88.79074799987536,43.066543000036056],[-88.76940399997859,43.0720189997019],[-88.77170799991762,43.06868400024951],[-88.75728599988368,43.065012000094036],[-88.75150600039377,43.07698500015469],[-88.76498500024644,43.07530899992842],[-88.76184699990606,43.079440999732455],[-88.7471210000985,43.07699500006939],[-88.74663800022473,43.085159999846056],[-88.7597160002194,43.08600000022597],[-88.75581700017091,43.099811999968594],[-88.76418299963214,43.086610999872775],[-88.76850099998028,43.097195000005875],[-88.79283000005654,43.085925999885085]],[[-88.7758170000284,43.0865559997687],[-88.77158599971888,43.08878399980909],[-88.7758170000284,43.0865559997687]]]},"properties":{"NAME":"Johnson Creek village","LSADC":"47"}},{"type":"Feature","geometry":{"type":"MultiPolygon","coordinates":[[[[-91.52154400005226,44.249454000284196],[-91.51771100012601,44.23730700026732],[-91.50742199959396,44.237247999787094],[-91.50036099981398,44.24662799970667],[-91.48595899987151,44.24661599968251],[-91.50033200039998,44.24266799977758],[-91.48230699969525,44.237080000113664],[-91.46717699965663,44.24066999999908],[-91.46210000014852,44.23354899976936],[-91.45219800012906,44.2391080002058],[-91.4621620000728,44.240730999826596],[-91.45664299980051,44.24660400029943],[-91.47178600025791,44.244586000258245],[-91.47238799995733,44.2518489999705],[-91.48841799962123,44.25385199973047],[-91.48326300029532,44.26294200028189],[-91.4933920000955,44.264743999929244],[-91.51369999992455,44.261200999913],[-91.50861699967035,44.25272200003098],[-91.52154400005226,44.249454000284196]]],[[[-91.5055369999546,44.26338399973667],[-91.5055369999546,44.26338399973667]]]]},"properties":{"NAME":"Arcadia city","LSADC":"25"}},{"type":"Feature","geometry":{"type":"MultiPolygon","coordinates":[[[[-89.29004400009889,45.92329900016125],[-89.25998999988599,45.92111199975225],[-89.2716069996655,45.91296699978102],[-89.24997900008661,45.90925900010007],[-89.24192700044472,45.89254100012811],[-89.25075800023637,45.91202999974224],[-89.23910700012166,45.90877700030074],[-89.22897599977337,45.91201900012608],[-89.23481300006299,45.912367999839255],[-89.23230400008455,45.916140999695024],[-89.22629100006783,45.91095500024669],[-89.22307099971171,45.91487900004035],[-89.24395600002414,45.927405000103185],[-89.24500499961235,45.93867300016193],[-89.25350800023924,45.93876800026748],[-89.25034800015754,45.95250299985258],[-89.25701099955427,45.941922000071116],[-89.25169999969444,45.94221900004641],[-89.25766000000772,45.93458599985737],[-89.25384200015007,45.93016800022322],[-89.25984599994595,45.93184699997776],[-89.25857899989956,45.94211200023025],[-89.27450200033162,45.937385000193544],[-89.27598699993793,45.929819999693876],[-89.29004400009889,45.92329900016125]],[[-89.25467099963024,45.9274830001342],[-89.25467099963024,45.9274830001342]]],[[[-89.24472000010529,45.90190700018903],[-89.23931399981092,45.90521199972725],[-89.24472000010529,45.90190700018903]]],[[[-89.2646239997033,45.91810299998295],[-89.2646239997033,45.91810299998295]]]]},"properties":{"NAME":"Eagle River city","LSADC":"25"}},{"type":"Feature","geometry":{"type":"MultiPolygon","coordinates":[[[[-89.35921000009701,43.041023999874],[-89.31097799991683,43.04116599974679],[-89.3091240002396,43.05503499983093],[-89.31444400032026,43.05087699994143],[-89.32580400018183,43.058319999810514],[-89.32607500034347,43.07105300005986],[-89.32110599989208,43.072959999753955],[-89.3260500002291,43.07286300003159],[-89.32665399957837,43.086883999992466],[-89.32530399969131,43.078730999893956],[-89.35150999990934,43.059482999706844],[-89.34665199978605,43.05426099997889],[-89.33962500034124,43.058417000231366],[-89.33672800002527,43.04988400006654],[-89.35921000009701,43.041023999874]]],[[[-89.35452500022606,43.045651999812996],[-89.35452500022606,43.045651999812996]]]]},"properties":{"NAME":"Monona city","LSADC":"25"}},{"type":"Feature","geometry":{"type":"Polygon","coordinates":[[[-88.3303390002045,44.06937900030118],[-88.32559400005911,44.056422999722486],[-88.2864429999158,44.06039499983082],[-88.28651499988584,44.07652800019533],[-88.31184900006768,44.078740000168494],[-88.31188199967966,44.09029699976935],[-88.32560499992978,44.09031000009792],[-88.3303390002045,44.06937900030118]]]},"properties":{"NAME":"Stockbridge village","LSADC":"47"}},{"type":"Feature","geometry":{"type":"Polygon","coordinates":[[[-88.10706500009111,43.03602800009378],[-88.06693800015455,43.03643599999376],[-88.06683699987222,43.0592929999237],[-88.10620800012356,43.05973899988615],[-88.10706500009111,43.03602800009378]]]},"properties":{"NAME":"Elm Grove village","LSADC":"47"}},{"type":"Feature","geometry":{"type":"MultiPolygon","coordinates":[[[[-88.57598999990934,43.49425299983896],[-88.57568199993777,43.48926500024258],[-88.56093000019094,43.49406699988537],[-88.55615599973324,43.47957399976898],[-88.5444250001509,43.48666299985253],[-88.53792900026043,43.47925900019658],[-88.53627499970142,43.486463000162814],[-88.5275629997355,43.486234000255656],[-88.52753199977334,43.49335299995652],[-88.53377800031687,43.49387499998404],[-88.52789699964632,43.505812999899476],[-88.53633599980078,43.50281499981912],[-88.53124400022408,43.51538500004086],[-88.54373300003977,43.51566699984981],[-88.54182400011096,43.5104650000262],[-88.5521410002321,43.51570300003548],[-88.57598999990934,43.49425299983896]]],[[[-88.55486799977041,43.461992000036496],[-88.55434100041406,43.457770000277755],[-88.55486799977041,43.461992000036496]]]]},"properties":{"NAME":"Mayville city","LSADC":"25"}},{"type":"Feature","geometry":{"type":"MultiPolygon","coordinates":[[[[-89.75279699989174,43.01156200029846],[-89.75027700004263,42.99687500015618],[-89.7440509995906,42.99557200013849],[-89.74532799968274,42.98464599991246],[-89.73215799962658,42.98830299992231],[-89.73065200010389,42.99440800029736],[-89.73823299956757,42.99922400014002],[-89.72551699997116,42.995881000270884],[-89.69816799955528,43.00582100016391],[-89.7304620001331,43.02097899994365],[-89.75031899987545,43.017368000084296],[-89.75279699989174,43.01156200029846]]],[[[-89.76267299997193,43.002764000049126],[-89.76267299997193,43.002764000049126]]]]},"properties":{"NAME":"Mount Horeb village","LSADC":"47"}},{"type":"Feature","geometry":{"type":"Polygon","coordinates":[[[-89.88012999970147,44.9551309998822],[-89.85972099959008,44.94791799997976],[-89.8549279997641,44.92695399985359],[-89.84463199955935,44.926852000268816],[-89.84488600000257,44.91235899972723],[-89.83917199973662,44.92327600001547],[-89.81908400001558,44.92678400002098],[-89.8295829997116,44.93052899971434],[-89.82219999971633,44.9306229998552],[-89.82376300003874,44.94131899985444],[-89.81854199969229,44.94365099987732],[-89.82867800006346,44.944235999845716],[-89.83408500018274,44.937705000080356],[-89.82885399979057,44.953306999893066],[-89.84956000000287,44.944269999821394],[-89.84956000000287,44.951513999849034],[-89.88012999970147,44.9551309998822]],[[-89.82950200041907,44.9279229999137],[-89.82950200041907,44.9279229999137]],[[-89.8420360004406,44.94491999989819],[-89.83897000007025,44.947794000109454],[-89.8420360004406,44.94491999989819]]]},"properties":{"NAME":"Marathon City village","LSADC":"47"}},{"type":"Feature","geometry":{"type":"Polygon","coordinates":[[[-90.22091800034414,46.43223300006958],[-90.18966800022997,46.43524399973134],[-90.19086900015412,46.42779699976705],[-90.1809689997845,46.42772600019659],[-90.17832500008684,46.45740799984456],[-90.19400999996923,46.45820000009813],[-90.19344000005684,46.45086000018854],[-90.19866399987804,46.45082300001597],[-90.19400900014433,46.461807999728514],[-90.21482999998436,46.46871399990275],[-90.21487699984004,46.46148600021876],[-90.2044419997181,46.46162099996642],[-90.20944600032959,46.45434799994686],[-90.20367000013935,46.45079500013627],[-90.21972499991759,46.45066000016071],[-90.22091800034414,46.43223300006958]],[[-90.20118200007731,46.45147399996859],[-90.20118200007731,46.45147399996859]]]},"properties":{"NAME":"Hurley city","LSADC":"25"}},{"type":"Feature","geometry":{"type":"Polygon","coordinates":[[[-90.72072699968034,43.13579300001468],[-90.71348400032547,43.12653099975167],[-90.7180639997161,43.122495000156725],[-90.69837299965512,43.124429999940475],[-90.68688100044739,43.13877200017543],[-90.67602700002581,43.137305000150356],[-90.68027599987867,43.14111500026681],[-90.6735699999259,43.1452779998356],[-90.67640100011963,43.158735000084384],[-90.65687200044034,43.16511499970863],[-90.65693000016665,43.17037499986702],[-90.67272100035427,43.17007700022905],[-90.68224400025703,43.16274600017695],[-90.6812280002808,43.148211000099515],[-90.69584799978315,43.141298000178175],[-90.69088400025295,43.15155299978118],[-90.70576200039648,43.14839999990446],[-90.70589200009283,43.154923999766254],[-90.7096849998361,43.15324600017853],[-90.72072699968034,43.13579300001468]],[[-90.6958360000876,43.13974500022615],[-90.6884100004346,43.141226000321424],[-90.68834599996221,43.135727000325176],[-90.6942240002597,43.134198999855435],[-90.6958360000876,43.13974500022615]],[[-90.69142400002814,43.13332500000452],[-90.69142400002814,43.13332500000452]]]},"properties":{"NAME":"Boscobel city","LSADC":"25"}},{"type":"Feature","geometry":{"type":"Polygon","coordinates":[[[-88.4029380000958,43.00114999993536],[-88.38912199995926,42.99191899985973],[-88.39913000028392,42.98475900009897],[-88.39150600026424,42.984687999691985],[-88.37721599957645,42.99909699968578],[-88.35484800020583,42.99541099976856],[-88.36445200029945,43.00206300030798],[-88.36178199976423,43.009058000324124],[-88.36093400001748,43.00275399985417],[-88.34685299956706,42.999527999943695],[-88.33963199995351,43.009786000195426],[-88.37894499958021,43.01740999983254],[-88.38966599993239,43.01059199974738],[-88.38402799983442,43.00878199976302],[-88.39385500040909,43.01060700009601],[-88.39159199957965,43.0064189997346],[-88.4029380000958,43.00114999993536]],[[-88.36440100024583,43.005837000201836],[-88.36440100024583,43.005837000201836]]]},"properties":{"NAME":"Wales village","LSADC":"47"}},{"type":"Feature","geometry":{"type":"MultiPolygon","coordinates":[[[[-88.23799599965045,42.92930400024194],[-88.21959699975022,42.9227559999247],[-88.23602899999534,42.905267999918564],[-88.2153639997909,42.90828999997116],[-88.21871899986625,42.90090000012049],[-88.21378899977293,42.89907000017249],[-88.2274650001674,42.89744600020226],[-88.21280700013189,42.890000999820124],[-88.21842000011551,42.87475499982962],[-88.19369000018126,42.871885999931855],[-88.19879199980372,42.87916900015678],[-88.19589600021098,42.89373800020692],[-88.20399399988361,42.89366000027792],[-88.20635899992199,42.886481999839056],[-88.21212599989143,42.88635799967962],[-88.20704400036043,42.89498899978834],[-88.21380300001663,42.89179000012286],[-88.20894499989333,42.89670700025208],[-88.21446199961748,42.90680400006615],[-88.20901199984048,42.90299599996163],[-88.19400800019856,42.90825199979118],[-88.20408299957205,42.91551099986714],[-88.19901799975952,42.919579999898],[-88.2190030004467,42.91387299983373],[-88.20893800022064,42.930238999857764],[-88.21711700008412,42.929020999672595],[-88.21678300017327,42.923581999814154],[-88.21878800036154,42.930256000245556],[-88.23799599965045,42.92930400024194]],[[-88.2189740001344,42.92265099995368],[-88.2189740001344,42.92265099995368]],[[-88.19982200002364,42.87517799976225],[-88.19982200002364,42.87517799976225]]],[[[-88.22048399985503,42.873955000158595],[-88.22048399985503,42.873955000158595]]]]},"properties":{"NAME":"Big Bend village","LSADC":"47"}},{"type":"Feature","geometry":{"type":"Polygon","coordinates":[[[-88.06949499981357,42.92997999971404],[-88.02856600016102,42.930296000172326],[-88.02581500033325,42.94414400031065],[-88.0381180003761,42.95344900010909],[-88.06928999977416,42.95237400018735],[-88.06949499981357,42.92997999971404]]]},"properties":{"NAME":"Hales Corners village","LSADC":"47"}},{"type":"Feature","geometry":{"type":"Polygon","coordinates":[[[-92.18910299956298,45.32422199997669],[-92.18768599972876,45.30952499977316],[-92.15664499985196,45.30932100026597],[-92.15665300024787,45.352505999774394],[-92.16410800021316,45.33800999997677],[-92.16066600009916,45.348884999706236],[-92.16686800026176,45.34886099987394],[-92.16852100009754,45.338017999771616],[-92.18768400007893,45.3384229998282],[-92.18910299956298,45.32422199997669]]]},"properties":{"NAME":"Clayton village","LSADC":"47"}},{"type":"Feature","geometry":{"type":"MultiPolygon","coordinates":[[[[-88.30792200043011,44.18351100025645],[-88.29405600006486,44.167271999911414],[-88.29554300021927,44.159497000164905],[-88.28402500017397,44.159303999959896],[-88.28394900000599,44.16795599984808],[-88.2747130001584,44.1727609997087],[-88.26484600029906,44.168186999920046],[-88.26481899963656,44.15729700027791],[-88.2615399997292,44.169149000025314],[-88.24685300027967,44.176947000316545],[-88.24699100037193,44.1841669998295],[-88.26895200003678,44.19077200016289],[-88.27763999971326,44.18673300000014],[-88.26422899963268,44.18284899975463],[-88.30792200043011,44.18351100025645]]],[[[-88.24190700029281,44.174472999702544],[-88.23428900012092,44.17624499998306],[-88.24190700029281,44.174472999702544]]]]},"properties":{"NAME":"Sherwood village","LSADC":"47"}},{"type":"Feature","geometry":{"type":"Polygon","coordinates":[[[-88.40310600032531,43.111350000214],[-88.40325299974008,43.10595699993573],[-88.3927840001813,43.105890000014696],[-88.39285699997622,43.10155799978754],[-88.37153399999585,43.100695999784925],[-88.37112300009213,43.11261199977948],[-88.36238799966162,43.12192899995109],[-88.36981500003783,43.12859399974827],[-88.36656700009259,43.141954999870435],[-88.37147700009443,43.142038000201204],[-88.37112200026719,43.15098500024256],[-88.40280800039947,43.13138999969232],[-88.40310600032531,43.111350000214]]]},"properties":{"NAME":"Chenequa village","LSADC":"47"}},{"type":"Feature","geometry":{"type":"Polygon","coordinates":[[[-92.19255399989781,45.05036400026079],[-92.14428200043295,45.04549699972015],[-92.1645190001169,45.04285300024118],[-92.16353999995059,45.032025999903944],[-92.13646699971923,45.03912600009984],[-92.13933499972288,45.04641899973442],[-92.15685800028727,45.04881000026377],[-92.15139799956621,45.05513100003648],[-92.15689699974703,45.05744599977677],[-92.15681399990635,45.06830799998565],[-92.18724399986287,45.068493999901044],[-92.18748599971221,45.05028900025906],[-92.19255399989781,45.05036400026079]]]},"properties":{"NAME":"Glenwood City city","LSADC":"25"}},{"type":"Feature","geometry":{"type":"MultiPolygon","coordinates":[[[[-91.59315700010455,45.2072219997543],[-91.59306500004305,45.18919400001697],[-91.5430059999498,45.188797999755614],[-91.54276599975029,45.19601699984446],[-91.53710099988812,45.19611999973554],[-91.54219199963994,45.21007300021442],[-91.56369299989555,45.207042999854075],[-91.57228900040884,45.21929100018335],[-91.56588899987953,45.20704099987323],[-91.59315700010455,45.2072219997543]]],[[[-91.56168900043049,45.20772899989733],[-91.56168900043049,45.20772899989733]]]]},"properties":{"NAME":"New Auburn village","LSADC":"47"}},{"type":"Feature","geometry":{"type":"Polygon","coordinates":[[[-91.18614599981045,44.93908499982395],[-91.17546700018937,44.93710399977551],[-91.16583999963122,44.944061000175765],[-91.165817000065,44.936679999916414],[-91.14657100024294,44.93337699991886],[-91.13621700031187,44.93697300005278],[-91.13656799994115,44.95557399987422],[-91.12902000008944,44.95605200019408],[-91.13662599966747,44.959272000010714],[-91.13665699962962,44.96600999988408],[-91.1657119995847,44.96625800008877],[-91.1655989996068,44.95179000027699],[-91.1759900002461,44.95170600001085],[-91.16578299972983,44.946393000084434],[-91.18614599981045,44.93908499982395]]]},"properties":{"NAME":"Cadott village","LSADC":"47"}},{"type":"Feature","geometry":{"type":"Polygon","coordinates":[[[-88.59973200035478,42.54647600007317],[-88.57987999973699,42.53108600014735],[-88.56013099994968,42.531198999712124],[-88.56016199991181,42.538377000195545],[-88.53369100027824,42.5419709998527],[-88.53528999968734,42.54911399979142],[-88.56970999992893,42.545665000091454],[-88.57236399967233,42.55219299983668],[-88.56516200032534,42.56121400030206],[-88.58163300003021,42.56726199970051],[-88.58510699993126,42.56001300007904],[-88.57528699992754,42.56007400020301],[-88.57518700036844,42.55432299996736],[-88.59678099961215,42.55637200031432],[-88.59472199989551,42.54916499972609],[-88.59973200035478,42.54647600007317]],[[-88.5913779996908,42.544945000037615],[-88.58581599976081,42.551382999936976],[-88.5913779996908,42.544945000037615]],[[-88.53761200006802,42.54651900016406],[-88.53761200006802,42.54651900016406]]]},"properties":{"NAME":"Fontana-on-Geneva Lake village","LSADC":"47"}},{"type":"Feature","geometry":{"type":"Polygon","coordinates":[[[-89.92958399972223,44.3183950001967],[-89.91935000034007,44.296412999792814],[-89.88942599982353,44.29282999975373],[-89.89904800035882,44.31048999999217],[-89.88798200022512,44.317203000085534],[-89.88904800043007,44.332716999957945],[-89.90452900009795,44.325263000295834],[-89.9250350002937,44.32561100030378],[-89.92462699986471,44.318358999719806],[-89.92958399972223,44.3183950001967]]]},"properties":{"NAME":"Nekoosa city","LSADC":"25"}},{"type":"Feature","geometry":{"type":"Polygon","coordinates":[[[-88.67264199969239,44.3312879999267],[-88.66969699969586,44.32400400032041],[-88.6456000003215,44.330778999910024],[-88.64591199959273,44.323420000271675],[-88.62693299973434,44.31592999980537],[-88.63568200040854,44.32854000011582],[-88.61577799991218,44.3306840000755],[-88.61530400025927,44.356083000238854],[-88.63542299994243,44.35584399997941],[-88.63557299973024,44.345028999729536],[-88.64567200029151,44.3380590003029],[-88.66075700012428,44.33843700031162],[-88.65944499987205,44.33047500002635],[-88.67264199969239,44.3312879999267]],[[-88.65667499977769,44.330438000032274],[-88.65667499977769,44.330438000032274]]]},"properties":{"NAME":"Hortonville village","LSADC":"47"}},{"type":"Feature","geometry":{"type":"MultiPolygon","coordinates":[[[[-92.69363400037666,45.1205250002863],[-92.68914000030144,45.12069099973163],[-92.69030100004261,45.109235000251104],[-92.66864999999919,45.11202900024064],[-92.67268499959178,45.1148020001618],[-92.66571400022349,45.12656899973785],[-92.65700899993024,45.11175000002525],[-92.64657299998339,45.11709000013927],[-92.65214900015711,45.13373399999372],[-92.66456000015499,45.13748200006384],[-92.66224699999513,45.14468700020505],[-92.67262000019277,45.1428560003154],[-92.66743200035658,45.1374930000934],[-92.69308399965745,45.137544999743575],[-92.69253899985941,45.12371099997641],[-92.68545100031523,45.12206999969155],[-92.69363400037666,45.1205250002863]],[[-92.68787699955469,45.13208600004405],[-92.68787699955469,45.13208600004405]],[[-92.66610699968557,45.1374910002034],[-92.66610699968557,45.1374910002034]]],[[[-92.69259300028608,45.123319000258824],[-92.69259300028608,45.123319000258824]]],[[[-92.69346299977411,45.12148300016546],[-92.69346299977411,45.12148300016546]]]]},"properties":{"NAME":"Somerset village","LSADC":"47"}},{"type":"Feature","geometry":{"type":"Polygon","coordinates":[[[-88.32737099974344,43.13194300018641],[-88.28217399997148,43.12680900004913],[-88.30054899958226,43.14131999982621],[-88.29372700017689,43.141618000118044],[-88.29673900012057,43.157766000124084],[-88.32641199966862,43.155850000292126],[-88.32737099974344,43.13194300018641]]]},"properties":{"NAME":"Merton village","LSADC":"47"}},{"type":"Feature","geometry":{"type":"Polygon","coordinates":[[[-91.14628300036286,43.89153800016941],[-91.11961900038541,43.89189900010126],[-91.11157299969301,43.90005300031281],[-91.11139799979084,43.89546900023562],[-91.07986700036757,43.888258999761874],[-91.07100100041585,43.88821699968984],[-91.07116600027229,43.894823999685755],[-91.04612400016848,43.895465999854814],[-91.0511300004298,43.8954440002943],[-91.05125299955512,43.90629500019947],[-91.08087999997076,43.91145399999452],[-91.0810590000709,43.90633200009716],[-91.08777599989432,43.906355000109414],[-91.09140499960604,43.91130000024533],[-91.09976799959254,43.90846799973572],[-91.1014339998471,43.90049700010795],[-91.14072999975538,43.89830099970674],[-91.14628300036286,43.89153800016941]]]},"properties":{"NAME":"West Salem village","LSADC":"47"}},{"type":"Feature","geometry":{"type":"Polygon","coordinates":[[[-92.39016400011646,44.967122000033754],[-92.37753499966037,44.963451999800526],[-92.38001100002685,44.95623299981846],[-92.37494899968905,44.95622299978035],[-92.39015099969767,44.952621999966794],[-92.37493500034365,44.94714500024841],[-92.38506400014383,44.94537500015069],[-92.38497799993011,44.9346490003117],[-92.36462999991807,44.93544099981006],[-92.36459899995594,44.92707200007009],[-92.34941100019101,44.9300719999427],[-92.3680670000092,44.94024800011589],[-92.35945100030271,44.93935599970886],[-92.35938099998252,44.94851800018278],[-92.36702199972065,44.949872000004866],[-92.35937199976169,44.9557519998894],[-92.35941899961736,44.96646099978379],[-92.3674700003326,44.96743600024257],[-92.36465599985735,44.97753099989774],[-92.38516899972582,44.97791899973467],[-92.38001799969955,44.96861900024849],[-92.39016400011646,44.967122000033754]],[[-92.37618200029856,44.944058999871224],[-92.37618200029856,44.944058999871224]],[[-92.37613700009271,44.94898199985381],[-92.37613700009271,44.94898199985381]]]},"properties":{"NAME":"Baldwin village","LSADC":"47"}},{"type":"Feature","geometry":{"type":"Polygon","coordinates":[[[-90.79303199984376,43.382951000186495],[-90.74784299956939,43.37976100021991],[-90.7466390001705,43.395470000109675],[-90.76752500030787,43.3941829999848],[-90.76691799968722,43.40873300000551],[-90.79296300024679,43.408898000313584],[-90.79303199984376,43.382951000186495]]]},"properties":{"NAME":"Soldiers Grove village","LSADC":"47"}},{"type":"Feature","geometry":{"type":"Polygon","coordinates":[[[-87.96802099989223,43.38965999990222],[-87.96788199997506,43.38227199997927],[-87.95773700028137,43.38599599969883],[-87.96022199997036,43.37060900031563],[-87.95107900000919,43.367829999836296],[-87.95290699974716,43.360141999954664],[-87.94435200014004,43.37151400030697],[-87.93534999974588,43.37255400019824],[-87.94036000020515,43.3786160000764],[-87.92539400019807,43.37545899973049],[-87.92055399961811,43.38498499970578],[-87.91556400014863,43.38292699977901],[-87.92268900040104,43.38630899970998],[-87.92262999995151,43.39860699988558],[-87.92796000007792,43.39179299979765],[-87.93079999959413,43.39637899974476],[-87.94055100000085,43.39172099990984],[-87.94498399997671,43.404235000289646],[-87.95579200036754,43.40415900009225],[-87.95324599968087,43.396905999673976],[-87.96802099989223,43.38965999990222]]]},"properties":{"NAME":"Saukville village","LSADC":"47"}},{"type":"Feature","geometry":{"type":"Polygon","coordinates":[[[-91.04781899983705,43.176405999867384],[-91.0477300001486,43.165553000198564],[-91.0427590000474,43.16551499978383],[-91.04770099983628,43.158313000099064],[-91.03767499996827,43.147394000177236],[-91.00629900035572,43.14747299972807],[-91.01130600044193,43.15466800022918],[-91.00637999964826,43.154698999951194],[-91.00155099983726,43.169208999730216],[-91.00656299994635,43.17275500005473],[-91.04781899983705,43.176405999867384]]]},"properties":{"NAME":"Eastman village","LSADC":"47"}},{"type":"Feature","geometry":{"type":"Polygon","coordinates":[[[-87.53194100029765,44.44468900002059],[-87.50233200032369,44.44273500015951],[-87.48968600014916,44.4795310002651],[-87.53171500034185,44.472779999825576],[-87.53194100029765,44.44468900002059]]]},"properties":{"NAME":"Kewaunee city","LSADC":"25"}},{"type":"Feature","geometry":{"type":"Polygon","coordinates":[[[-88.67428100018276,43.45234200031916],[-88.67422000008341,43.44461199998526],[-88.66417699959865,43.44448899978541],[-88.65971199983574,43.451024999719145],[-88.65406700006506,43.45024700026328],[-88.65674400027298,43.44453700008405],[-88.64375099976883,43.442078000192005],[-88.64861200026519,43.42748899991069],[-88.64329600038248,43.416823999882695],[-88.63082799958487,43.423193000271205],[-88.63679399974592,43.4285349997481],[-88.6303659996275,43.4406849998079],[-88.61397500028859,43.43980400016331],[-88.62181299967021,43.45382800016062],[-88.61391099981617,43.45999600008297],[-88.62454199975667,43.45849299995567],[-88.62121199979568,43.4672640001197],[-88.6278819997634,43.45849400021983],[-88.66930300040887,43.45885999992856],[-88.66419300039048,43.45162699989707],[-88.67428100018276,43.45234200031916]],[[-88.64973199999848,43.45338200019006],[-88.64973199999848,43.45338200019006]],[[-88.6490650000017,43.45737500012728],[-88.6447140000416,43.45290899970082],[-88.6490650000017,43.45737500012728]],[[-88.64780399980309,43.45392299990485],[-88.64780399980309,43.45392299990485]]]},"properties":{"NAME":"Horicon city","LSADC":"25"}},{"type":"Feature","geometry":{"type":"Polygon","coordinates":[[[-87.19472500036363,45.15629500020444],[-87.18896400024201,45.13828200002022],[-87.14284500020513,45.14550500009536],[-87.15321199965666,45.149162000282196],[-87.14806599965328,45.16740299974499],[-87.15321800040276,45.167437999713094],[-87.15326899955808,45.20015099974985],[-87.19320300004911,45.20006599969843],[-87.19472500036363,45.15629500020444]]]},"properties":{"NAME":"Ephraim village","LSADC":"47"}},{"type":"Feature","geometry":{"type":"Polygon","coordinates":[[[-88.19148999999929,43.324359999816934],[-88.19148900017439,43.3134659998456],[-88.18372399968939,43.317099000064836],[-88.18523699978307,43.322926999994266],[-88.1815639996904,43.30990399969726],[-88.17708999970665,43.30909799990525],[-88.17682899959074,43.3170460001397],[-88.16403099997858,43.30950700016792],[-88.16530800007071,43.319685999809856],[-88.16202800033842,43.302205000099384],[-88.14227299980502,43.30297700020435],[-88.14998499968826,43.32366499987269],[-88.14704100041494,43.334435999801954],[-88.15694900028217,43.33102600027574],[-88.16376200036505,43.34286299969691],[-88.16603600016686,43.33124899982262],[-88.16624200003116,43.338483000025626],[-88.17935799966068,43.33890399991082],[-88.18163099963755,43.33169300023593],[-88.19021000043242,43.33367199972649],[-88.19148999999929,43.324359999816934]],[[-88.16142300026593,43.30943600010717],[-88.15706899993278,43.306782000075486],[-88.16142300026593,43.30943600010717]],[[-88.15460099996221,43.30570999967731],[-88.15211700009814,43.30926599979961],[-88.15460099996221,43.30570999967731]]]},"properties":{"NAME":"Jackson village","LSADC":"47"}},{"type":"Feature","geometry":{"type":"Polygon","coordinates":[[[-89.0094690003623,43.175393999861335],[-89.00964799956412,43.168721999720894],[-88.97067899989402,43.169470000198146],[-88.97043600021976,43.1979659996987],[-89.00883199960444,43.197724000225826],[-89.0094690003623,43.175393999861335]]]},"properties":{"NAME":"Waterloo city","LSADC":"25"}},{"type":"Feature","geometry":{"type":"Polygon","coordinates":[[[-92.4972140002115,44.75246200022051],[-92.49710899973121,44.72479200031409],[-92.48690899978594,44.71748700010311],[-92.47183800019687,44.713993000010774],[-92.4768109999479,44.72116400004493],[-92.46793800032347,44.728628999783034],[-92.45654699960146,44.72525399979538],[-92.45651200033969,44.734509000287254],[-92.46660400032992,44.73858900000074],[-92.46677500003413,44.75037399992249],[-92.48450000026492,44.75011899978439],[-92.481999999609,44.757375000253184],[-92.48686699995314,44.758147000218834],[-92.49715200028723,44.757245999823326],[-92.4972140002115,44.75246200022051]]]},"properties":{"NAME":"Ellsworth village","LSADC":"47"}},{"type":"Feature","geometry":{"type":"Polygon","coordinates":[[[-91.37816700033493,44.352515999702824],[-91.37773899981445,44.345298000216935],[-91.36775300012943,44.34537099981148],[-91.36772100034237,44.33460199979545],[-91.34750100037685,44.33470100014826],[-91.36268499994381,44.341794999816166],[-91.3575649998797,44.35024300008767],[-91.36102899973501,44.35901799973033],[-91.3271580003877,44.356460000230584],[-91.3271430003191,44.361877999853974],[-91.3169640002902,44.36193799978959],[-91.31699600007725,44.35647299972194],[-91.30719600016506,44.35648499979332],[-91.30707599961616,44.36376700016337],[-91.2867250001294,44.36370299978746],[-91.2866620003802,44.36915999972454],[-91.31127900033657,44.367379999718715],[-91.31448899974866,44.37582999977699],[-91.36207999987134,44.369991000166095],[-91.36755099956474,44.363524000020504],[-91.36398999962505,44.35119499997465],[-91.37816700033493,44.352515999702824]]]},"properties":{"NAME":"Whitehall city","LSADC":"25"}},{"type":"Feature","geometry":{"type":"MultiPolygon","coordinates":[[[[-91.17474699959084,45.15566999971792],[-91.17279400017941,45.14870200003311],[-91.13163799984783,45.14863300024575],[-91.13124799986049,45.1776280000101],[-91.1731029999759,45.17717299972866],[-91.17474699959084,45.15566999971792]]],[[[-91.1108749997341,45.16601999991406],[-91.10064100035196,45.163805000138744],[-91.10064700019973,45.17040200008798],[-91.1108179998327,45.17046600011793],[-91.1108749997341,45.16601999991406]]]]},"properties":{"NAME":"Cornell city","LSADC":"25"}},{"type":"Feature","geometry":{"type":"MultiPolygon","coordinates":[[[[-91.51434900037798,46.00866800028888],[-91.50393000014958,46.006825999848964],[-91.50916200036669,46.00500800006625],[-91.50684500000888,45.99855600022679],[-91.49469900032486,46.00867799992534],[-91.49289499997803,45.99776599989119],[-91.47786700004667,45.997683000273135],[-91.4780519999946,45.99037099998767],[-91.46767799997205,45.990318999879825],[-91.46218600036225,46.01148700012079],[-91.47083499968068,46.01213200030584],[-91.46764700000992,46.01922000021799],[-91.47271699984532,46.02111200027967],[-91.46271500026677,46.0269049997423],[-91.47919099999449,46.02313800013804],[-91.48833300013074,46.030533000093754],[-91.48823000019857,46.02442200020452],[-91.49349699967748,46.0268720000223],[-91.49343599957811,46.01963199971191],[-91.4986729998181,46.01962100023164],[-91.49862199976447,46.01111599985481],[-91.51434900037798,46.00866800028888]]],[[[-91.55163099987712,45.994000000136936],[-91.54914000034033,45.98309900007631],[-91.53521299987571,45.986834999954915],[-91.53522899976925,45.99410200004756],[-91.55163099987712,45.994000000136936]]]]},"properties":{"NAME":"Hayward city","LSADC":"25"}},{"type":"Feature","geometry":{"type":"Polygon","coordinates":[[[-92.06635900026303,45.03864499978332],[-92.06636900030877,45.03128300003214],[-92.01525900007921,45.03115499983557],[-92.01518000043649,45.04282299974043],[-92.01020799961205,45.043772999707954],[-92.02542499968929,45.06029899991439],[-92.02546300022244,45.05304000026695],[-92.06133299991025,45.0531069998682],[-92.06124900024464,45.038624999884505],[-92.06635900026303,45.03864499978332]]]},"properties":{"NAME":"Boyceville village","LSADC":"47"}},{"type":"Feature","geometry":{"type":"Polygon","coordinates":[[[-89.33166999988543,42.78031699984791],[-89.31856000010372,42.76663700025941],[-89.3062369999694,42.7730879999405],[-89.2939809997822,42.77302700011351],[-89.29233100031948,42.76675999967387],[-89.29051199990404,42.77300700026526],[-89.28175999975511,42.77373200019956],[-89.27505999965014,42.764130999955235],[-89.25964000008163,42.764144000071525],[-89.25960300027171,42.77591000001807],[-89.26956100036764,42.783587999850674],[-89.2796180001978,42.77949699971842],[-89.27452999992072,42.78031399989458],[-89.27944699959525,42.78720999972549],[-89.30192199999429,42.78766399999662],[-89.29910300039447,42.79102599971205],[-89.30704200005843,42.79299900013437],[-89.3034789995706,42.78940499978316],[-89.32372000035083,42.78765499988565],[-89.32486199982544,42.77911700031806],[-89.33166999988543,42.78031699984791]],[[-89.31439800028951,42.784014000230684],[-89.31439800028951,42.784014000230684]],[[-89.27896299989658,42.77165999990565],[-89.27444700008006,42.773009000250376],[-89.27896299989658,42.77165999990565]]]},"properties":{"NAME":"Evansville city","LSADC":"25"}},{"type":"Feature","geometry":{"type":"Polygon","coordinates":[[[-90.46820000014344,45.94450400016842],[-90.4579540001674,45.94268400011219],[-90.45825999959084,45.928682999716166],[-90.46333600017235,45.92616800025048],[-90.4582350003748,45.92333799995279],[-90.45899600008292,45.90982400026124],[-90.43761100017825,45.909766999847605],[-90.43755599992666,45.94082999970246],[-90.41869300041924,45.94561500016658],[-90.41862499974887,45.9599390001533],[-90.42327799983278,45.961389999953994],[-90.4272720003158,45.952827000077995],[-90.46303599969838,45.95486200025349],[-90.46820000014344,45.94450400016842]]]},"properties":{"NAME":"Park Falls city","LSADC":"25"}},{"type":"Feature","geometry":{"type":"Polygon","coordinates":[[[-91.9237919997593,45.81806699998362],[-91.91216400010913,45.809419000105216],[-91.89691799971959,45.81451299977041],[-91.89300100012775,45.80909799969405],[-91.89323799995421,45.814541000069774],[-91.87778900007338,45.81451000007293],[-91.87754200020117,45.82168900006836],[-91.85588600013487,45.814348999791335],[-91.8512840001046,45.828721000222345],[-91.877142999993,45.828922000288664],[-91.86766500029609,45.82900200025641],[-91.86068800018168,45.8508190000911],[-91.87981500017806,45.83627699975999],[-91.90013499970267,45.843396999995775],[-91.89799200032044,45.836224000134536],[-91.90760399991167,45.83621100025417],[-91.90779100040773,45.82089800023866],[-91.9237919997593,45.81806699998362]]]},"properties":{"NAME":"Spooner city","LSADC":"25"}},{"type":"Feature","geometry":{"type":"MultiPolygon","coordinates":[[[[-90.15271999974335,42.96737300008853],[-90.15262600003203,42.96010700020538],[-90.14269600042348,42.96110299986668],[-90.14274900012694,42.94545500001423],[-90.12283799995792,42.94540099975466],[-90.12775899983039,42.95270200001584],[-90.11290099977836,42.95262499979613],[-90.11288099968687,42.95988699996754],[-90.10836200039559,42.95805399981377],[-90.11782500002391,42.989002000030105],[-90.12773999956383,42.989046999795725],[-90.12284100033096,42.98014600009786],[-90.13279600005387,42.97889099979115],[-90.13940499992222,42.98550799968364],[-90.15026799966633,42.982022999919145],[-90.14274199955592,42.96731400030227],[-90.15271999974335,42.96737300008853]]],[[[-90.11286700034148,42.97066400026465],[-90.11286700034148,42.97066400026465]]]]},"properties":{"NAME":"Dodgeville city","LSADC":"25"}},{"type":"Feature","geometry":{"type":"Polygon","coordinates":[[[-92.73296200007196,45.30389700030906],[-92.70288199991981,45.31089400015086],[-92.7079149999453,45.30005000001435],[-92.69768700041094,45.29997500019601],[-92.69892099994705,45.30718300014635],[-92.67054899988224,45.30332299983156],[-92.67226100016758,45.30936099990513],[-92.66587999990485,45.31062999992743],[-92.67305700003577,45.317760999896684],[-92.6773329996528,45.310618999865106],[-92.67197199956426,45.32155000024384],[-92.67711799956766,45.32207099975504],[-92.6770859997806,45.33249800022266],[-92.69254600043041,45.33271400015603],[-92.68228600021067,45.33614200019918],[-92.68222299956317,45.34696499990696],[-92.69086199973418,45.3470019999628],[-92.69404799975513,45.33624999995003],[-92.73296200007196,45.30389700030906]],[[-92.68372700033436,45.34265700024975],[-92.68372700033436,45.34265700024975]],[[-92.68070799981965,45.30866199971494],[-92.68070799981965,45.30866199971494]]]},"properties":{"NAME":"Osceola village","LSADC":"47"}},{"type":"Feature","geometry":{"type":"Polygon","coordinates":[[[-88.18310000024863,44.04417599971419],[-88.18293799986691,44.015174999890434],[-88.15230700006894,44.01342800030647],[-88.13777500043012,44.01890500025777],[-88.1344570001647,44.02610599971637],[-88.14274800018116,44.029353999922975],[-88.1328090003518,44.02581099982166],[-88.14163599994546,44.03768699970014],[-88.15075999964006,44.03847299999135],[-88.15059599960853,44.044153000072114],[-88.18310000024863,44.04417599971419]]]},"properties":{"NAME":"Chilton city","LSADC":"25"}},{"type":"Feature","geometry":{"type":"MultiPolygon","coordinates":[[[[-91.69121499985118,44.57227899977866],[-91.69085500000108,44.55708300018841],[-91.65046500029877,44.556863999835535],[-91.65540100023988,44.58949300021116],[-91.69107900030706,44.578756000187205],[-91.69121499985118,44.57227899977866]]],[[[-91.64922699966637,44.581210999832095],[-91.6301499998987,44.578531000188256],[-91.63006100021023,44.58580399975302],[-91.64922699966637,44.581210999832095]]]]},"properties":{"NAME":"Mondovi city","LSADC":"25"}},{"type":"Feature","geometry":{"type":"Polygon","coordinates":[[[-89.16579500020286,43.44194400001256],[-89.16529399988744,43.41298399979067],[-89.12548999999105,43.41321900007193],[-89.12606199955326,43.44224099988362],[-89.16579500020286,43.44194400001256]]]},"properties":{"NAME":"Doylestown village","LSADC":"47"}},{"type":"Feature","geometry":{"type":"Polygon","coordinates":[[[-92.27308899997833,44.83739299981752],[-92.2729750001755,44.83013899985635],[-92.2579580001148,44.83354799983222],[-92.2578230003956,44.82630100021122],[-92.25230099975025,44.82607099987209],[-92.2422859997529,44.83284900031791],[-92.24227700043038,44.840019000086066],[-92.21700000014994,44.83950099998395],[-92.21755300034388,44.853942999794704],[-92.23277399972079,44.85412400024668],[-92.23285099971368,44.87247200024864],[-92.24561599971389,44.87973000031365],[-92.25751100022606,44.86890000029341],[-92.24976199963459,44.86167300025495],[-92.25250999998762,44.845883999813424],[-92.26821999998435,44.844464999765464],[-92.26807600004432,44.8373089998183],[-92.27308899997833,44.83739299981752]]]},"properties":{"NAME":"Spring Valley village","LSADC":"47"}},{"type":"Feature","geometry":{"type":"Polygon","coordinates":[[[-90.92628399995887,46.67370700020888],[-90.92614300039187,46.65933199976382],[-90.91395300032694,46.659291000122835],[-90.90428700030904,46.6661399997775],[-90.88391500000758,46.66765900024022],[-90.86062899967172,46.687879999743004],[-90.92576400027521,46.68794400025084],[-90.92628399995887,46.67370700020888]]]},"properties":{"NAME":"Washburn city","LSADC":"25"}},{"type":"Feature","geometry":{"type":"Polygon","coordinates":[[[-91.31237099958244,44.32645599981695],[-91.30241699968448,44.31917900017749],[-91.27169899984786,44.32304799978905],[-91.2717719996428,44.3180500000201],[-91.24179899962076,44.301535000043344],[-91.24017199972425,44.28723200006293],[-91.21135000029597,44.29081500018829],[-91.21149599988584,44.29803900009758],[-91.171194999872,44.2981530001784],[-91.17628700034703,44.28585199978396],[-91.16607700035601,44.27757000008454],[-91.16620899970218,44.30291700022453],[-91.19647899982513,44.300139999711824],[-91.19488600026382,44.295702000137524],[-91.20648299995183,44.30156499972096],[-91.2189840003614,44.297856000029554],[-91.24123100025649,44.30170100003883],[-91.24684199969198,44.31611099988491],[-91.26670600000533,44.3194330002707],[-91.26905599997512,44.32660899969428],[-91.28447899991667,44.32651200031817],[-91.2874850000126,44.33482200013836],[-91.30601899963203,44.334828000141975],[-91.31237099958244,44.32645599981695]]]},"properties":{"NAME":"Blair city","LSADC":"25"}},{"type":"Feature","geometry":{"type":"MultiPolygon","coordinates":[[[[-91.12684400019694,45.450938999800876],[-91.11119799977429,45.4537980001466],[-91.11117000018521,45.44736999976326],[-91.10090800031564,45.44584499975529],[-91.11902900038153,45.437625000283255],[-91.08652499974144,45.439542000093034],[-91.08636599973278,45.44769700028806],[-91.08028999996688,45.44768000004342],[-91.0859299997147,45.45044399983002],[-91.08028999996688,45.45127999992835],[-91.08246500003447,45.4585680002728],[-91.07706399976294,45.45800699995831],[-91.08034500021847,45.468423000207444],[-91.06992000014228,45.469461000210856],[-91.0708859998898,45.47420099982263],[-91.08419099966518,45.47509899997619],[-91.06952699978191,45.479525000193405],[-91.08633399994572,45.480254999950546],[-91.09189099985286,45.47878600014764],[-91.0884720002034,45.47293000029003],[-91.10359300002118,45.47267900007773],[-91.09600599981141,45.48009999980508],[-91.10703599996008,45.48388700027906],[-91.1052840003901,45.47980599991409],[-91.11342600044365,45.477932999746244],[-91.11115099991864,45.466540000151184],[-91.11521999984643,45.469481000148285],[-91.12211800031811,45.46301999985301],[-91.11111199956056,45.464416000234436],[-91.11788100016084,45.45599899992375],[-91.1267289996709,45.45706599986517],[-91.12684400019694,45.450938999800876]]],[[[-91.13064600016104,45.46490000010242],[-91.13064600016104,45.46490000010242]]]]},"properties":{"NAME":"Ladysmith city","LSADC":"25"}},{"type":"Feature","geometry":{"type":"Polygon","coordinates":[[[-90.9786500003642,44.96005200016355],[-90.97862400042492,44.951992000292584],[-90.95897900039469,44.95150200021496],[-90.95834800038291,44.94435999977212],[-90.92239499995613,44.955279999989976],[-90.90245299982497,44.9520589999236],[-90.90246799989359,44.95770000006827],[-90.92241500004762,44.958664999799204],[-90.91768900016879,44.96619500021266],[-90.92581799980356,44.97405699983983],[-90.96397399988703,44.9731370003115],[-90.96370699992333,44.95866800012813],[-90.9786500003642,44.96005200016355]]]},"properties":{"NAME":"Stanley city","LSADC":"25"}},{"type":"Feature","geometry":{"type":"MultiPolygon","coordinates":[[[[-90.87457600022782,44.30051799978214],[-90.8674929998082,44.28425799983088],[-90.84612100032233,44.29167099983177],[-90.83193500028996,44.2859450002302],[-90.82943499963402,44.291954000235094],[-90.82686899975418,44.284447999842996],[-90.8080859997144,44.2807359998913],[-90.8268920002187,44.29888800030916],[-90.82191699991955,44.303136999826116],[-90.83721099998968,44.306737999932054],[-90.83405000008308,44.313466000141354],[-90.83995500014476,44.313573000078854],[-90.83931599973708,44.30769799978587],[-90.84707700002413,44.30995199982963],[-90.84190199970841,44.31718200018679],[-90.85201999963793,44.3169699999618],[-90.85605799960356,44.30635699988077],[-90.87021100002403,44.309355999971096],[-90.86695499968285,44.30231700021847],[-90.87457600022782,44.30051799978214]]],[[[-90.80909699966774,44.30385899969828],[-90.80472599961615,44.29157700021181],[-90.80089000021519,44.30182400000774],[-90.79648099963045,44.29888499975524],[-90.79659500033158,44.305956999782936],[-90.80909699966774,44.30385899969828]]]]},"properties":{"NAME":"Black River Falls city","LSADC":"25"}},{"type":"Feature","geometry":{"type":"MultiPolygon","coordinates":[[[[-92.06225099997718,45.55645100018626],[-92.05163799958002,45.54383399974668],[-92.06195100040152,45.545623000236716],[-92.0528390004025,45.53848199989936],[-92.05163599993021,45.54328700020731],[-92.04002800037152,45.538704000060235],[-92.04913500034769,45.534961000029675],[-92.0432019997986,45.53057099984683],[-92.05131000041528,45.524171000215546],[-92.03670500008323,45.52425900014984],[-92.02716499956371,45.50995900026102],[-92.01948500036583,45.509979999989625],[-92.02203500035216,45.517186999968516],[-92.01180799974439,45.51357400026799],[-92.01167700022313,45.52890400018544],[-92.0065920003191,45.531561000148145],[-92.01217299961738,45.55295300007688],[-92.00280500042362,45.558496999692586],[-92.01732299981872,45.5528559999843],[-92.02249099956343,45.55827200006513],[-92.02644200038876,45.552683000071546],[-92.0383570000941,45.55979099973651],[-92.02644700041162,45.5497049999288],[-92.03224899964282,45.54152499995619],[-92.04142400028935,45.55147500023467],[-92.06225099997718,45.55645100018626]],[[-92.02703200039262,45.515383999986746],[-92.02703200039262,45.515383999986746]],[[-92.02704099971515,45.513599000286675],[-92.02704099971515,45.513599000286675]]],[[[-91.99154400029626,45.50565499977079],[-91.97084099955867,45.50634000010293],[-91.98115900040305,45.5100400000704],[-91.99154400029626,45.50565499977079]]],[[[-92.0065920003191,45.531561000148145],[-92.0065920003191,45.531561000148145]]]]},"properties":{"NAME":"Cumberland city","LSADC":"25"}},{"type":"Feature","geometry":{"type":"MultiPolygon","coordinates":[[[[-91.45808300009925,44.31940999978629],[-91.42799299990136,44.31897000026804],[-91.4379640004161,44.30833199982339],[-91.40772799973001,44.30469299996991],[-91.4227719995549,44.30139800027063],[-91.41774199990246,44.29903699976686],[-91.42271899985145,44.29385500009922],[-91.4026019998181,44.297464999824605],[-91.40292999988117,44.31909800031633],[-91.42090299980904,44.31902300003572],[-91.42065599993684,44.352424000141305],[-91.40836499958955,44.356162999702136],[-91.40291999983542,44.34884600027899],[-91.37772700011888,44.356161000214655],[-91.40798399982305,44.356164999831805],[-91.41112100033853,44.363310999732285],[-91.39786000004575,44.36698699998545],[-91.42309700014323,44.3722969999533],[-91.43302599992685,44.366835000028566],[-91.42801899984063,44.36214999996917],[-91.43341799956401,44.35240000025986],[-91.42319699970233,44.352430000270736],[-91.42286100014167,44.315444999805095],[-91.42541799980067,44.32081600005766],[-91.45808300009925,44.31940999978629]]],[[[-91.46083800012498,44.31457400025057],[-91.4584930001781,44.319160999860934],[-91.46083800012498,44.31457400025057]]]]},"properties":{"NAME":"Independence city","LSADC":"25"}},{"type":"Feature","geometry":{"type":"Polygon","coordinates":[[[-89.10217900043915,42.839973000100976],[-89.09432500026568,42.82911200007469],[-89.064882999798,42.8194069998011],[-89.06464000012375,42.82562700025278],[-89.05236999969284,42.82562399986029],[-89.05257399990737,42.83398799992307],[-89.04264400029882,42.82934399977317],[-89.04199900004336,42.83623299979806],[-89.05276200022833,42.84007000007576],[-89.05448600020921,42.85480500003209],[-89.04047799955374,42.854793999835216],[-89.0531530000406,42.86022999985904],[-89.0590470002316,42.85459300026324],[-89.06304099981632,42.860281999906235],[-89.06744000035532,42.856021999954166],[-89.05553599962234,42.847520000181255],[-89.09253299961442,42.847349999738675],[-89.09229300031323,42.84214099991874],[-89.10217900043915,42.839973000100976]],[[-89.09325999988566,42.83720300002487],[-89.09325999988566,42.83720300002487]],[[-89.09269499999613,42.83650000018133],[-89.09269499999613,42.83650000018133]]]},"properties":{"NAME":"Edgerton city","LSADC":"25"}},{"type":"Feature","geometry":{"type":"Polygon","coordinates":[[[-87.92444500016899,42.70569399977735],[-87.9192780002492,42.68380899980278],[-87.88270100038166,42.68329100029641],[-87.87975600038511,42.70342799998939],[-87.88984099980436,42.703536000200465],[-87.89491099963978,42.71945199971249],[-87.91475999988452,42.72009099980715],[-87.91467600021895,42.70554599969519],[-87.92444500016899,42.70569399977735]]]},"properties":{"NAME":"Sturtevant village","LSADC":"47"}},{"type":"Feature","geometry":{"type":"MultiPolygon","coordinates":[[[[-88.93289400042963,43.067250000194974],[-88.92689700030644,43.059110999848734],[-88.90405899968422,43.05876699991933],[-88.8906500001518,43.0683150001804],[-88.87586599971958,43.06808700027053],[-88.87580600034345,43.07462899970819],[-88.89237400013266,43.07648099971653],[-88.88573199975403,43.07700499998242],[-88.88517000023755,43.08704899992912],[-88.89917499962166,43.08861599989261],[-88.89299699974852,43.09884800026798],[-88.91238200038607,43.10259900010786],[-88.92087199969585,43.095403000206126],[-88.91049500019857,43.08936399986864],[-88.92391700014981,43.08905499983955],[-88.92425199988556,43.073052999756285],[-88.91905599965347,43.07302999978298],[-88.92676300041214,43.06637500016377],[-88.91605499958044,43.06416900014279],[-88.93289400042963,43.067250000194974]],[[-88.91258499987735,43.088670000314295],[-88.91258499987735,43.088670000314295]],[[-88.91392700026681,43.06300899987656],[-88.91392700026681,43.06300899987656]],[[-88.91296800019198,43.087912000292334],[-88.91296800019198,43.087912000292334]],[[-88.89294499986998,43.08557400007167],[-88.89294499986998,43.08557400007167]],[[-88.88974899980327,43.08328399977165],[-88.88974899980327,43.08328399977165]],[[-88.91508499963494,43.09493200031029],[-88.90777799980768,43.09822600000438],[-88.90190899973099,43.08941399982024],[-88.91508499963494,43.09493200031029]]],[[[-88.92225799956793,43.096003999768044],[-88.91796100003452,43.091525000212094],[-88.92225799956793,43.096003999768044]]]]},"properties":{"NAME":"Lake Mills city","LSADC":"25"}},{"type":"Feature","geometry":{"type":"Polygon","coordinates":[[[-88.28870500002205,43.09745300007143],[-88.27603200008335,43.08585600015415],[-88.27516000004715,43.07571100030203],[-88.25543200017624,43.06481400017317],[-88.25394900021978,43.07548100031313],[-88.24023400036558,43.068631000057856],[-88.24352400014361,43.07594300010097],[-88.23380500042225,43.07212500008608],[-88.23477700001756,43.07671299988113],[-88.22490799961005,43.07955100020045],[-88.23501899986688,43.104854000213045],[-88.25445899985772,43.10502900020044],[-88.24453900029492,43.10039699989611],[-88.24902499997422,43.09555899967801],[-88.25455500011718,43.099359999995656],[-88.25468499981352,43.09413200004018],[-88.25848799960252,43.09760500029275],[-88.2547819998979,43.09050099993598],[-88.28870500002205,43.09745300007143]],[[-88.27755600004768,43.08932999979951],[-88.27755600004768,43.08932999979951]]]},"properties":{"NAME":"Pewaukee village","LSADC":"47"}},{"type":"Feature","geometry":{"type":"MultiPolygon","coordinates":[[[[-88.21722500003914,44.321299999992746],[-88.20175600006681,44.32102299977498],[-88.20174000017329,44.328169999770225],[-88.19633700025194,44.32816299982803],[-88.19931099966249,44.32140399973919],[-88.1924890002571,44.32285200004406],[-88.19261300010565,44.31369000000348],[-88.17185099981685,44.31582700010745],[-88.16320499997315,44.313423000081464],[-88.1661259996802,44.309739000268834],[-88.15193899982292,44.309760999830715],[-88.14344600014009,44.33429300018941],[-88.16127099992997,44.33043700017102],[-88.14562700005547,44.34998499975738],[-88.15105699974099,44.34274599977834],[-88.16155200013735,44.342760999686575],[-88.16614300029697,44.331801999856545],[-88.19134699988416,44.336679000225466],[-88.19442099975211,44.346534999958855],[-88.21085999966992,44.32158100023707],[-88.21722500003914,44.321299999992746]],[[-88.19294100016872,44.33172900007346],[-88.19294100016872,44.33172900007346]]],[[[-88.19142100040231,44.34741400015858],[-88.18390199996462,44.346187000118285],[-88.19142100040231,44.34741400015858]]]]},"properties":{"NAME":"Wrightstown village","LSADC":"47"}},{"type":"Feature","geometry":{"type":"MultiPolygon","coordinates":[[[[-90.37472000013766,45.14091199971064],[-90.35918400021816,45.137092999785466],[-90.36192800037325,45.114212999959996],[-90.34955199963714,45.12406500029783],[-90.35506900025963,45.12895399980312],[-90.34659800031811,45.13024699987258],[-90.35191900022369,45.1205030000181],[-90.3292289997395,45.117564999956336],[-90.33559099973564,45.12566800016965],[-90.32986499977413,45.12194600010152],[-90.3327849996563,45.13748300000899],[-90.32344099985366,45.13845100017343],[-90.3282439997254,45.141120000128495],[-90.32388899956734,45.14573200024368],[-90.32898699989015,45.14559999981528],[-90.32337100043179,45.156410999793934],[-90.33388600002134,45.1552790001089],[-90.3302210003246,45.16268500013635],[-90.33792300016209,45.1625779999973],[-90.34890399990695,45.148729999950554],[-90.35923799974654,45.15218800026023],[-90.35902900040747,45.144941999686495],[-90.36937699959245,45.14833400020204],[-90.37472000013766,45.14091199971064]],[[-90.3598269999255,45.12117599977353],[-90.3598269999255,45.12117599977353]]],[[[-90.32150199978764,45.11302100017412],[-90.31394600043832,45.10591499991707],[-90.31807700029039,45.11556099984173],[-90.31120300010814,45.12469800008067],[-90.32150199978764,45.11302100017412]]],[[[-90.32565899957898,45.13476400001869],[-90.32565899957898,45.13476400001869]]],[[[-90.30831300036321,45.14959100004195],[-90.30831300036321,45.14959100004195]]],[[[-90.34447400030415,45.156060000192205],[-90.34447400030415,45.156060000192205]]]]},"properties":{"NAME":"Medford city","LSADC":"25"}},{"type":"Feature","geometry":{"type":"Polygon","coordinates":[[[-88.0558319998379,44.464872000015376],[-88.04024099966685,44.45793799977769],[-88.04285299957745,44.454184000203846],[-88.01253800014696,44.44650399970949],[-88.02004800036383,44.45272200024127],[-88.00788900026103,44.46497899984227],[-88.01327700011376,44.47062600027471],[-88.00278300044062,44.47902599974394],[-88.00758200011435,44.484403000260805],[-87.99680800005872,44.48892899994346],[-88.02412599961414,44.49861599995117],[-88.0558319998379,44.464872000015376]]]},"properties":{"NAME":"Allouez village","LSADC":"47"}},{"type":"Feature","geometry":{"type":"Polygon","coordinates":[[[-89.04904599957963,43.32430800021105],[-89.04177700028549,43.32376599985905],[-89.04553599969357,43.31265099969833],[-89.03420099994639,43.32033200023245],[-89.02382600009892,43.315844999679186],[-89.00969000029524,43.32331100028999],[-89.00915700019276,43.35010600008041],[-89.03400000010491,43.34947599988566],[-89.03395300024927,43.357797999812355],[-89.04884999976106,43.3599780000588],[-89.03703999963771,43.34938899973994],[-89.04886300017985,43.34904599978255],[-89.04904599957963,43.32430800021105]],[[-89.03815699989627,43.35464800021204],[-89.03815699989627,43.35464800021204]]]},"properties":{"NAME":"Columbus city","LSADC":"25"}},{"type":"Feature","geometry":{"type":"Polygon","coordinates":[[[-88.43199300005091,42.78455100032639],[-88.41135999963353,42.781137999857854],[-88.4075979998524,42.77473000009996],[-88.41384100002287,42.77042000006516],[-88.40649800021058,42.760267000077995],[-88.38181599995688,42.75969099994413],[-88.38171700022268,42.76694299968571],[-88.39658299977235,42.763368999887575],[-88.39648499986306,42.770931000010535],[-88.36137300040863,42.7994529999228],[-88.37670699976341,42.80338400021389],[-88.3943480003286,42.79230500001841],[-88.390891000146,42.79878100024856],[-88.40053200004954,42.806834999978314],[-88.40558199979345,42.805681000232646],[-88.40327600020461,42.79592600008801],[-88.42505799976931,42.79233000027642],[-88.42531100038761,42.78517199979284],[-88.43199300005091,42.78455100032639]],[[-88.40831799955262,42.77066299969123],[-88.40559799968699,42.76703599978728],[-88.40831799955262,42.77066299969123]],[[-88.40391700026211,42.770506000321355],[-88.40391700026211,42.770506000321355]],[[-88.4019859996937,42.770793000212386],[-88.4019859996937,42.770793000212386]],[[-88.40184099992872,42.799678000280835],[-88.40184099992872,42.799678000280835]]]},"properties":{"NAME":"East Troy village","LSADC":"47"}},{"type":"Feature","geometry":{"type":"Polygon","coordinates":[[[-90.90969400042833,43.5842740002709],[-90.89396000014214,43.575765000245866],[-90.90967299961362,43.56190700022149],[-90.90398799965999,43.55825000006958],[-90.90366700016793,43.54587100020291],[-90.87118699981727,43.535168000100875],[-90.87744900025433,43.538702999851225],[-90.86841900027107,43.53858200015716],[-90.86915999988769,43.567537000194164],[-90.87906000025731,43.57115800000149],[-90.86908100024496,43.57116800025584],[-90.87704900022125,43.57473700027657],[-90.8691120002071,43.57836400006211],[-90.87906899957984,43.578412000079624],[-90.8791230000065,43.58559899997162],[-90.89394400024862,43.57981199991694],[-90.90969400042833,43.5842740002709]],[[-90.88927299972308,43.54497599969399],[-90.88927299972308,43.54497599969399]],[[-90.88531500012336,43.545939999960325],[-90.88531500012336,43.545939999960325]],[[-90.88021400032581,43.54248400023553],[-90.87366099963562,43.545849000169255],[-90.88021400032581,43.54248400023553]]]},"properties":{"NAME":"Viroqua city","LSADC":"25"}},{"type":"Feature","geometry":{"type":"Polygon","coordinates":[[[-88.77753699981132,44.63462899982775],[-88.77133999967161,44.62884399991988],[-88.77683300000463,44.62370999975324],[-88.77241199972433,44.61219900026916],[-88.7658410003891,44.61225899970753],[-88.76555699980865,44.60249100018346],[-88.77246799980082,44.59764799975017],[-88.76442200000673,44.59699800000772],[-88.7573290004397,44.612345000030814],[-88.74657700012537,44.61608300021431],[-88.74158599993267,44.616095000071766],[-88.74161100004703,44.6051149998727],[-88.72329400016257,44.60523600017435],[-88.72357500036995,44.61970399972803],[-88.74654199996527,44.61975500008083],[-88.7312250003289,44.62705499971835],[-88.73646199967058,44.646857999776294],[-88.74238000015106,44.64769900013113],[-88.74539399974455,44.636040999744885],[-88.77753699981132,44.63462899982775]],[[-88.75188299996233,44.634917000251306],[-88.7469949997018,44.63421400016847],[-88.75188299996233,44.634917000251306]],[[-88.7467279997381,44.633034000009246],[-88.7467279997381,44.633034000009246]]]},"properties":{"NAME":"Clintonville city","LSADC":"25"}},{"type":"Feature","geometry":{"type":"Polygon","coordinates":[[[-89.42325900040407,42.92173299972784],[-89.42141800024734,42.914450000124894],[-89.40094300001368,42.9137920003182],[-89.38776899975959,42.91442399990191],[-89.38633600003183,42.92166200024834],[-89.3837929997182,42.90527199988984],[-89.36898900009282,42.90668999999755],[-89.37547599976246,42.914203000195215],[-89.36516799986214,42.910156000143665],[-89.36821199959287,42.94296599984554],[-89.4128069996654,42.936347000230754],[-89.41321099989645,42.92905700000083],[-89.40340299958832,42.92709000010985],[-89.42325900040407,42.92173299972784]]]},"properties":{"NAME":"Oregon village","LSADC":"47"}},{"type":"Feature","geometry":{"type":"MultiPolygon","coordinates":[[[[-90.11195599994723,43.807231999927545],[-90.11194900027455,43.8017310002628],[-90.09193599999827,43.800898000256765],[-90.09177699998962,43.785486999970445],[-90.08678900016997,43.785484999917124],[-90.09187800027195,43.77463699999708],[-90.07160800007773,43.77979400000607],[-90.07339499980782,43.78910100001494],[-90.05498800040998,43.78506999972335],[-90.05122099970765,43.79666600019446],[-90.04108900043275,43.796253000163475],[-90.0455499999977,43.803500000111136],[-90.05837400044747,43.80353500021004],[-90.06256499967569,43.814401000276995],[-90.06657699970206,43.80723100026472],[-90.07721199984053,43.81854300032227],[-90.09718699958367,43.8185530002417],[-90.09400200028594,43.80635500006946],[-90.09708600019964,43.81082399999561],[-90.11195599994723,43.807231999927545]]],[[[-90.09474700010051,43.81082799970274],[-90.09474700010051,43.81082799970274]]]]},"properties":{"NAME":"Mauston city","LSADC":"25"}},{"type":"Feature","geometry":{"type":"Polygon","coordinates":[[[-91.7329660002095,44.14184800028031],[-91.73294199992006,44.133128000192215],[-91.71059700011568,44.12048000012863],[-91.70749099956234,44.10390599981942],[-91.67212499966472,44.09098899988744],[-91.67280099988233,44.12724099973727],[-91.6927449996633,44.127344999846486],[-91.69287500025796,44.141743000074214],[-91.7329660002095,44.14184800028031]]]},"properties":{"NAME":"Fountain City city","LSADC":"25"}},{"type":"Feature","geometry":{"type":"Polygon","coordinates":[[[-90.55627999970262,45.531239000026154],[-90.55616000005203,45.522410000219274],[-90.51389999988066,45.52187999986655],[-90.51414799957779,45.53626599981954],[-90.50371199963095,45.53594800025734],[-90.50321000038893,45.543147999947884],[-90.51399000029235,45.54348000018772],[-90.51305999963152,45.551259999772235],[-90.55620000023501,45.55180000020625],[-90.55627999970262,45.531239000026154]]]},"properties":{"NAME":"Catawba village","LSADC":"47"}},{"type":"Feature","geometry":{"type":"Polygon","coordinates":[[[-87.9947280004257,43.16478899973482],[-87.97485999991437,43.16313200019859],[-87.97528900025978,43.14859300031238],[-87.96548199977657,43.14858399977036],[-87.96519800009446,43.15586799989018],[-87.95750700012759,43.15581499978435],[-87.9603099998339,43.16227799998964],[-87.9507910001291,43.16303399992164],[-87.96270699965935,43.174332000139074],[-87.95541800027372,43.17914600011787],[-87.95925500039793,43.192407000029554],[-87.99417100003376,43.19255000014826],[-87.9947280004257,43.16478899973482]]]},"properties":{"NAME":"Brown Deer village","LSADC":"47"}},{"type":"Feature","geometry":{"type":"MultiPolygon","coordinates":[[[[-90.41495500002925,43.34831500019366],[-90.39595299970634,43.33966199984976],[-90.40511800030713,43.33446399990266],[-90.40018400001584,43.326313999949356],[-90.38822400010466,43.32630199997782],[-90.38908299972206,43.315337000158515],[-90.36760400010607,43.31937399972387],[-90.33681500012435,43.308073000272366],[-90.34554100033398,43.31534000020288],[-90.35798199957078,43.31542300006459],[-90.36527000002982,43.33005299995727],[-90.37532500021014,43.32860699985225],[-90.36847399959413,43.333865999939405],[-90.37530799959339,43.334255000169684],[-90.3701890002525,43.34467100027779],[-90.37523099960049,43.34653900007956],[-90.36030999979927,43.3521880003011],[-90.38521600035894,43.34836399977653],[-90.38513099997012,43.359465000250545],[-90.37508500001064,43.36267700023389],[-90.386634999843,43.375865999796794],[-90.3966890001984,43.368396000314895],[-90.38461399976117,43.35581800026589],[-90.40027799972717,43.3588130002937],[-90.39347100039039,43.349313000013666],[-90.41495500002925,43.34831500019366]],[[-90.38002400032481,43.360985999926534],[-90.38002400032481,43.360985999926534]]],[[[-90.34926999960486,43.319726000140754],[-90.34926999960486,43.319726000140754]]],[[[-90.41003900017962,43.34546999996171],[-90.41003900017962,43.34546999996171]]],[[[-90.38976599961235,43.32307100030788],[-90.38976599961235,43.32307100030788]]]]},"properties":{"NAME":"Richland Center city","LSADC":"25"}},{"type":"Feature","geometry":{"type":"Polygon","coordinates":[[[-87.8878089998519,42.930184000311925],[-87.84598499969863,42.930198999893975],[-87.84780599976389,42.96647099973843],[-87.86992999963535,42.96635400017419],[-87.86996200032071,42.95912899978767],[-87.88325000037764,42.95912799984721],[-87.8878089998519,42.930184000311925]]]},"properties":{"NAME":"Cudahy city","LSADC":"25"}},{"type":"Feature","geometry":{"type":"Polygon","coordinates":[[[-88.97911700022357,42.788613000032754],[-88.97040400043271,42.78550600002326],[-88.96835700041164,42.7715089998667],[-88.95543300040276,42.769574000182175],[-88.95533399977026,42.75883499971938],[-88.93706200009163,42.76165800004859],[-88.93587700006098,42.77092899995831],[-88.91099499979076,42.75759199998353],[-88.89629099972451,42.7619039999381],[-88.89642299996898,42.771964999896525],[-88.91720600017418,42.76924199984132],[-88.92113799983463,42.77605500021702],[-88.93103099963325,42.77631300023165],[-88.92617000003521,42.79427599992099],[-88.93492499965886,42.78720600001323],[-88.95415499958742,42.78711299987333],[-88.95079600021242,42.78307700017229],[-88.97039799968663,42.79183799993423],[-88.97911700022357,42.788613000032754]]]},"properties":{"NAME":"Milton city","LSADC":"25"}},{"type":"Feature","geometry":{"type":"Polygon","coordinates":[[[-90.92754900035546,43.082828000254224],[-90.92230700009259,43.081314000277104],[-90.92255899998767,43.06658800008773],[-90.90658299985215,43.065596999674156],[-90.87123000037329,43.08576299990048],[-90.86853300007387,43.10121099990135],[-90.8984419996235,43.09497600015312],[-90.92226299971165,43.09728900027259],[-90.9223869995602,43.08482300014817],[-90.92754900035546,43.082828000254224]]]},"properties":{"NAME":"Wauzeka village","LSADC":"47"}},{"type":"Feature","geometry":{"type":"MultiPolygon","coordinates":[[[[-87.88209399976103,42.893761999912066],[-87.84736399989802,42.893129000038115],[-87.83925700000458,42.91304099986265],[-87.84598499969863,42.930198999893975],[-87.88139199960416,42.93003200017567],[-87.88209399976103,42.893761999912066]]],[[[-87.84306999983934,42.904792999675855],[-87.84306999983934,42.904792999675855]]]]},"properties":{"NAME":"South Milwaukee city","LSADC":"25"}},{"type":"Feature","geometry":{"type":"Polygon","coordinates":[[[-89.23459100030513,43.10036600019045],[-89.22947399971575,43.08602299992362],[-89.21904100014196,43.08897499982215],[-89.22095599991856,43.08039299993763],[-89.20963000039218,43.07617000030989],[-89.21460999981592,43.068247999762384],[-89.20464199967422,43.072156999720264],[-89.20776599977088,43.06479099973323],[-89.19464599994346,43.07772299997255],[-89.17972000011935,43.079602000237095],[-89.17969099980702,43.08716999990632],[-89.19461900017927,43.082561999733784],[-89.18949200044244,43.10155100003043],[-89.19945499966296,43.101173999748326],[-89.17952400030076,43.101717000051785],[-89.17953199979836,43.10614100028139],[-89.19891800026083,43.10857100012486],[-89.19370600013521,43.119236999907265],[-89.20159200009572,43.12274499996123],[-89.21396799993349,43.11524800020514],[-89.199642000159,43.10823299990769],[-89.20206200044899,43.10143099985323],[-89.20956400026994,43.10478200008424],[-89.2160509999396,43.09369499984132],[-89.21962699994788,43.10454500029184],[-89.23459100030513,43.10036600019045]],[[-89.2002969995619,43.11224500013087],[-89.2002969995619,43.11224500013087]]]},"properties":{"NAME":"Cottage Grove village","LSADC":"47"}},{"type":"Feature","geometry":{"type":"MultiPolygon","coordinates":[[[[-88.77325000032363,43.642715999867164],[-88.76261000016231,43.64248199992298],[-88.76401000027809,43.633091000121084],[-88.75830299968482,43.63200600006468],[-88.76285700003451,43.62950700000169],[-88.75302299978712,43.63025099996373],[-88.75510699961814,43.6256730002024],[-88.74507699955215,43.62292600020741],[-88.74507999992521,43.61359199983768],[-88.72728100007458,43.623391000233056],[-88.73467499994051,43.62021499975438],[-88.734695000032,43.60863299978104],[-88.72256100004356,43.60543599972569],[-88.71866700001793,43.61532200031045],[-88.70960600007254,43.61627699971539],[-88.72468900025548,43.619150000256774],[-88.71827000035789,43.62001000027911],[-88.71376200003897,43.6442170000839],[-88.72954099963268,43.64184699991315],[-88.72237000024784,43.645324999902385],[-88.72674899979702,43.651224999838426],[-88.7217969999624,43.654848999959896],[-88.73461100036641,43.642579999971666],[-88.72963100004436,43.64038100027057],[-88.73842199965303,43.64760399992645],[-88.74441700012639,43.64216200022969],[-88.74418699997261,43.64739299990429],[-88.76521600022514,43.65059599998177],[-88.77325000032363,43.642715999867164]],[[-88.76027100006317,43.63949800028576],[-88.75917300007119,43.64396899981539],[-88.76027100006317,43.63949800028576]],[[-88.72846899957996,43.60877000012515],[-88.72299000038893,43.61425899991615],[-88.72846899957996,43.60877000012515]],[[-88.72480899990607,43.625697999977945],[-88.72480899990607,43.625697999977945]],[[-88.72476700007327,43.623885000294514],[-88.72476700007327,43.623885000294514]],[[-88.72166499971792,43.64064899992383],[-88.7157229998463,43.63682899969582],[-88.72166499971792,43.64064899992383]],[[-88.7196570000549,43.63041200022297],[-88.7196570000549,43.63041200022297]]],[[[-88.72021199989867,43.640782999952236],[-88.72021199989867,43.640782999952236]]]]},"properties":{"NAME":"Waupun city","LSADC":"25"}},{"type":"Feature","geometry":{"type":"MultiPolygon","coordinates":[[[[-89.81889700041782,44.40683700029261],[-89.79836899958244,44.40918400002181],[-89.79727399996348,44.40374099996953],[-89.78684700023749,44.40324700003392],[-89.77671400023937,44.423754999886285],[-89.72740499998358,44.4217480000395],[-89.72628299970212,44.44636600023949],[-89.78826599972153,44.433427000130514],[-89.78946499999586,44.42637300001111],[-89.81164900014178,44.41969899981532],[-89.81889700041782,44.40683700029261]]],[[[-89.74222899970042,44.41939699977171],[-89.74222899970042,44.41939699977171]]]]},"properties":{"NAME":"Biron village","LSADC":"47"}},{"type":"Feature","geometry":{"type":"Polygon","coordinates":[[[-87.96262100034394,43.17433099977218],[-87.9464820000018,43.15972400007938],[-87.93512700016312,43.15902900016213],[-87.92731900002042,43.14351299982571],[-87.9151530002449,43.14263400019865],[-87.91520799959818,43.176281999737704],[-87.92466199990396,43.19214499993657],[-87.95925500039793,43.192407000029554],[-87.95541800027372,43.17914600011787],[-87.96262100034394,43.17433099977218]]]},"properties":{"NAME":"River Hills village","LSADC":"47"}},{"type":"Feature","geometry":{"type":"Polygon","coordinates":[[[-91.46839699984736,44.81604300025943],[-91.46836199968726,44.800112999945675],[-91.42624800000408,44.78920300011898],[-91.41405499956608,44.77836499971969],[-91.40720899987124,44.780825999933],[-91.40720999969616,44.78557499995457],[-91.41571900017082,44.78561100012381],[-91.41223400039912,44.791021000221114],[-91.38846600001443,44.78965099981239],[-91.38910100022414,44.79663999971191],[-91.39850899960088,44.793033999704676],[-91.42233800008493,44.80007599978982],[-91.39588800036775,44.80037000016667],[-91.40232999983155,44.80664399993773],[-91.40370400000806,44.80043599990227],[-91.41225399959231,44.802680000169296],[-91.42226100009204,44.81457799969629],[-91.44518000000677,44.8144500000802],[-91.44178300009864,44.81878099977822],[-91.45681500022795,44.823733000195],[-91.46839699984736,44.81604300025943]],[[-91.41800800004123,44.792802000075994],[-91.41068500032041,44.79459599988252],[-91.41800800004123,44.792802000075994]]]},"properties":{"NAME":"Altoona city","LSADC":"25"}},{"type":"Feature","geometry":{"type":"Polygon","coordinates":[[[-92.65209399990552,45.397976000082785],[-92.65202299976039,45.393846999793986],[-92.63246399994391,45.39744699991306],[-92.62599399999272,45.38659300013107],[-92.62219000037878,45.397497000192324],[-92.60574200024014,45.390144999943004],[-92.57503399955095,45.390104000023065],[-92.583936000386,45.39705899997663],[-92.61093099990124,45.39724400022987],[-92.60068900012315,45.397316999736944],[-92.60081600034476,45.411948999887855],[-92.61078600013629,45.41197999996673],[-92.61077600009055,45.40472400017472],[-92.62071599974483,45.40291600002866],[-92.62077400036947,45.437257000256665],[-92.63163799993845,45.44036299980668],[-92.63150599969399,45.43365199976774],[-92.64756600039341,45.42995299970526],[-92.65209399990552,45.397976000082785]],[[-92.62101600021879,45.399974000155055],[-92.60830700029508,45.40104300010938],[-92.62101600021879,45.399974000155055]]]},"properties":{"NAME":"St. Croix Falls city","LSADC":"25"}},{"type":"Feature","geometry":{"type":"Polygon","coordinates":[[[-88.87114599968855,43.85679700013241],[-88.86585300027036,43.85288400010263],[-88.86605800030979,43.83690300012879],[-88.84674700019039,43.836070000155665],[-88.84834099957662,43.82841600004269],[-88.83097299972121,43.82782600024481],[-88.83585400030907,43.82050000021845],[-88.81590799997994,43.822313999719015],[-88.81598699962267,43.82968499975471],[-88.82087599970811,43.82502300013819],[-88.82671800002059,43.8299629998337],[-88.80926499977639,43.829644999748695],[-88.80922999961628,43.83453500009291],[-88.82099999955666,43.83615200025363],[-88.8160440004224,43.843123999786776],[-88.8210580001813,43.843518999837976],[-88.82111599990762,43.85171500017596],[-88.81091500013743,43.86161299988779],[-88.87114599968855,43.85679700013241]]]},"properties":{"NAME":"Ripon city","LSADC":"25"}},{"type":"Feature","geometry":{"type":"MultiPolygon","coordinates":[[[[-88.01454099978709,43.31157000014852],[-88.00566300013982,43.308013000026186],[-88.01429100044017,43.3006399997436],[-88.00182199981765,43.29538300021029],[-88.0115139997748,43.28809700009],[-87.99396599999436,43.28510299977398],[-87.99520399972845,43.27920099994605],[-87.98419100019652,43.27429099981666],[-87.97425499984189,43.27957800023267],[-87.96962100002456,43.30103100011449],[-87.97548300042854,43.30482600027662],[-87.9696369999181,43.30408199984052],[-87.96968799997173,43.31045699990645],[-87.97898200044393,43.316651000191044],[-87.97467999998932,43.31012500010315],[-87.98032200028527,43.30986400009101],[-87.97772100024532,43.319344999906846],[-87.98494600005684,43.328311999728435],[-88.00329499972838,43.318930000107095],[-88.00463299991988,43.31165199985472],[-88.01454099978709,43.31157000014852]],[[-87.99860499983455,43.3131480001982],[-87.99860499983455,43.3131480001982]],[[-87.99027000033549,43.313251000118214],[-87.99027000033549,43.313251000118214]],[[-87.98986600010443,43.32175099979706],[-87.9847319997966,43.31562699984154],[-87.98986600010443,43.32175099979706]]],[[[-87.95935999997991,43.28709299974973],[-87.95918599990264,43.279819999857004],[-87.9542130001516,43.27989199978647],[-87.94986100036661,43.29129999996036],[-87.95935999997991,43.28709299974973]]]]},"properties":{"NAME":"Cedarburg city","LSADC":"25"}},{"type":"Feature","geometry":{"type":"Polygon","coordinates":[[[-89.3163130000661,43.033004000321],[-89.30673400008686,43.02481000012909],[-89.30833000002123,43.011266000234876],[-89.29922800006793,43.0012770000879],[-89.25974899986157,43.005511000248525],[-89.27370399991528,43.015982000157656],[-89.24710199986214,43.02109900006615],[-89.23701099969679,43.01523700026733],[-89.24148399985563,43.02358900008703],[-89.2319140000972,43.02405500029061],[-89.26197099978484,43.026787000172504],[-89.27679500039999,43.04089200022463],[-89.2692209997107,43.02659200010769],[-89.28590499985089,43.02611400011355],[-89.2891300002299,43.03143900020674],[-89.28904700038923,43.026024999845156],[-89.296374000308,43.02583699985748],[-89.2967120004168,43.0405929999537],[-89.31041700022526,43.040461999964464],[-89.3163130000661,43.033004000321]],[[-89.28617000016476,43.021352000130584],[-89.28617000016476,43.021352000130584]],[[-89.27993000036733,43.005088999883746],[-89.27993000036733,43.005088999883746]],[[-89.26866599986694,43.006298999828445],[-89.26866599986694,43.006298999828445]]]},"properties":{"NAME":"McFarland village","LSADC":"47"}},{"type":"Feature","geometry":{"type":"Polygon","coordinates":[[[-90.87270599975875,43.30514300013873],[-90.83315799995542,43.306650999816895],[-90.83324099979608,43.314062999955304],[-90.82335899986812,43.3214939997001],[-90.82372100026639,43.33587200026658],[-90.83837699975373,43.33596599987083],[-90.8434850001223,43.34598999967795],[-90.84843899960676,43.34335599983138],[-90.84526699982949,43.33594199981891],[-90.86976199958713,43.335969999878564],[-90.87270599975875,43.30514300013873]]]},"properties":{"NAME":"Gays Mills village","LSADC":"47"}},{"type":"Feature","geometry":{"type":"Polygon","coordinates":[[[-88.36361700007319,43.073547999743774],[-88.33341999974517,43.082792999940935],[-88.32839699976543,43.105872000131114],[-88.32348799958851,43.1053130002733],[-88.32827100026704,43.10995300003956],[-88.31346599991845,43.10867899983182],[-88.3130039999611,43.11957399972714],[-88.30354899983038,43.11044200032259],[-88.30291000032102,43.12585499979927],[-88.32256000037412,43.12742000029574],[-88.33215299969878,43.114119000277775],[-88.33247599973896,43.12694600006114],[-88.35146499964308,43.1246510002336],[-88.33567699982852,43.11934799967545],[-88.34072699957245,43.112569000216766],[-88.35754700015507,43.11280599976417],[-88.35206100039306,43.11999399974717],[-88.36288700032723,43.112878000291616],[-88.36326800009374,43.10716299974724],[-88.35817499979379,43.107539999875996],[-88.36361700007319,43.073547999743774]],[[-88.33311400032173,43.112963000204125],[-88.33311400032173,43.112963000204125]],[[-88.32290500015563,43.118233000275715],[-88.32290500015563,43.118233000275715]]]},"properties":{"NAME":"Hartland village","LSADC":"47"}},{"type":"Feature","geometry":{"type":"MultiPolygon","coordinates":[[[[-87.99622399990264,43.75741500031259],[-87.98736299997377,43.74330600028632],[-87.99050999963667,43.725221999947046],[-87.98106600027494,43.72525600004718],[-87.98238299965173,43.734259999945024],[-87.97114300033908,43.72531000001377],[-87.97112300024762,43.73426900010449],[-87.98049499963932,43.732498000225824],[-87.97449099984344,43.73456100021686],[-87.9842740000372,43.73970700013252],[-87.9716510003272,43.73458600009806],[-87.97493000023458,43.73975700013086],[-87.97133199958667,43.73493599993549],[-87.9611890004411,43.738516000148],[-87.96113400018953,43.732631000083174],[-87.95123899984277,43.73630000019535],[-87.94557999982838,43.725441999871435],[-87.94109999999684,43.72546500020052],[-87.94128800031783,43.73634600029449],[-87.94626199989376,43.7376110002065],[-87.94073599994879,43.73710500007354],[-87.94078500035258,43.72546800004522],[-87.93622900035307,43.725506000228876],[-87.9372300002607,43.73274999991014],[-87.91600600001452,43.73290500031747],[-87.92122700036097,43.735452999984325],[-87.91603000030396,43.740150000260456],[-87.94627500031257,43.74007499976605],[-87.94146300022001,43.75569199980099],[-87.95066599955733,43.76008500024742],[-87.95628500028705,43.750732999924374],[-87.97031800015857,43.75427500025403],[-87.96645500009508,43.76076099995485],[-87.99622399990264,43.75741500031259]],[[-87.9801630002766,43.73443299996052],[-87.9801630002766,43.73443299996052]],[[-87.96581099966454,43.73980200002875],[-87.96581099966454,43.73980200002875]],[[-87.96429900029408,43.73980599994595],[-87.96429900029408,43.73980599994595]],[[-87.96248099970354,43.741275999764255],[-87.96248099970354,43.741275999764255]],[[-87.9563239997468,43.74806699997203],[-87.9563239997468,43.74806699997203]],[[-87.95565799957492,43.74864799984088],[-87.95565799957492,43.74864799984088]],[[-87.95124999971343,43.73834300024561],[-87.95124999971343,43.73834300024561]],[[-87.94767600025325,43.747164999743156],[-87.94767600025325,43.747164999743156]]],[[[-87.970883999873,43.73512500021733],[-87.96612200000916,43.732584999726676],[-87.970883999873,43.73512500021733]]],[[[-87.99128499958847,43.763555999801234],[-87.98621899995102,43.76641199982452],[-87.99128499958847,43.763555999801234]]],[[[-88.00414099982528,43.746862999859516],[-88.00414099982528,43.746862999859516]]],[[[-88.00624700029591,43.77218600003181],[-87.99941499994647,43.76564399991416],[-88.00122799961581,43.75780399999759],[-87.992145999754,43.76138999974544],[-87.99647999999567,43.77587899978107],[-88.00624700029591,43.77218600003181]]]]},"properties":{"NAME":"Plymouth city","LSADC":"25"}},{"type":"Feature","geometry":{"type":"MultiPolygon","coordinates":[[[[-87.97903199977434,43.316928000288314],[-87.96968799997173,43.31045699990645],[-87.97076699969713,43.30186499974834],[-87.95690399970493,43.30791599989517],[-87.96023000036628,43.30352700004904],[-87.93236499956637,43.30567900018278],[-87.92482400028568,43.301144999765846],[-87.92122700036097,43.30797699971933],[-87.93864500044508,43.31015300029836],[-87.91780699998829,43.31305299986975],[-87.91518599985687,43.323999999822895],[-87.93135100013828,43.332379000241026],[-87.94051800038889,43.326033000157075],[-87.95242700024646,43.32732699994573],[-87.94686500031645,43.33233000017094],[-87.9560149999503,43.345445000227436],[-87.95019799975218,43.34565999969605],[-87.94902199994236,43.35302400013975],[-87.96071300024003,43.35615199987145],[-87.9555639998636,43.34711200030794],[-87.97025000038651,43.33764299994062],[-87.96019000018332,43.33349499994815],[-87.960056000289,43.3251050002176],[-87.96748600013994,43.3209710002142],[-87.97503200034181,43.33032599999797],[-87.97152999995339,43.32271099986408],[-87.97903199977434,43.316928000288314]],[[-87.94014500011998,43.316638000278154],[-87.93918900041821,43.30860600025145],[-87.94014500011998,43.316638000278154]],[[-87.92632800015853,43.307056000252366],[-87.92632800015853,43.307056000252366]],[[-87.94517599959735,43.32016199968644],[-87.93511499956924,43.31661299978429],[-87.94517599959735,43.32016199968644]]],[[[-87.93475600044235,43.29839499994589],[-87.92970400015028,43.29474199984268],[-87.93475600044235,43.29839499994589]]],[[[-87.92497900009637,43.31057299971733],[-87.92497900009637,43.31057299971733]]]]},"properties":{"NAME":"Grafton village","LSADC":"47"}},{"type":"Feature","geometry":{"type":"MultiPolygon","coordinates":[[[[-91.96692099959381,44.36407399998107],[-91.91862499983951,44.32267100019306],[-91.91357400027067,44.31039200011726],[-91.92414199956366,44.29088200008381],[-91.89310099968687,44.287459000213886],[-91.89313500002204,44.32004599999493],[-91.91309200022182,44.319894999792396],[-91.91317800043555,44.35208700012998],[-91.9027759999256,44.36383400027127],[-91.91815000036166,44.36393100020546],[-91.91305799988663,44.378053999852945],[-91.93299099979697,44.374494000292096],[-91.93319500001145,44.364145000094744],[-91.94318499989446,44.364125000234225],[-91.94828599969202,44.37463400007408],[-91.9616540001149,44.3783729999938],[-91.94604299985237,44.364115000301425],[-91.96692099959381,44.36407399998107]]],[[[-91.91297000002308,44.32427400019561],[-91.91297000002308,44.32427400019561]]]]},"properties":{"NAME":"Alma city","LSADC":"25"}},{"type":"Feature","geometry":{"type":"Polygon","coordinates":[[[-88.92309500034234,45.585527999713335],[-88.92296999977056,45.55063799983901],[-88.87125299981867,45.55060000016409],[-88.8717399998904,45.58655500005068],[-88.92309500034234,45.585527999713335]]]},"properties":{"NAME":"Crandon city","LSADC":"25"}},{"type":"Feature","geometry":{"type":"Polygon","coordinates":[[[-90.0995759999115,44.78702599990175],[-90.04489600041974,44.786522000192846],[-90.04520199984317,44.815534999712106],[-90.09933099968912,44.81525300020123],[-90.0995759999115,44.78702599990175]]]},"properties":{"NAME":"Stratford village","LSADC":"47"}},{"type":"Feature","geometry":{"type":"Polygon","coordinates":[[[-87.80456300012658,43.72055299997821],[-87.76807900014545,43.717673000114814],[-87.76160900019426,43.71212799968612],[-87.75995600035849,43.7319499999722],[-87.74986099999519,43.73558800019373],[-87.75734799974754,43.73567799973149],[-87.76403100013407,43.75374499975871],[-87.7747209996258,43.75381000027398],[-87.77468700018893,43.76029499997043],[-87.79500699971355,43.76026299989958],[-87.80456300012658,43.72055299997821]]]},"properties":{"NAME":"Kohler village","LSADC":"47"}},{"type":"Feature","geometry":{"type":"Polygon","coordinates":[[[-87.95475799994965,43.148488000023434],[-87.94578300021797,43.112256000263116],[-87.94004999968544,43.11902899987622],[-87.92083499982552,43.118703999928506],[-87.9309519999301,43.10799299993591],[-87.92859100008967,43.10041899982584],[-87.90788300022754,43.08974600027412],[-87.90770099975435,43.098954999785995],[-87.91696000006647,43.104133999705276],[-87.90959499961454,43.10452100013718],[-87.91174999959065,43.161934000175705],[-87.91973799965841,43.14055299970826],[-87.92806200018516,43.14415800012286],[-87.93512700016312,43.15902900016213],[-87.94646299973522,43.160243999816046],[-87.9454330004136,43.14837099988218],[-87.95475799994965,43.148488000023434]]]},"properties":{"NAME":"Glendale city","LSADC":"25"}},{"type":"Feature","geometry":{"type":"Polygon","coordinates":[[[-88.83499300014354,42.993799999774545],[-88.8327030004482,42.97997399984722],[-88.81808600042058,42.97658699983814],[-88.81248599995743,42.99087100019342],[-88.80925100043099,42.98550499983423],[-88.804154999758,42.99083700003913],[-88.7779860002482,42.99049499991494],[-88.77577600002051,43.00451700014166],[-88.78274899993696,43.0046920002676],[-88.78233899985811,42.994056000036224],[-88.78735699981502,42.99224999995269],[-88.78800500044352,43.02101299983798],[-88.79385299970546,43.02100600007378],[-88.79272999959913,43.02833499983469],[-88.80716400022695,43.021095999983864],[-88.80928900006582,43.02773799971407],[-88.79762399970743,43.031315000276784],[-88.80714400013547,43.03567299994364],[-88.8158970001093,43.021190000084815],[-88.82744399956859,43.02218700032478],[-88.82681500010497,42.995008999962],[-88.83499300014354,42.993799999774545]]]},"properties":{"NAME":"Jefferson city","LSADC":"25"}},{"type":"Feature","geometry":{"type":"Polygon","coordinates":[[[-91.9394919997103,45.71403899982035],[-91.86721900023224,45.71089100021705],[-91.86720900018649,45.75336600031095],[-91.93934199992248,45.753680000169695],[-91.9394919997103,45.71403899982035]]]},"properties":{"NAME":"Shell Lake city","LSADC":"25"}},{"type":"Feature","geometry":{"type":"MultiPolygon","coordinates":[[[[-88.87370300024587,42.9346389997304],[-88.86198500018403,42.9289530000184],[-88.86211800025342,42.93451000000885],[-88.85375500026693,42.93436400011015],[-88.85705300044089,42.928932000177696],[-88.86207999972028,42.934480999993454],[-88.86067200010689,42.92546099982164],[-88.84698800021481,42.924312999824345],[-88.85063000034533,42.91728100022694],[-88.86767599998547,42.91421399967247],[-88.85785599998177,42.90767000009845],[-88.86661599962831,42.89365400017808],[-88.86179799968797,42.88848300014934],[-88.85166800006287,42.88816800025503],[-88.85181000035311,42.89545599998444],[-88.85937300027344,42.89928999992445],[-88.85586199966414,42.90286999970938],[-88.84049700034721,42.90328999976809],[-88.8410100003582,42.910912999962626],[-88.8371239998302,42.90366000031632],[-88.82944000043437,42.904805999846175],[-88.83456399979814,42.910474999869315],[-88.82219399980812,42.913073000195794],[-88.82646500030062,42.944647000047],[-88.87108200011443,42.94615900003814],[-88.86665499998635,42.94179699988284],[-88.87370300024587,42.9346389997304]],[[-88.85377199998538,42.92930599977648],[-88.85377199998538,42.92930599977648]],[[-88.85548599992052,42.94241499988791],[-88.85548599992052,42.94241499988791]],[[-88.85385599965095,42.93329999969352],[-88.85385599965095,42.93329999969352]],[[-88.85473799973289,42.94163400029053],[-88.85473799973289,42.94163400029053]]],[[[-88.82314700003516,42.957886000074346],[-88.80930599978427,42.96919600025537],[-88.82001100024293,42.96981399991855],[-88.82314700003516,42.957886000074346]]]]},"properties":{"NAME":"Fort Atkinson city","LSADC":"25"}},{"type":"Feature","geometry":{"type":"MultiPolygon","coordinates":[[[[-88.31423099982452,43.32961899972905],[-88.3093640003787,43.3247099997264],[-88.29931599987107,43.32855299971297],[-88.29957699998695,43.31764099976558],[-88.28048000012782,43.31742299983524],[-88.28942200024754,43.32482400006069],[-88.26876299989088,43.3233089998693],[-88.26325700003737,43.3172670000646],[-88.26048500029322,43.33090699971955],[-88.2528310001363,43.3253260002372],[-88.25581899979053,43.31725099968001],[-88.23617499958519,43.30992000005534],[-88.24094300019514,43.30386499985035],[-88.22896499984229,43.30111399990477],[-88.22471599998944,43.30561999970936],[-88.2408279996691,43.311763999705114],[-88.23600999972875,43.31434200014705],[-88.24347700028792,43.3196059997227],[-88.24346800006708,43.324373999904324],[-88.23006600020733,43.32425900016461],[-88.22986199999283,43.33160899998283],[-88.24594899955814,43.32716400007071],[-88.25591000002711,43.335335000251604],[-88.26129399968188,43.33256399981594],[-88.28439000004695,43.34636400023243],[-88.29521400033131,43.36253700000357],[-88.29034500033735,43.3341569997502],[-88.2914609998727,43.34257799980723],[-88.29905399993025,43.3426469999033],[-88.2993400001605,43.33232099994038],[-88.31423099982452,43.32961899972905]],[[-88.29035899968272,43.32118099983019],[-88.29035899968272,43.32118099983019]]],[[[-88.3261139997428,43.35268800019476],[-88.32622000004801,43.346396000033124],[-88.31458200035212,43.350734000097454],[-88.31062499967899,43.34663099984916],[-88.31598900014059,43.339133000283155],[-88.3040559999936,43.33928099986172],[-88.30998799981944,43.34644499985855],[-88.29905399993025,43.3426469999033],[-88.298775000271,43.353812999917636],[-88.30388199991633,43.348326000263434],[-88.30625100015267,43.35372300000182],[-88.31850599961662,43.353579999897356],[-88.31655499985503,43.357566000042944],[-88.3261139997428,43.35268800019476]]],[[[-88.28265099999746,43.32319599984507],[-88.27555699970719,43.319235000204486],[-88.28265099999746,43.32319599984507]]]]},"properties":{"NAME":"Slinger village","LSADC":"47"}},{"type":"Feature","geometry":{"type":"Polygon","coordinates":[[[-90.8548190000446,43.30658800030559],[-90.84967300004118,43.303133000047744],[-90.85345599973873,43.27764699988408],[-90.7939149997506,43.27762299968551],[-90.79357699964179,43.29188100017074],[-90.80358999998934,43.29590099986426],[-90.80362599997434,43.30670400030979],[-90.8548190000446,43.30658800030559]]]},"properties":{"NAME":"Bell Center village","LSADC":"47"}},{"type":"Feature","geometry":{"type":"Polygon","coordinates":[[[-88.02989299958355,42.949000999948424],[-88.02884200034555,42.91973699978263],[-87.96926100017444,42.92697799968194],[-87.96668100005091,42.9340039999351],[-87.972678999999,42.94489400023142],[-87.98864099989082,42.95213400015147],[-88.0098020003878,42.95038599968004],[-88.01228500042698,42.955071999698035],[-88.02989299958355,42.949000999948424]]]},"properties":{"NAME":"Greendale village","LSADC":"47"}},{"type":"Feature","geometry":{"type":"Polygon","coordinates":[[[-87.87038099972206,43.73072699990385],[-87.8578519997234,43.721225000304806],[-87.85029499965086,43.724602000121344],[-87.850333000184,43.71828400026833],[-87.82013400020615,43.72233599989318],[-87.8186310001582,43.71098899987203],[-87.8047759996636,43.71095300016862],[-87.82007700030474,43.7090680000112],[-87.81129599984351,43.70672799996784],[-87.81448100003955,43.703056000034366],[-87.80289600004711,43.70319699984597],[-87.8001860002272,43.71076200028033],[-87.80456300012658,43.72055299997821],[-87.80014100002137,43.74313199986065],[-87.80681000016419,43.74688200030539],[-87.83000699991328,43.75030700031379],[-87.83005299994403,43.73893299984283],[-87.83513600019823,43.73989400000321],[-87.83013099976185,43.73285499979017],[-87.84293199974708,43.736889999802685],[-87.84521800014275,43.74459299988179],[-87.85024899962009,43.74007999980195],[-87.84517200011199,43.73462000007555],[-87.86034499980829,43.74166200018303],[-87.87038099972206,43.73072699990385]],[[-87.8277060003473,43.72337999974381],[-87.8277060003473,43.72337999974381]],[[-87.8341620000548,43.724929000002966],[-87.82957500009316,43.72283600021383],[-87.8341620000548,43.724929000002966]],[[-87.85263999959774,43.72995000011146],[-87.8484889996542,43.732844999809565],[-87.85263999959774,43.72995000011146]]]},"properties":{"NAME":"Sheboygan Falls city","LSADC":"25"}},{"type":"Feature","geometry":{"type":"MultiPolygon","coordinates":[[[[-88.7675889997611,44.37372499976848],[-88.75603200025607,44.37368099981382],[-88.75500500040918,44.36641100005837],[-88.75215400012398,44.37371200025228],[-88.72092699957604,44.3738719997274],[-88.7258600000424,44.38834699995042],[-88.70881400040228,44.39265099977186],[-88.71759999998807,44.39575699996028],[-88.71786799977669,44.40301299985829],[-88.72801900021649,44.40310899981319],[-88.72793700020071,44.416069000260244],[-88.71757700042184,44.4181580000557],[-88.71764400036902,44.42708000031762],[-88.73491000011715,44.42298899979965],[-88.7298450003046,44.416081000311806],[-88.75699399980563,44.41634700018194],[-88.7572099997157,44.379356000007036],[-88.76579000033547,44.38086600008532],[-88.75958599962475,44.373683999753425],[-88.7675889997611,44.37372499976848]],[[-88.75933399972966,44.37368200022178],[-88.75933399972966,44.37368200022178]],[[-88.73122199995586,44.3774229999764],[-88.73122199995586,44.3774229999764]],[[-88.73612399956177,44.378624999874674],[-88.72872899987095,44.378346000125724],[-88.73612399956177,44.378624999874674]]],[[[-88.72386900009782,44.38560299997985],[-88.72386900009782,44.38560299997985]]]]},"properties":{"NAME":"New London city","LSADC":"25"}},{"type":"Feature","geometry":{"type":"Polygon","coordinates":[[[-90.03473800030723,43.534348999831685],[-90.01891100013464,43.5126160002112],[-90.01404499961541,43.51304500002378],[-90.01343500041837,43.52267699996407],[-90.01869400039963,43.52487899975359],[-90.00406999980102,43.525269999727385],[-89.97430799966618,43.513397000214916],[-89.97931999977527,43.5095210002243],[-89.9697469996438,43.50516700008348],[-89.96458300009705,43.50892100018477],[-89.97931899995037,43.51807099989549],[-89.97969499969399,43.52480299996594],[-89.95495100041435,43.529082999983956],[-89.96470799977052,43.53993799996601],[-89.97882299965781,43.539832000190316],[-89.97465699964563,43.545308999963844],[-89.9845450003197,43.54625899983166],[-89.97960299963249,43.55156500019445],[-89.99839499989311,43.55866000000381],[-90.00451599986485,43.555056000274085],[-90.00444100042012,43.559368000025245],[-90.02540200000222,43.55849500006407],[-90.01791699989971,43.5503839998119],[-89.99949200006019,43.55317299982374],[-89.99830600020466,43.54425700021903],[-90.01920300021268,43.53963099993202],[-90.01632900036127,43.54693300014995],[-90.02166299978732,43.546883999684304],[-90.02428700029179,43.540579000302564],[-90.01818499968832,43.53661899982399],[-90.03473800030723,43.534348999831685]]]},"properties":{"NAME":"Reedsburg city","LSADC":"25"}},{"type":"Feature","geometry":{"type":"MultiPolygon","coordinates":[[[[-89.26217199962628,42.92291099986806],[-89.25537399961202,42.91625100005811],[-89.23964000022414,42.915859999737094],[-89.24045000033605,42.911432000324965],[-89.24918499986822,42.91433499971349],[-89.24714399969493,42.90357899988105],[-89.24540399982051,42.91085400000228],[-89.23245800007034,42.9135040000821],[-89.22475500040792,42.90405499978459],[-89.20897000006812,42.911279999975406],[-89.19221800015586,42.903485000209315],[-89.1905860002365,42.91066999995278],[-89.18076399968466,42.91145599972261],[-89.18400900015517,42.91870999969775],[-89.20195500031888,42.911309999788436],[-89.195727000217,42.92228600032251],[-89.20086099962651,42.924096000128166],[-89.20125800018486,42.937815999714005],[-89.19109199967646,42.94099099972338],[-89.20118000036706,42.93959599975557],[-89.2009019996344,42.948059000295714],[-89.21098100010418,42.94791100005757],[-89.20377200018618,42.94050100024104],[-89.21118799979341,42.93511499980113],[-89.22115599993509,42.93752999989629],[-89.22023600021834,42.925855999685155],[-89.22111999995009,42.94205300031195],[-89.2335180004275,42.937176999922386],[-89.25500100024144,42.94275900019748],[-89.25774100019855,42.9290560002295],[-89.25039500001321,42.92464700021844],[-89.26217199962628,42.92291099986806]],[[-89.252604000416,42.93238399974193],[-89.252604000416,42.93238399974193]],[[-89.25020900024036,42.929673999852405],[-89.25020900024036,42.929673999852405]],[[-89.24739300011527,42.93051900019229],[-89.24739300011527,42.93051900019229]],[[-89.24543499978265,42.91811500008684],[-89.24543499978265,42.91811500008684]],[[-89.23890200008226,42.9150520002469],[-89.23890200008226,42.9150520002469]],[[-89.23654799991454,42.918335000291826],[-89.23654799991454,42.918335000291826]],[[-89.20383499993537,42.91856399984425],[-89.20383499993537,42.91856399984425]],[[-89.19678300037621,42.9124719998621],[-89.19678300037621,42.9124719998621]],[[-89.19253000032539,42.91005899973475],[-89.19253000032539,42.91005899973475]]],[[[-89.21886100021689,42.90466699980627],[-89.21886100021689,42.90466699980627]]]]},"properties":{"NAME":"Stoughton city","LSADC":"25"}},{"type":"Feature","geometry":{"type":"MultiPolygon","coordinates":[[[[-90.50539999962682,42.737825999735406],[-90.50529800041788,42.72945599988836],[-90.49539200020047,42.72943000027675],[-90.50259400044578,42.722093999673874],[-90.48751399973756,42.71853699991804],[-90.48516299994289,42.724467999821144],[-90.46565400035507,42.725657999774974],[-90.46509500031335,42.71377699992729],[-90.45334399974122,42.716731999864386],[-90.42962099956235,42.737712999972054],[-90.44597699963948,42.74030199990359],[-90.44593200033194,42.735320999735045],[-90.45587100016132,42.73370199981798],[-90.46089499996599,42.75489300025726],[-90.46597999987,42.747602999686094],[-90.49559499969176,42.7476450000917],[-90.49552899956952,42.74035900018583],[-90.50539999962682,42.737825999735406]]],[[[-90.45555700034197,42.703830000116675],[-90.45539599978515,42.68924799996056],[-90.45048699960823,42.689262999978475],[-90.45429899961808,42.68405699973308],[-90.43571099957195,42.685454000295884],[-90.43576400017372,42.692766000213794],[-90.44797000013219,42.699039999824436],[-90.44578599984376,42.70388700024914],[-90.45555700034197,42.703830000116675]]]]},"properties":{"NAME":"Platteville city","LSADC":"25"}},{"type":"Feature","geometry":{"type":"Polygon","coordinates":[[[-90.88741499984788,43.18033500013427],[-90.87914800012086,43.173103999830936],[-90.87422100040058,43.176839000305456],[-90.87413799966158,43.16226699967888],[-90.83461199959956,43.16240500009808],[-90.83449399959879,43.191294999695515],[-90.84585699983337,43.19136100028916],[-90.8346140001477,43.20536199975065],[-90.87400499959219,43.20537899996004],[-90.87399899974442,43.191237999839885],[-90.88142399957248,43.191870000306494],[-90.88741499984788,43.18033500013427]],[[-90.87901300040164,43.18596400018359],[-90.87400499959219,43.1908350002839],[-90.87901300040164,43.18596400018359]],[[-90.87844599996399,43.18396299980449],[-90.87406200039192,43.18660099976133],[-90.87844599996399,43.18396299980449]]]},"properties":{"NAME":"Steuben village","LSADC":"47"}},{"type":"Feature","geometry":{"type":"Polygon","coordinates":[[[-89.89559600019906,44.33658700022206],[-89.79039399993347,44.33690500027751],[-89.7965559999131,44.35148299997066],[-89.81191199990751,44.35151299980856],[-89.82133400042625,44.34405200019546],[-89.82713300018271,44.35860900005058],[-89.85641900011649,44.36488800015648],[-89.84964100019373,44.3698979999561],[-89.88482100031851,44.3656590002811],[-89.8852499997656,44.340128999915734],[-89.89559600019906,44.33658700022206]]]},"properties":{"NAME":"Port Edwards village","LSADC":"47"}},{"type":"Feature","geometry":{"type":"Polygon","coordinates":[[[-87.6304230003668,44.144829999723505],[-87.62055499978422,44.13894199971751],[-87.62532400021907,44.14606199987606],[-87.59004500036008,44.14615500026282],[-87.59145100032364,44.138903999758824],[-87.62033600039942,44.12842899997907],[-87.62023000009421,44.12267199993296],[-87.56067700041052,44.14264499977752],[-87.54403599992804,44.156713999709645],[-87.55378200031188,44.15693700002135],[-87.54390899970643,44.168265000217026],[-87.55876400028374,44.16868900014276],[-87.5580289996166,44.1754489999274],[-87.54977899960801,44.1754489999274],[-87.55831200037213,44.18273600002095],[-87.5648149999353,44.18152200018244],[-87.56113099997197,44.17177900018962],[-87.5777620004087,44.17513899989947],[-87.58148900002973,44.18265899998146],[-87.58742099985558,44.17668099999152],[-87.59601099962279,44.18088299986479],[-87.6000660002052,44.163701000307846],[-87.58798200044546,44.15542500009512],[-87.60282299988076,44.14616899968452],[-87.62022800044438,44.147877000266696],[-87.62019599975902,44.16162100022068],[-87.6304230003668,44.144829999723505]],[[-87.5875909997349,44.15359899978475],[-87.58754200022942,44.159260999878285],[-87.58129300021115,44.15547900004606],[-87.5875909997349,44.15359899978475]]]},"properties":{"NAME":"Two Rivers city","LSADC":"25"}},{"type":"Feature","geometry":{"type":"MultiPolygon","coordinates":[[[[-89.67166699978446,42.596262000078596],[-89.66408899979554,42.58482300032275],[-89.65941599962015,42.59509600011673],[-89.65034100032935,42.58187500007363],[-89.63189100037549,42.583314000175854],[-89.63184500034474,42.59183299978067],[-89.62300299978413,42.58900900024932],[-89.62156900023149,42.5998000003036],[-89.61085200007726,42.599734000306135],[-89.61042399955676,42.610569000283014],[-89.61863199973256,42.610544000115695],[-89.61856800015845,42.6178450002822],[-89.63596500032615,42.617918000197065],[-89.63652000016994,42.62513900004825],[-89.64131499964574,42.624423000133866],[-89.63788199975258,42.61635299995452],[-89.64995999966455,42.61367899994631],[-89.64583600038348,42.610691999717076],[-89.66037499969497,42.62063200012601],[-89.65802200025044,42.610790000161956],[-89.67117200021514,42.609734999890186],[-89.67166699978446,42.596262000078596]],[[-89.64263799976864,42.61491900024087],[-89.64263799976864,42.61491900024087]],[[-89.63812600015005,42.61281400004789],[-89.63812600015005,42.61281400004789]],[[-89.63663599962257,42.614288000235916],[-89.63663599962257,42.614288000235916]],[[-89.62167499963837,42.60660899983616],[-89.62167499963837,42.60660899983616]],[[-89.62153099969834,42.60206099972428],[-89.61738399995272,42.60338200032081],[-89.62153099969834,42.60206099972428]]],[[[-89.57651999969919,42.60964300032042],[-89.57651999969919,42.60964300032042]]],[[[-89.60225499973903,42.617996000256014],[-89.59565199971844,42.60949999979946],[-89.57300399996535,42.610286000103756],[-89.57682400037112,42.61756699971429],[-89.60225499973903,42.617996000256014]]]]},"properties":{"NAME":"Monroe city","LSADC":"25"}},{"type":"Feature","geometry":{"type":"Polygon","coordinates":[[[-91.16510200038766,43.06107399990117],[-91.15490200044239,43.024815999930546],[-91.14477699994185,43.02613100028299],[-91.13280600016002,43.012900000318254],[-91.13395100000768,43.023683999858946],[-91.11595200014052,43.00986100025856],[-91.11692399973583,43.017968000142126],[-91.11063399970969,43.02074400025581],[-91.11470699983545,43.02860900026698],[-91.11933499980498,43.02801899980667],[-91.1144640001612,43.019490999955934],[-91.132213999608,43.02768699987016],[-91.11139899961574,43.0354299999349],[-91.10649299981186,43.017797999932824],[-91.09662799960235,43.01773800028746],[-91.10165099958209,43.03187599984269],[-91.12096400024963,43.03912599971436],[-91.13568500003431,43.06666499998286],[-91.14237599991844,43.066312000257014],[-91.13622599963439,43.069485999735164],[-91.13712899963272,43.081374000094605],[-91.1503620003364,43.07753600023891],[-91.15005900038769,43.065712999794805],[-91.14300100008242,43.064626999770084],[-91.15702800010617,43.06668099991485],[-91.16510200038766,43.06107399990117]]]},"properties":{"NAME":"Prairie du Chien city","LSADC":"25"}},{"type":"Feature","geometry":{"type":"MultiPolygon","coordinates":[[[[-87.91620500020615,43.365124000097204],[-87.91606200009102,43.360440000008765],[-87.89612099978476,43.36503099977565],[-87.90343199981001,43.355724000045385],[-87.88403700002503,43.36328400007068],[-87.89580100011763,43.351525999816026],[-87.88193599957728,43.351151000287395],[-87.8771920001551,43.3689089997037],[-87.88229999962536,43.36710900001757],[-87.88299500010955,43.37610299974649],[-87.87556400043368,43.372748999947326],[-87.8642439998568,43.38338199982046],[-87.87037700042241,43.38719999980542],[-87.85483099955889,43.40561800004823],[-87.86109600036899,43.40679099986822],[-87.85617999962103,43.412844999917105],[-87.8611390000267,43.41691600007092],[-87.88107500031008,43.411058999771335],[-87.88096800017995,43.40154800004626],[-87.88596100002245,43.401515000063014],[-87.88095399993624,43.39973999989348],[-87.88272899997074,43.3906130001707],[-87.89090500035948,43.39885599969608],[-87.89084000006216,43.39447199974252],[-87.90949599988035,43.39306899997423],[-87.90879600027161,43.38715100024892],[-87.90221800036538,43.388251999767995],[-87.9105839998266,43.38302000008092],[-87.90017399981905,43.38319900014111],[-87.90019499973543,43.37588199975645],[-87.90689800021346,43.38274100005299],[-87.90779700001382,43.37030400028502],[-87.91620500020615,43.365124000097204]],[[-87.91024999991575,43.36841200028631],[-87.90586899981842,43.367798000235354],[-87.91024999991575,43.36841200028631]],[[-87.90359099981868,43.372188999953906],[-87.88960200032808,43.377853000035806],[-87.90124400022195,43.36635800006557],[-87.90359099981868,43.372188999953906]],[[-87.88696600012804,43.376164999977235],[-87.88129299986996,43.37943500017],[-87.88696600012804,43.376164999977235]],[[-87.88129200004504,43.37961999998282],[-87.87635199990598,43.37926199974604],[-87.88129200004504,43.37961999998282]],[[-87.87614600004164,43.37969500001081],[-87.87614600004164,43.37969500001081]]],[[[-87.86783300028387,43.42358900004747],[-87.8662160004331,43.41914800027393],[-87.86106600023174,43.424618999938545],[-87.86783300028387,43.42358900004747]]]]},"properties":{"NAME":"Port Washington city","LSADC":"25"}},{"type":"Feature","geometry":{"type":"MultiPolygon","coordinates":[[[[-88.4749090003484,44.20087500018224],[-88.47449800044465,44.192699999934675],[-88.41445100011825,44.19375500020271],[-88.41767700032217,44.20797099975371],[-88.40802800002271,44.2114720001609],[-88.42424000015978,44.214262999768714],[-88.37794000037294,44.21008799977369],[-88.37887599998324,44.22152900023089],[-88.37080099987683,44.22159500014912],[-88.37346200019124,44.20895599979322],[-88.36345800006454,44.20776200012426],[-88.3632089996442,44.221726999763575],[-88.39346600024669,44.22154700021594],[-88.38841800015258,44.22700499976327],[-88.39348399979002,44.223010000125534],[-88.39053399977061,44.22682599995504],[-88.40539299964757,44.22960399991465],[-88.40418400022581,44.21848700032011],[-88.40762899981453,44.22288999988455],[-88.41416499988799,44.215162999686285],[-88.40997100028672,44.234277999738936],[-88.44566699989723,44.237776000235236],[-88.44441099972148,44.21617299996133],[-88.46526400024689,44.21571899992708],[-88.4749090003484,44.20087500018224]],[[-88.41851199965012,44.22903300011401],[-88.41851199965012,44.22903300011401]],[[-88.41920299993633,44.2287649999456],[-88.41920299993633,44.2287649999456]],[[-88.42398700043981,44.22866900014564],[-88.42398700043981,44.22866900014564]],[[-88.40423399955621,44.21605899985925],[-88.40423399955621,44.21605899985925]],[[-88.36409699957392,44.2181110001203],[-88.36409699957392,44.2181110001203]],[[-88.42399300028758,44.23276500025711],[-88.42399300028758,44.23276500025711]],[[-88.42040600040862,44.23299400014522],[-88.42040600040862,44.23299400014522]],[[-88.42742500035583,44.22679099968436],[-88.42289799977033,44.227547000128254],[-88.42742500035583,44.22679099968436]],[[-88.43932300034272,44.22104299984244],[-88.43684100012847,44.22991599985078],[-88.42891099978704,44.22740800032044],[-88.43242999989391,44.21536899978324],[-88.43932300034272,44.22104299984244]]],[[[-88.40415699956331,44.212393000265145],[-88.39782200022964,44.213875999934174],[-88.40415699956331,44.212393000265145]]],[[[-88.41890099981255,44.2370089999964],[-88.41406699997869,44.23466999973339],[-88.41890099981255,44.2370089999964]]],[[[-88.40802800002271,44.2114720001609],[-88.40802800002271,44.2114720001609]]],[[[-88.44679500002647,44.2168980000089],[-88.44679500002647,44.2168980000089]]],[[[-88.40513599972961,44.211431999995696],[-88.40513599972961,44.211431999995696]]],[[[-88.44612499965663,44.21644700002688],[-88.44612499965663,44.21644700002688]]]]},"properties":{"NAME":"Menasha city","LSADC":"25"}},{"type":"Feature","geometry":{"type":"Polygon","coordinates":[[[-88.98075699964055,43.969480999826374],[-88.97691100019385,43.95123999973396],[-88.9658199999458,43.94779899974801],[-88.95229400023749,43.95386200012547],[-88.9365399998598,43.94924299976954],[-88.92140599962323,43.958622000075636],[-88.92650700031909,43.95966400023387],[-88.92650700031909,43.99015999991928],[-88.93153500032172,43.98801299990005],[-88.93163599970576,43.997948000077756],[-88.9409479997213,43.99796799982219],[-88.95082100032675,43.98334199976401],[-88.97687000018595,43.98340000028735],[-88.98075699964055,43.969480999826374]],[[-88.97850499958008,43.96827400001794],[-88.97850499958008,43.96827400001794]]]},"properties":{"NAME":"Berlin city","LSADC":"25"}},{"type":"Feature","geometry":{"type":"MultiPolygon","coordinates":[[[[-87.90653800036334,44.878936999859796],[-87.83751399975712,44.87754799993331],[-87.82232900036522,44.89817800031632],[-87.82992800027058,44.89551499971139],[-87.8212210003275,44.899051000109374],[-87.83112499999677,44.89580900017592],[-87.83980900037362,44.9060999998399],[-87.906324999928,44.90650900020545],[-87.90653800036334,44.878936999859796]]],[[[-87.86043500021998,44.85949099972836],[-87.85391900023804,44.859600000314735],[-87.86043500021998,44.85949099972836]]]]},"properties":{"NAME":"Oconto city","LSADC":"25"}},{"type":"Feature","geometry":{"type":"Polygon","coordinates":[[[-88.62168799999674,44.79115600011598],[-88.62103199987062,44.76969899996784],[-88.59825900044405,44.7547980002167],[-88.58814499981419,44.76318600027342],[-88.57852999984993,44.76325400001252],[-88.57785700000535,44.75688699973679],[-88.57270699980401,44.761289999821],[-88.57271699984976,44.75587800025642],[-88.56257600035403,44.7584060001491],[-88.56283599974671,44.7672940002816],[-88.54224000003755,44.76128000031233],[-88.54611800016964,44.77894799974772],[-88.55341300030136,44.78543299977645],[-88.56863299985335,44.78535100002639],[-88.56874099980837,44.79140999993119],[-88.59160500036985,44.786570000051114],[-88.5966280003496,44.793123999930614],[-88.62168799999674,44.79115600011598]],[[-88.60350199963351,44.761060999987144],[-88.60350199963351,44.761060999987144]],[[-88.57157500037515,44.7611559997554],[-88.57157500037515,44.7611559997554]]]},"properties":{"NAME":"Shawano city","LSADC":"25"}},{"type":"Feature","geometry":{"type":"Polygon","coordinates":[[[-88.35740400003995,44.287349999712625],[-88.3500579998546,44.27552899979712],[-88.32361900000805,44.279132999853886],[-88.29699100001564,44.271537000171726],[-88.28246699987443,44.28005000016217],[-88.28792000002449,44.29847400021516],[-88.30426699988078,44.30053399993214],[-88.30451399975298,44.3083239998473],[-88.31594599958456,44.31205299993297],[-88.32300399988983,44.30020199994464],[-88.33467199972294,44.30099799981342],[-88.3329079995591,44.31234100001324],[-88.35348499989999,44.307164999748586],[-88.35333500011215,44.28720599995564],[-88.35740400003995,44.287349999712625]],[[-88.32116100008325,44.300803999796486],[-88.32116100008325,44.300803999796486]],[[-88.31930700040603,44.30126499968331],[-88.31930700040603,44.30126499968331]],[[-88.32814999989323,44.294182999980634],[-88.32303099965401,44.297968000279454],[-88.32814999989323,44.294182999980634]]]},"properties":{"NAME":"Little Chute village","LSADC":"47"}},{"type":"Feature","geometry":{"type":"Polygon","coordinates":[[[-89.65933100012964,44.858618999707474],[-89.63735200002316,44.858321999721],[-89.63893000041418,44.8511329999651],[-89.63264100021296,44.85109699992268],[-89.63440299982867,44.85831300019919],[-89.59232699978031,44.85846199995479],[-89.59295100011938,44.887433999767936],[-89.58257299989887,44.89105799987154],[-89.60923199985344,44.89451399972239],[-89.60786900044589,44.901776999872745],[-89.62398899962314,44.90170699998265],[-89.63646200044361,44.88986799996331],[-89.641312000171,44.869960999738005],[-89.65933100012964,44.858618999707474]]]},"properties":{"NAME":"Rothschild village","LSADC":"47"}},{"type":"Feature","geometry":{"type":"MultiPolygon","coordinates":[[[[-89.18597900018335,45.143172999701086],[-89.17838100010292,45.14523399985099],[-89.1783450001179,45.125565999752276],[-89.16083999999516,45.12203299994947],[-89.15930099996221,45.12928900012781],[-89.16091000031537,45.11840500017621],[-89.16948699966379,45.11446199986681],[-89.16165599995487,45.11260300014799],[-89.16265100001469,45.105671000106554],[-89.16140300023487,45.111710000007555],[-89.15394499989654,45.11173199986228],[-89.15933199992435,45.12568900019564],[-89.13660399980532,45.12554800014441],[-89.13647499993388,45.118267999731565],[-89.13129799996835,45.11823899978501],[-89.1310970001269,45.12917700020794],[-89.13634100003958,45.12921599993337],[-89.13212999982156,45.14850799972963],[-89.14134800012582,45.15498899999947],[-89.13422600024644,45.16228200006929],[-89.13882400007876,45.16223400012439],[-89.13742899998584,45.16822900009766],[-89.15609599967469,45.16876600024004],[-89.15599299974252,45.18522600023034],[-89.16175700023719,45.16287200002116],[-89.17255399985905,45.162040999792445],[-89.1676220001159,45.158719999905955],[-89.18597900018335,45.143172999701086]],[[-89.15122099983294,45.155463999702576],[-89.14199599985601,45.1574379999594],[-89.15122099983294,45.155463999702576]]],[[[-89.14864499990736,45.098181999829066],[-89.14861399994521,45.090899000209006],[-89.13325100027811,45.094536000100824],[-89.14864499990736,45.098181999829066]]]]},"properties":{"NAME":"Antigo city","LSADC":"25"}},{"type":"Feature","geometry":{"type":"Polygon","coordinates":[[[-89.48151499990414,43.19834699990592],[-89.46676499980713,43.19572699970709],[-89.47674999966725,43.19211799987059],[-89.47673499959863,43.17021100026816],[-89.46214299968537,43.171457000030124],[-89.45203899999957,43.162802999770044],[-89.43196899982189,43.16515699981997],[-89.43196899982189,43.17367000002966],[-89.44194899965913,43.173677999774924],[-89.4339129999108,43.177272999957076],[-89.44456599959261,43.18465800031469],[-89.42969199964705,43.17780799973846],[-89.42199700038056,43.16274199991611],[-89.41154999966474,43.16291800000575],[-89.41082199956861,43.17016199993101],[-89.40450499977828,43.159217999933176],[-89.3970289998966,43.16109699969684],[-89.39693400036036,43.17024899972701],[-89.38196199960719,43.1728679997726],[-89.40186699992842,43.17755199978874],[-89.40194700029437,43.16658200001128],[-89.40810500007602,43.16656199996041],[-89.41160400009143,43.17826100021809],[-89.42195399982454,43.17808899970148],[-89.42186199976302,43.191719999985985],[-89.43682399957214,43.19203999983107],[-89.44167199964971,43.2064680000707],[-89.48149399998775,43.20670899972866],[-89.48151499990414,43.19834699990592]],[[-89.46367199967258,43.17242900023618],[-89.46367199967258,43.17242900023618]],[[-89.46175900044413,43.182753000135634],[-89.46175900044413,43.182753000135634]],[[-89.45790600042642,43.17623200000512],[-89.44689800001903,43.17736000010475],[-89.45790600042642,43.17623200000512]],[[-89.44772800022244,43.1750549996898],[-89.44772800022244,43.1750549996898]]]},"properties":{"NAME":"Waunakee village","LSADC":"47"}},{"type":"Feature","geometry":{"type":"Polygon","coordinates":[[[-88.6785350000585,42.63239799974825],[-88.67796199977306,42.620941000327015],[-88.66036899978677,42.62559300006105],[-88.66381000007584,42.61934899979177],[-88.64671400020701,42.61802500012588],[-88.64925300032267,42.61215200004204],[-88.63940499983158,42.6113450001161],[-88.6442910004423,42.60405599984172],[-88.62459100016048,42.60411800026917],[-88.62550900022741,42.61440399993068],[-88.6193620003164,42.61938299981084],[-88.58308099982655,42.62143400006313],[-88.59037299958524,42.62764399998014],[-88.59030900001113,42.64439200012869],[-88.60873200020083,42.63665500020678],[-88.59037000011048,42.647723000170885],[-88.62956700028455,42.63364999979207],[-88.6163629998932,42.640225999944896],[-88.63952799985523,42.64938100017326],[-88.64765099964222,42.64043400002577],[-88.66027199970237,42.640627000212774],[-88.65909500006767,42.63355999972116],[-88.6785350000585,42.63239799974825]]]},"properties":{"NAME":"Delavan city","LSADC":"25"}},{"type":"Feature","geometry":{"type":"MultiPolygon","coordinates":[[[[-87.67001899985071,45.07470900010408],[-87.66954199982473,45.06755199989192],[-87.65464699996276,45.07125300021092],[-87.65500799963779,45.07868599978672],[-87.64997899981027,45.078381000150316],[-87.64956299988366,45.06467100010461],[-87.6348939999775,45.070683999987054],[-87.62449499984058,45.067178999761495],[-87.6136749997542,45.06895899989651],[-87.5955960004194,45.085004000087544],[-87.58740400013714,45.078861999971714],[-87.58836099966383,45.086376999787674],[-87.58102299987442,45.075827999925714],[-87.58740599978695,45.07675700012217],[-87.577932000288,45.071143000261436],[-87.59245899990394,45.09378000009265],[-87.58498300002226,45.096491000151104],[-87.65995199997481,45.10751200031465],[-87.66209000023248,45.11332000028773],[-87.6610130001569,45.08998200019319],[-87.66578500006648,45.08602699993444],[-87.66367500029621,45.08119799968827],[-87.65349999956696,45.085842000214846],[-87.67001899985071,45.07470900010408]]],[[[-87.65882899986848,45.08608500019969],[-87.65882899986848,45.08608500019969]]],[[[-87.67062200027338,45.0824009997371],[-87.6604719996585,45.08281799991118],[-87.67062200027338,45.0824009997371]]]]},"properties":{"NAME":"Marinette city","LSADC":"25"}},{"type":"Feature","geometry":{"type":"MultiPolygon","coordinates":[[[[-88.45940000019311,42.549946000177364],[-88.45881400038718,42.545706000049606],[-88.43297100039231,42.54555500028058],[-88.43316600038598,42.56005500032269],[-88.42231000031458,42.5544760001123],[-88.41899100022422,42.55941300012877],[-88.42833000000398,42.56005500032269],[-88.42846700027133,42.56731599968886],[-88.4133220001641,42.56851099970658],[-88.41371899982414,42.577235000081025],[-88.39401299969454,42.57476800023027],[-88.39308999960473,42.581455999841324],[-88.40556699972485,42.58946800031253],[-88.39432300021424,42.589354999746085],[-88.39428700022923,42.59553500013017],[-88.4123560004166,42.59675299972343],[-88.42840399962382,42.613553999962264],[-88.4380040004178,42.61477199967523],[-88.43329000023455,42.604179999973766],[-88.44913900014846,42.60849799985301],[-88.4454319997206,42.60620000027647],[-88.45210800043442,42.60640000007499],[-88.454167999976,42.581334999783856],[-88.43504600000247,42.59022299989383],[-88.44017699993725,42.57398100016251],[-88.42613999986776,42.57361600029449],[-88.43726499955268,42.57160499996081],[-88.43322400011229,42.56296599971009],[-88.45940000019311,42.549946000177364]],[[-88.44673700030013,42.604895999919236],[-88.44673700030013,42.604895999919236]],[[-88.42946399998098,42.605862000089765],[-88.42946399998098,42.605862000089765]],[[-88.4237279999737,42.57962700024778],[-88.4237279999737,42.57962700024778]],[[-88.42370299985936,42.58237000030956],[-88.41756000014631,42.580318000143556],[-88.42370299985936,42.58237000030956]],[[-88.42366199985146,42.587399000168766],[-88.42366199985146,42.587399000168766]],[[-88.42244099983583,42.58604000022998],[-88.42244099983583,42.58604000022998]],[[-88.42180899999916,42.59008400028988],[-88.42180899999916,42.59008400028988]],[[-88.41951199973282,42.59191800031127],[-88.41696099992159,42.58595000012536],[-88.41951199973282,42.59191800031127]],[[-88.41945499983142,42.5764810001554],[-88.41945499983142,42.5764810001554]],[[-88.4193200001122,42.582368000132114],[-88.4193200001122,42.582368000132114]],[[-88.41819899965567,42.57400700000815],[-88.41819899965567,42.57400700000815]],[[-88.41631999986409,42.58109800017161],[-88.41631999986409,42.58109800017161]],[[-88.4146519999597,42.58029799969229],[-88.4146519999597,42.58029799969229]],[[-88.40909699970237,42.589489999755216],[-88.40909699970237,42.589489999755216]]],[[[-88.40829900018436,42.56029700007284],[-88.398424999754,42.55667199975015],[-88.40829900018436,42.56029700007284]]],[[[-88.45904500036586,42.59552400015404],[-88.45904500036586,42.59552400015404]]]]},"properties":{"NAME":"Lake Geneva city","LSADC":"25"}},{"type":"Feature","geometry":{"type":"Polygon","coordinates":[[[-92.7702770000814,44.97894500015772],[-92.75323800011398,44.9510339998132],[-92.73133500017546,44.946918999793915],[-92.73155199991045,44.93784999987331],[-92.7234940004208,44.9383789997627],[-92.72965700022533,44.94307200005145],[-92.69056600035648,44.941962999782895],[-92.68953100011367,44.96374000027309],[-92.70827099959745,44.96379599973805],[-92.70988999999636,44.95506100014171],[-92.71776300043639,44.9578670001824],[-92.71253700006706,44.963218999997764],[-92.72128699966784,44.960667999723846],[-92.71597099978513,44.96978000016596],[-92.72611200017919,44.97420800025617],[-92.71815599989847,44.97358100009185],[-92.71613499981665,44.98869400024739],[-92.7587609996859,44.98921199973985],[-92.7611469996407,44.98061100026153],[-92.7702770000814,44.97894500015772]]]},"properties":{"NAME":"Hudson city","LSADC":"25"}},{"type":"Feature","geometry":{"type":"MultiPolygon","coordinates":[[[[-88.36519899976386,42.86480400000577],[-88.36044600012086,42.85950199986785],[-88.35797700032539,42.86574799967454],[-88.35786000014951,42.86093600030632],[-88.33823400038587,42.8622620003225],[-88.33754899994742,42.85030900021584],[-88.35322100030933,42.82829900011425],[-88.336137999961,42.828094000270774],[-88.33605099992234,42.836265999759874],[-88.32633300002593,42.83528900015509],[-88.3279299997852,42.8184680000592],[-88.3164970001287,42.826037999934776],[-88.30771499984256,42.847017999679395],[-88.2973340001473,42.8465240000259],[-88.30221800020989,42.86657899969756],[-88.29434300012002,42.87600100009552],[-88.31007099966013,42.874572000010744],[-88.31473100031502,42.885790999846186],[-88.32732899991065,42.87522299982258],[-88.33556700022369,42.88256900008673],[-88.3553450003233,42.88288400026809],[-88.35532799970655,42.871781000207086],[-88.36022199981487,42.87570599989586],[-88.36519899976386,42.86480400000577]],[[-88.3172779999283,42.84757699993047],[-88.3172779999283,42.84757699993047]],[[-88.3383220002494,42.846578999793444],[-88.3383220002494,42.846578999793444]],[[-88.3453479998693,42.87897100006319],[-88.3406939999605,42.87427600021985],[-88.3453479998693,42.87897100006319]]],[[[-88.30809099958618,42.839279000002065],[-88.30809099958618,42.839279000002065]]]]},"properties":{"NAME":"Mukwonago village","LSADC":"47"}},{"type":"Feature","geometry":{"type":"MultiPolygon","coordinates":[[[[-89.76010500044225,45.467100999984055],[-89.75445300010055,45.45338500013671],[-89.70822399956052,45.45000899968762],[-89.69270799973253,45.453317999746204],[-89.68756400027728,45.48183399975651],[-89.69269600003696,45.48184000024774],[-89.69271100010558,45.496478999775775],[-89.7543640004121,45.496671999815945],[-89.75493000012654,45.46712100012881],[-89.76010500044225,45.467100999984055]]],[[[-89.75763099972559,45.46756100025841],[-89.75763099972559,45.46756100025841]]]]},"properties":{"NAME":"Tomahawk city","LSADC":"25"}},{"type":"Feature","geometry":{"type":"MultiPolygon","coordinates":[[[[-90.53859700020297,43.99306499990512],[-90.52739999964972,43.970757000037835],[-90.53111100027553,43.975912999868214],[-90.52440000029992,43.97824699968498],[-90.51864300037623,43.975834999702684],[-90.51991700009533,43.96846499972601],[-90.50937300019348,43.964865999681486],[-90.50986500028804,43.96047099995774],[-90.51558200002876,43.96296000004348],[-90.51485099955957,43.95383700013744],[-90.50480999962295,43.964947999745824],[-90.48870299996618,43.96553800026181],[-90.49481499971706,43.96505300029366],[-90.49265100041845,43.972372000183874],[-90.47466599989669,43.96528999973965],[-90.45952199961438,43.96886200009925],[-90.46966399983333,43.97300700010985],[-90.46167900013863,43.97859900025573],[-90.47460800017038,43.98045500013618],[-90.47449900039042,43.98754899980594],[-90.46446799960121,43.986614999753016],[-90.46461999993718,43.995297999843736],[-90.47780199968892,43.9993200002605],[-90.49456500037014,43.987423000315914],[-90.49222899974575,44.00108400031183],[-90.48479499969685,44.0030200001754],[-90.50431300040378,44.01138199987235],[-90.48997199966239,44.01553799968801],[-90.48997199966239,44.02289799993905],[-90.50654000034993,44.02632000014225],[-90.51508499991128,44.015376999781495],[-90.50544499983268,44.01091100007968],[-90.52748800041158,44.00591600002725],[-90.50528199962605,43.99670300029137],[-90.51970000036036,43.99268100021199],[-90.51468499987821,43.9884190001578],[-90.5246599996926,43.99098800020938],[-90.52714199990686,43.98646299985141],[-90.5248920003945,43.99124300001875],[-90.53859700020297,43.99306499990512]],[[-90.52967500017473,43.98597900002129],[-90.52967500017473,43.98597900002129]],[[-90.51996599960083,44.00429499984758],[-90.51996599960083,44.00429499984758]],[[-90.51666400012722,44.0090590001469],[-90.51666400012722,44.0090590001469]],[[-90.5149719999334,44.00865499992428],[-90.51262399961344,44.00419699991957],[-90.5149719999334,44.00865499992428]],[[-90.47543599982562,43.99329699984861],[-90.47543599982562,43.99329699984861]]],[[[-90.52098099975214,43.954636999711404],[-90.52098099975214,43.954636999711404]]],[[[-90.52483700014291,43.9969670001051],[-90.51970100018526,43.99346100019745],[-90.52483700014291,43.9969670001051]]]]},"properties":{"NAME":"Tomah city","LSADC":"25"}},{"type":"Feature","geometry":{"type":"MultiPolygon","coordinates":[[[[-91.30771199965078,43.99517400013441],[-91.29240199968713,43.99759199975053],[-91.27856800000723,43.98706399990216],[-91.28699399974292,43.984493000155304],[-91.28683599955916,43.973869000069],[-91.27181900039676,43.9665239996937],[-91.2803969995701,43.96529900001915],[-91.27597799983793,43.95927099991648],[-91.28466600041274,43.960458000221344],[-91.26008100024343,43.944061000268064],[-91.2681250003877,43.94122700020675],[-91.25632000028723,43.94033500012948],[-91.2555789997723,43.926850999836574],[-91.2387320003238,43.921301000316674],[-91.24337000033907,43.93063100022111],[-91.23539800016485,43.929801000295775],[-91.23899799956426,43.937853999863286],[-91.24776300013197,43.93947199996526],[-91.25032399998894,43.952345000201255],[-91.23060799981359,43.952442999734856],[-91.22566500019978,43.96326800000847],[-91.24558700023945,43.9618610002776],[-91.24809200001995,43.96901499999071],[-91.23564699968688,43.96805199996448],[-91.23561400007492,43.97242300019453],[-91.2768330001557,43.98450800029503],[-91.28365100026143,43.99482300000575],[-91.28052200014187,44.00252800013113],[-91.29578799972461,44.013370000056305],[-91.29080599975276,44.017004000216296],[-91.27828900034798,44.009701999714856],[-91.28544800003725,44.02220199970034],[-91.29588300015918,44.02421700005457],[-91.30587100039234,44.01549400022241],[-91.30079399998591,44.00972599995062],[-91.30578600000354,44.00970500014867],[-91.30771199965078,43.99517400013441]],[[-91.25998800035701,43.94496400007691],[-91.25998800035701,43.94496400007691]],[[-91.25011999977445,43.944591999771404],[-91.25011999977445,43.944591999771404]],[[-91.25454000022984,43.97760599996112],[-91.25454000022984,43.97760599996112]],[[-91.2388300002331,43.92834899983909],[-91.2388300002331,43.92834899983909]],[[-91.25433000016754,43.97123599974956],[-91.25433000016754,43.97123599974956]],[[-91.2610350002954,43.94761500014393],[-91.2610350002954,43.94761500014393]],[[-91.25183700008265,43.943525000071446],[-91.25183700008265,43.943525000071446]],[[-91.25350599981195,43.97285900010777],[-91.24595399976226,43.97401100018794],[-91.25350599981195,43.97285900010777]],[[-91.25286499975444,43.93334200012029],[-91.24750500038911,43.93142300023769],[-91.25286499975444,43.93334200012029]],[[-91.27545300013138,43.977415999955866],[-91.27038099974783,43.97374400009312],[-91.27545300013138,43.977415999955866]]],[[[-91.23466599987073,43.92879999968342],[-91.23466599987073,43.92879999968342]]]]},"properties":{"NAME":"Holmen village","LSADC":"47"}},{"type":"Feature","geometry":{"type":"MultiPolygon","coordinates":[[[[-90.86064000044067,43.93148599990379],[-90.85311900035315,43.92825899989268],[-90.86058600001401,43.92697799997447],[-90.86003600019308,43.91885500031098],[-90.82527899966759,43.925462000053706],[-90.82938600012855,43.913646000000526],[-90.82835799955843,43.91766700026692],[-90.81018899981194,43.91354899975612],[-90.81029299956903,43.928073999754815],[-90.79047299963662,43.93410200016015],[-90.7906609999576,43.94170799997712],[-90.78183600001374,43.946270999877655],[-90.77546700034488,43.94506200013862],[-90.78891600006031,43.938403000121916],[-90.77373900016602,43.936280999820745],[-90.7603330001083,43.949990000206526],[-90.7854739999463,43.9471659998616],[-90.78572099981851,43.953427000255964],[-90.7967660000358,43.95428800003817],[-90.7910199999828,43.95690900007178],[-90.81032199988135,43.96063200013835],[-90.81093500034977,43.953427000255964],[-90.82378999986335,43.95668200020783],[-90.8258979999838,43.94988100011654],[-90.83099799995642,43.95396599978175],[-90.8409660000981,43.949868999863035],[-90.8381779995621,43.936376999791364],[-90.86064000044067,43.93148599990379]],[[-90.82082800014838,43.953852000260845],[-90.82082800014838,43.953852000260845]]],[[[-90.76513199978207,43.93189199974532],[-90.76000900024322,43.928240999757634],[-90.76513199978207,43.93189199974532]]],[[[-90.78067699992238,43.965468000057676],[-90.77701600042359,43.95358699967871],[-90.76137300037398,43.96341299979813],[-90.78067699992238,43.965468000057676]]],[[[-90.8201600003267,43.90993899979338],[-90.8100659997883,43.90268899975188],[-90.81017299991844,43.909918000287284],[-90.8201600003267,43.90993899979338]]]]},"properties":{"NAME":"Sparta city","LSADC":"25"}},{"type":"Feature","geometry":{"type":"Polygon","coordinates":[[[-89.81832300030747,43.654518999800814],[-89.80902600036052,43.64835900023769],[-89.80840799986925,43.65274200014785],[-89.79833299959743,43.63951800018755],[-89.8133399996124,43.63383799980682],[-89.80360599982242,43.62542600022238],[-89.80529200016849,43.615683999788644],[-89.77476500012757,43.615517999734294],[-89.76049200005654,43.6035159997805],[-89.75359500030807,43.60591199982453],[-89.75163899962529,43.616880000112694],[-89.76656600017263,43.617949999965234],[-89.73862000008016,43.62264699989625],[-89.73866699993584,43.62712700019405],[-89.74850799985593,43.62699900006283],[-89.73867500033175,43.62757699993465],[-89.73892800005176,43.63710500013066],[-89.74890200004121,43.637064000108595],[-89.74879099971314,43.64942200022086],[-89.76065500026316,43.647178000191396],[-89.76347800006094,43.65256200011554],[-89.7617060003995,43.63971800013964],[-89.77876200008535,43.64277600023943],[-89.77863200038902,43.64842299969086],[-89.76802499983962,43.6523990001047],[-89.7850529999364,43.656205000106986],[-89.77209299994252,43.65683799996743],[-89.77297000000156,43.66415099990137],[-89.76331499985433,43.66526099996108],[-89.76323100018875,43.670679999755066],[-89.7721339999504,43.66907699978688],[-89.7748510003413,43.661734999794675],[-89.78702700016254,43.67128900004629],[-89.78926599980424,43.64538000013248],[-89.78187500031137,43.63234300026839],[-89.7873960002335,43.63007600026707],[-89.79091699999019,43.63326900004808],[-89.78255099963066,43.633390000062704],[-89.81133899962207,43.659244999839146],[-89.81832300030747,43.654518999800814]],[[-89.7853979997179,43.65190099983911],[-89.7853979997179,43.65190099983911]]]},"properties":{"NAME":"Wisconsin Dells city","LSADC":"25"}},{"type":"Feature","geometry":{"type":"Polygon","coordinates":[[[-89.73241700009267,44.78957900002788],[-89.72744799964127,44.788588000110764],[-89.72933999985165,44.782606000250865],[-89.71065300007132,44.782609999980586],[-89.714727000022,44.77186900019088],[-89.6775559999526,44.771657000207156],[-89.67485500035355,44.76456800022687],[-89.67985499986877,44.760997000169354],[-89.66970099995424,44.75492999985124],[-89.65288200009485,44.77880699968671],[-89.63435500014809,44.78242500023585],[-89.63430400009446,44.789595999852246],[-89.65974399968322,44.7860220000397],[-89.65465399975632,44.80047299982722],[-89.65974799988118,44.80049199983117],[-89.65977499964535,44.80773800025465],[-89.67954100004941,44.79898499987953],[-89.67478400020845,44.81549600020768],[-89.69398200034993,44.810574999991566],[-89.70609299987386,44.81474499970429],[-89.6859049996954,44.80074499989113],[-89.72742599989996,44.79868100004948],[-89.72743599994571,44.789661000147234],[-89.73241700009267,44.78957900002788]]]},"properties":{"NAME":"Mosinee city","LSADC":"25"}},{"type":"Feature","geometry":{"type":"MultiPolygon","coordinates":[[[[-89.13757600029894,44.35183900031155],[-89.1308440004069,44.343437000219446],[-89.11300500037332,44.35566800018641],[-89.10306200034599,44.35024800027459],[-89.10268599970405,44.340969999703724],[-89.06250500023911,44.33741699968091],[-89.06207699971863,44.35214100029839],[-89.05207299959191,44.351714999687665],[-89.04941499965058,44.34437900006255],[-89.04181599974524,44.34411600019316],[-89.05209400040663,44.33447100014257],[-89.04675199968636,44.33022799988429],[-89.05188699981909,44.319975999838704],[-89.0367430004351,44.32329699992744],[-89.03681299985699,44.329936000081254],[-89.00716100022531,44.33064099978189],[-89.01662300002872,44.34084399984678],[-89.03175600044035,44.340835000122006],[-89.03185500017456,44.352395000256585],[-89.06206000000019,44.35778899975941],[-89.03185900037252,44.352689999721505],[-89.02940100044772,44.3589779997133],[-89.05702500032488,44.3589789997301],[-89.0644540003509,44.36267100004735],[-89.06245099981244,44.369916000111864],[-89.08263599961785,44.37367700010821],[-89.11309900008466,44.37378600017625],[-89.11331499999473,44.36469899968174],[-89.10314400036177,44.36656899979717],[-89.10312199972213,44.359398000135876],[-89.1242609995795,44.362411999882546],[-89.12777200018877,44.353112999960146],[-89.13757600029894,44.35183900031155]],[[-89.12598399973548,44.35556699975991],[-89.12037199957675,44.358024000303175],[-89.12598399973548,44.35556699975991]],[[-89.06205199960426,44.359085000131216],[-89.06205199960426,44.359085000131216]],[[-89.05195299994135,44.35178300022807],[-89.05195299994135,44.35178300022807]],[[-89.0517119999169,44.35286399986589],[-89.0517119999169,44.35286399986589]]],[[[-89.08630200003782,44.31660900014146],[-89.08252000016522,44.322605999929195],[-89.08630200003782,44.31660900014146]]]]},"properties":{"NAME":"Waupaca city","LSADC":"25"}},{"type":"Feature","geometry":{"type":"Polygon","coordinates":[[[-89.82841600012262,43.6029989997469],[-89.81847300009531,43.60134699999548],[-89.81418400005948,43.58780400013302],[-89.82314999957032,43.57956200031145],[-89.80613200041763,43.57857799970962],[-89.80761899967374,43.58664400023447],[-89.80038800001442,43.58684499986046],[-89.79356099968784,43.579399000132],[-89.78345700000204,43.57941299987328],[-89.79333800010508,43.57091500014435],[-89.79335900002147,43.561371999989454],[-89.78831699977518,43.561367000025704],[-89.79010500022846,43.56858000010165],[-89.77831699984642,43.56497600012799],[-89.77837399974784,43.57221000008531],[-89.75835200014905,43.568522000016266],[-89.75826599993532,43.575713999895726],[-89.77339199977597,43.579399000132],[-89.77341799971524,43.586600000000224],[-89.74972399984868,43.58278199993726],[-89.73857599969922,43.590381000093195],[-89.73850100025449,43.5977689999521],[-89.76137800033642,43.60274799968739],[-89.77476500012757,43.615517999734294],[-89.79372999974225,43.61552599989634],[-89.79873400035375,43.605780000305714],[-89.81831800028459,43.612290999693336],[-89.81842100021676,43.60497199983588],[-89.82841600012262,43.6029989997469]]]},"properties":{"NAME":"Lake Delton village","LSADC":"47"}},{"type":"Feature","geometry":{"type":"MultiPolygon","coordinates":[[[[-88.31333399967396,42.66587100009344],[-88.30706799993726,42.66047299986521],[-88.3058949996022,42.66743999989984],[-88.28772000000797,42.665644999866856],[-88.29609600041324,42.66215499998606],[-88.29835799962115,42.65063799969931],[-88.30622100001544,42.65060200026491],[-88.30613300015189,42.643370999726024],[-88.29599500013089,42.64343299999921],[-88.2863090000215,42.650736999688206],[-88.29100700031124,42.651092999674326],[-88.2911389996574,42.66059500030089],[-88.2813739999053,42.66159899970072],[-88.25831400042357,42.65449200031702],[-88.26705700035166,42.656908000220184],[-88.26954100021574,42.63998300002133],[-88.2393000004051,42.64004200023414],[-88.26894199999104,42.67599700015721],[-88.24980900014687,42.66973899996067],[-88.25553299956026,42.67606800007661],[-88.25161599996844,42.68332799974406],[-88.25719100031723,42.68329299987447],[-88.25199199971208,42.68601299972998],[-88.26328200015173,42.68492299976137],[-88.25093399990304,42.692764000280384],[-88.2604579996307,42.695131999787975],[-88.24810600008237,42.694429999734496],[-88.22590400039313,42.71246099987464],[-88.24234499996075,42.71236099985938],[-88.26638500033202,42.69444600009118],[-88.27704499968652,42.69768299993452],[-88.28208100008504,42.689995999697636],[-88.27807200043172,42.685723000297045],[-88.30221099963887,42.68320199985721],[-88.30267099994641,42.67243299968286],[-88.29647600035482,42.66874800021291],[-88.31333399967396,42.66587100009344]]],[[[-88.31867399984611,42.69351899994365],[-88.30533700028369,42.690069999828125],[-88.30618099983248,42.68323099971756],[-88.29195299996726,42.687632999732706],[-88.29781799984599,42.69314899980817],[-88.31867399984611,42.69351899994365]]]]},"properties":{"NAME":"Burlington city","LSADC":"25"}},{"type":"Feature","geometry":{"type":"Polygon","coordinates":[[[-92.66494000009659,44.864454000210046],[-92.64321799990805,44.85739699969663],[-92.64471799958294,44.84082500026825],[-92.6395540000362,44.833593000213156],[-92.64675999958116,44.829968000205376],[-92.63025700008926,44.829786000068005],[-92.6189039999004,44.840898999868415],[-92.6134769996896,44.83383700016619],[-92.60171199977209,44.839586000032355],[-92.60382300026559,44.855428999692585],[-92.60883299982653,44.85544800005753],[-92.58592999980533,44.85546899998438],[-92.57982599955201,44.86208299981211],[-92.58339900008558,44.86971500027574],[-92.5935880001602,44.86423099994942],[-92.60881500028319,44.867098000272364],[-92.60877900029818,44.87328400024605],[-92.63073099974218,44.89013000011006],[-92.62933700037247,44.90074300008125],[-92.64451900028962,44.90225300030111],[-92.6493899999334,44.900521999726706],[-92.6349989998616,44.89142899982475],[-92.64989799992152,44.89723600008283],[-92.64977800027091,44.892389000209995],[-92.63693100025496,44.891418999955164],[-92.63953200029489,44.88073599972612],[-92.62588000018988,44.88286699980142],[-92.62982699991895,44.87240500008135],[-92.62428099988247,44.87396999995383],[-92.62431500021765,44.866212000130695],[-92.63956300025703,44.86984499974472],[-92.64970499957768,44.86387399971817],[-92.65374500009149,44.86764999999344],[-92.64966399956981,44.87583300029456],[-92.66189700019076,44.87713200013208],[-92.66494000009659,44.864454000210046]]]},"properties":{"NAME":"River Falls city","LSADC":"25"}},{"type":"Feature","geometry":{"type":"MultiPolygon","coordinates":[[[[-89.78245799974424,43.4600240002558],[-89.78238999997218,43.45276600006821],[-89.76880999983719,43.452775000036844],[-89.76755600020958,43.46003700009873],[-89.76019699960544,43.46001899971355],[-89.75891399966552,43.45275400032538],[-89.76692299964968,43.45443799986803],[-89.74886199985824,43.45272499968709],[-89.75371499995869,43.44185600022976],[-89.74228399995201,43.44300599967564],[-89.7450990002522,43.449542999825645],[-89.7304760003768,43.445482999827924],[-89.72264399994465,43.46739600004052],[-89.71907899980701,43.457598999771605],[-89.70529100015787,43.45948099985491],[-89.70501999999621,43.49621099978261],[-89.71871999978181,43.49641399999022],[-89.71884399963037,43.481906999678934],[-89.72382999980019,43.48192400018806],[-89.72376200002812,43.48918099991392],[-89.72886899967347,43.48307000024342],[-89.74378500035014,43.48911899999988],[-89.74635799990267,43.483264000309255],[-89.76513799956942,43.48529199987188],[-89.75892899973415,43.480151000307565],[-89.76388099956876,43.46951900023944],[-89.75887699985559,43.46474799968612],[-89.77771599997189,43.46764200024994],[-89.77525800004707,43.460010999758005],[-89.78245799974424,43.4600240002558]]],[[[-89.74378000032726,43.44184600005362],[-89.73875200032467,43.43606699998322],[-89.74378000032726,43.44184600005362]]]]},"properties":{"NAME":"Baraboo city","LSADC":"25"}},{"type":"Feature","geometry":{"type":"Polygon","coordinates":[[[-89.75913700014661,45.18794500023233],[-89.75457699994912,45.17070100024442],[-89.70985499965498,45.17070200024018],[-89.70694300016872,45.16344100014624],[-89.70727500042975,45.1706669997444],[-89.69339700036893,45.17059099996903],[-89.6934369996536,45.16342799980941],[-89.70361200038282,45.156150000068806],[-89.69490799991449,45.15613199997817],[-89.68309699996622,45.17056300002623],[-89.66219099973736,45.17056400002441],[-89.66213399983594,45.17633700030212],[-89.64622600037082,45.17060199994281],[-89.6520550002645,45.18288700018738],[-89.65218400013593,45.19318599976973],[-89.64721399985963,45.19273699992779],[-89.65314800023361,45.19958199988964],[-89.65374900010816,45.192379000207204],[-89.71376600029734,45.1924619998531],[-89.7035909995681,45.19348999981865],[-89.70376499964537,45.20389699999735],[-89.71320300005766,45.20660499983708],[-89.7125800004418,45.200622999810314],[-89.73427400014295,45.193381000114876],[-89.73468800041974,45.17852100030627],[-89.75913700014661,45.18794500023233]]]},"properties":{"NAME":"Merrill city","LSADC":"25"}},{"type":"Feature","geometry":{"type":"MultiPolygon","coordinates":[[[[-91.77396699983208,45.480473999985925],[-91.77060799955876,45.46990400028009],[-91.74568500017897,45.472607000071534],[-91.74400600040393,45.45893100009658],[-91.73574299997655,45.45899800011927],[-91.73576300006803,45.46612999972933],[-91.72483800039966,45.4660059998135],[-91.71859900042713,45.47989000030943],[-91.7075230002477,45.484094999699025],[-91.70934299958977,45.49445300001408],[-91.72357200017818,45.49906599991571],[-91.7190539998135,45.50374800024806],[-91.72470899962993,45.52301899982271],[-91.7588879998471,45.53084999985312],[-91.76912799997535,45.50892800014299],[-91.7656940002573,45.48773500000681],[-91.74628600005352,45.48734000018475],[-91.74767500029864,45.47686399985578],[-91.77396699983208,45.480473999985925]],[[-91.7502560002471,45.47204299978043],[-91.7502560002471,45.47204299978043]]],[[[-91.78281500024046,45.41816500015557],[-91.77515500023576,45.40686099977904],[-91.7636959997417,45.408558000093294],[-91.76852799992574,45.41561200007011],[-91.76562700031012,45.43736899999812],[-91.77704400007309,45.43493500004602],[-91.78281500024046,45.41816500015557]]]]},"properties":{"NAME":"Rice Lake city","LSADC":"25"}},{"type":"Feature","geometry":{"type":"Polygon","coordinates":[[[-88.86414900038098,43.43495699981631],[-88.86402399980918,43.425851000208425],[-88.8589149996157,43.42584600010287],[-88.8498670000891,43.43843300032572],[-88.83395100022804,43.43623600009379],[-88.82537200033148,43.441555000205106],[-88.82908999973168,43.44388000002695],[-88.8187979997249,43.44392499994581],[-88.81584500023075,43.45892299985271],[-88.80466199992122,43.4589149997521],[-88.80480900023431,43.46583400010447],[-88.81472600032237,43.465863000323665],[-88.8075559998641,43.48446799990985],[-88.8000089998373,43.48077799990425],[-88.80012699983808,43.48808900000082],[-88.8100049995681,43.49112099982418],[-88.80660900038318,43.504108000033476],[-88.79522500023216,43.50245899971214],[-88.78548899989407,43.516656999736284],[-88.7993889996962,43.516773000019406],[-88.80394800006877,43.50748599973459],[-88.83025100037118,43.52580199992788],[-88.82999799975288,43.50720599970529],[-88.81998600012858,43.50257700029136],[-88.82982200002579,43.498927000219716],[-88.8129909995725,43.49623999976095],[-88.81491399974502,43.48083299999299],[-88.81671499971881,43.4876510001141],[-88.82484099987883,43.48809400017613],[-88.83838300037898,43.48054600025881],[-88.83654399987206,43.487717999786206],[-88.84787799979435,43.49201300010243],[-88.84480700029944,43.480478999802045],[-88.85984399955329,43.48069400015798],[-88.86083699996331,43.44393799998858],[-88.8502119998706,43.443811000303825],[-88.84987499958672,43.43875600017923],[-88.86414900038098,43.43495699981631]],[[-88.84179299980761,43.44090600025068],[-88.84179299980761,43.44090600025068]],[[-88.82287199967554,43.485733999823466],[-88.81910400004664,43.48261600001986],[-88.82287199967554,43.485733999823466]]]},"properties":{"NAME":"Beaver Dam city","LSADC":"25"}},{"type":"Feature","geometry":{"type":"MultiPolygon","coordinates":[[[[-89.50891399965042,43.56211800021484],[-89.50887299964252,43.55627300030622],[-89.49397500030582,43.55520699970877],[-89.49372199968754,43.52526100013295],[-89.43448399964811,43.52615199971214],[-89.4346450002049,43.55417699979532],[-89.42460900029116,43.553399999723766],[-89.42454099962077,43.55849400015381],[-89.43511800003292,43.555501999676956],[-89.43508299987283,43.562647999823334],[-89.4693530003266,43.563726000103266],[-89.450268000163,43.564637000315734],[-89.44473600037024,43.569845999743954],[-89.44972800038784,43.57621900011921],[-89.46912999984552,43.57708499983236],[-89.48069999976936,43.56835199971361],[-89.47455000038362,43.56622100003956],[-89.49394900036657,43.56971500023896],[-89.49894700023194,43.561815999801915],[-89.50891399965042,43.56211800021484]],[[-89.45465299955998,43.56419999982449],[-89.45465299955998,43.56419999982449]],[[-89.46489299968823,43.57040299975931],[-89.46466799955735,43.57522800017269],[-89.46489299968823,43.57040299975931]],[[-89.45478099960651,43.56622400003651],[-89.45159899978353,43.5698289999137],[-89.45478099960651,43.56622400003651]]],[[[-89.4546740003747,43.577089000191386],[-89.44972300036498,43.57708600008485],[-89.45439099961916,43.58430099995332],[-89.4546740003747,43.577089000191386]]]]},"properties":{"NAME":"Portage city","LSADC":"25"}},{"type":"Feature","geometry":{"type":"Polygon","coordinates":[[[-88.77713699977824,42.83448800026868],[-88.76876100027127,42.82384599992315],[-88.76883800026415,42.811978999903246],[-88.75031999963991,42.82001300001672],[-88.69857400027404,42.82137899971064],[-88.69988700035118,42.836442000136934],[-88.68888599961652,42.83242599970738],[-88.6887159997372,42.83899599982284],[-88.69823100014236,42.83677600028265],[-88.69887700022274,42.84995799998447],[-88.70598800023144,42.84997500012236],[-88.69894800036784,42.85140699977928],[-88.70180499960252,42.85705599986954],[-88.71653399978312,42.85624300009679],[-88.7160040000537,42.842866000171355],[-88.72348599978318,42.842693999726485],[-88.71893599963146,42.86453999995944],[-88.72719800023391,42.864549000076856],[-88.7270710000123,42.857286000121924],[-88.73648500013512,42.85728400022649],[-88.73828799975873,42.85093399974061],[-88.7474590002073,42.85723699970191],[-88.76312200034839,42.84993799997129],[-88.7629199997837,42.84279800032843],[-88.77707599967889,42.842693999726485],[-88.76752699983685,42.837359000234564],[-88.77713699977824,42.83448800026868]],[[-88.75477899955506,42.845338999906716],[-88.75477899955506,42.845338999906716]],[[-88.70643000009731,42.82584399992361],[-88.70643000009731,42.82584399992361]],[[-88.75771500022908,42.84629099982086],[-88.75771500022908,42.84629099982086]],[[-88.75864699964139,42.844537999884885],[-88.7531340001152,42.84418599996177],[-88.75864699964139,42.844537999884885]],[[-88.70817300034479,42.82858400003646],[-88.70817300034479,42.82858400003646]]]},"properties":{"NAME":"Whitewater city","LSADC":"25"}},{"type":"Feature","geometry":{"type":"Polygon","coordinates":[[[-88.29498400017754,42.501954999705276],[-88.28500099996724,42.49477200012546],[-88.2653710000056,42.49470900011133],[-88.24743400006273,42.50851199975391],[-88.24589300037995,42.502051000088954],[-88.22017400023364,42.50219299995844],[-88.22960800044794,42.502935000308675],[-88.22538700018417,42.51124399976487],[-88.20574999965154,42.509572999993246],[-88.20673399984072,42.502297999743185],[-88.21649199992014,42.50220900008209],[-88.20657300018225,42.495170000125086],[-88.2060919999583,42.50230099988579],[-88.20174000017329,42.498705999881736],[-88.19353299982242,42.50368500000371],[-88.20432000029683,42.50594999991155],[-88.2020659996882,42.5169089997492],[-88.19717300030314,42.51696300026696],[-88.20108800024514,42.53660500028335],[-88.21701099977889,42.53018999970038],[-88.21675100038621,42.5153930000621],[-88.24228499968628,42.50872600021598],[-88.23649400032573,42.523900000221936],[-88.22666599992614,42.523942999971005],[-88.22985299977202,42.534829000300896],[-88.22435600013934,42.53494500027461],[-88.24109399980787,42.545079000200445],[-88.2464459996756,42.541952999830656],[-88.2466089998822,42.54918300031592],[-88.26076300012755,42.53831100004105],[-88.25635500026604,42.549283000115906],[-88.26351800015328,42.54984099971165],[-88.26401400044585,42.53830899977454],[-88.27578500021113,42.53845300026702],[-88.27563700007313,42.52390500005569],[-88.2888840001222,42.52394099990637],[-88.29255899986468,42.509297999767185],[-88.2851469995571,42.50261700019611],[-88.29498400017754,42.501954999705276]]]},"properties":{"NAME":"Twin Lakes village","LSADC":"47"}},{"type":"Feature","geometry":{"type":"Polygon","coordinates":[[[-88.5743959996248,42.68061199986973],[-88.57417899988981,42.67146900006266],[-88.56117299986518,42.67940899994843],[-88.56600699969904,42.67699599968389],[-88.56119399978157,42.6552150001967],[-88.54937299978758,42.65122299981092],[-88.55582500019541,42.648034999767496],[-88.54423699982992,42.6490460001739],[-88.53918000041331,42.63913000015764],[-88.52192399981257,42.64096400023392],[-88.52197900006418,42.64890500031316],[-88.5318669998399,42.652807000181795],[-88.5141449999822,42.651848000282705],[-88.52199999998057,42.66014899995035],[-88.5019580002903,42.65437299990134],[-88.50366800002749,42.66269600010081],[-88.48732000034629,42.66252599987717],[-88.48739300014121,42.66988700017532],[-88.51207500039492,42.66997599987135],[-88.50703999982127,42.66272300004299],[-88.52198300026214,42.662858000238806],[-88.52238300029522,42.68452100005385],[-88.52954199998449,42.684512000148885],[-88.53250700007251,42.691710000007575],[-88.52290100032909,42.695438000290466],[-88.53771199962713,42.6990089996899],[-88.54251100019921,42.71930400009572],[-88.55515099962764,42.7182869999643],[-88.54748300012533,42.71706099998202],[-88.54275300004855,42.70622599972824],[-88.54553900003641,42.69530500006745],[-88.5516909999703,42.69526900008719],[-88.5515500004033,42.69031799985468],[-88.5425670002757,42.69032900025089],[-88.5466150002871,42.68444099997251],[-88.56868599955679,42.687837999931524],[-88.56848899991328,42.680335000178246],[-88.5743959996248,42.68061199986973]],[[-88.5433339998316,42.68657400020966],[-88.5433339998316,42.68657400020966]],[[-88.54267699988057,42.685668999911584],[-88.54267699988057,42.685668999911584]]]},"properties":{"NAME":"Elkhorn city","LSADC":"25"}},{"type":"Feature","geometry":{"type":"MultiPolygon","coordinates":[[[[-88.2930540003323,44.25974200020029],[-88.28370600033175,44.25556599979391],[-88.28885599963478,44.24317699999305],[-88.27875000029914,44.24093699991614],[-88.272384000105,44.24301400018968],[-88.273550999694,44.256052000139974],[-88.26502600022411,44.25812299996757],[-88.26580299982574,44.26469999987249],[-88.25936600038482,44.263902999824886],[-88.25963499999833,44.2526200000203],[-88.23767299961027,44.249849000039625],[-88.23229599962819,44.26679900011772],[-88.24945400031962,44.27376799999437],[-88.24210499976122,44.28537600000029],[-88.2575210000301,44.297089000246736],[-88.23927500029075,44.3074189997754],[-88.24121799965644,44.31540799997183],[-88.25225700002592,44.315522999863624],[-88.24995100043708,44.30817399993352],[-88.26262299965258,44.308263000074334],[-88.26893100012038,44.29847200004612],[-88.27879399978175,44.30796899973141],[-88.29292899976053,44.30108899998493],[-88.2692929996203,44.294739000095696],[-88.28745600041731,44.29731900022656],[-88.28246699987443,44.28005000016217],[-88.29296800011859,44.27493900008985],[-88.2930540003323,44.25974200020029]],[[-88.27874500027626,44.2434800001922],[-88.27874500027626,44.2434800001922]],[[-88.27367100024291,44.26258600013],[-88.27367100024291,44.26258600013]],[[-88.25475400030881,44.26222900001578],[-88.24639999964484,44.25923899986914],[-88.25319699983417,44.256750000020034],[-88.25475400030881,44.26222900001578]],[[-88.23677399980991,44.257197000100504],[-88.23677399980991,44.257197000100504]]],[[[-88.2055220000459,44.3140770002184],[-88.1926030000599,44.31528799990039],[-88.2055220000459,44.3140770002184]]],[[[-88.2528889998626,44.2997769997518],[-88.2528889998626,44.2997769997518]]],[[[-88.25306600031293,44.29687400007988],[-88.24671299963929,44.29170500020448],[-88.2414479998102,44.30563299994915],[-88.25306600031293,44.29687400007988]]]]},"properties":{"NAME":"Kaukauna city","LSADC":"25"}},{"type":"Feature","geometry":{"type":"Polygon","coordinates":[[[-88.2639769997376,43.132014000080844],[-88.25407899991612,43.13051199994016],[-88.25108399969086,43.106787000080885],[-88.21873700030793,43.11576199985575],[-88.21830799996252,43.12285799971858],[-88.20703000011673,43.11970599980052],[-88.20784299970337,43.12443800023198],[-88.20087599963472,43.12439499980002],[-88.18522099988955,43.117226999926906],[-88.19245699957172,43.12608599995693],[-88.20111199963627,43.1264180002224],[-88.18959299976603,43.133805999974605],[-88.2043749996501,43.13673699997481],[-88.19389199984761,43.14885399972499],[-88.19335600027041,43.1626749999312],[-88.23311400013601,43.162891000118],[-88.22335100003376,43.159106999784846],[-88.23833299993436,43.155698999924006],[-88.23378899963042,43.141426000224044],[-88.2535640002553,43.14600099982831],[-88.25374300035544,43.141350000167684],[-88.26364200000185,43.14145099992004],[-88.2639769997376,43.132014000080844]]]},"properties":{"NAME":"Sussex village","LSADC":"47"}},{"type":"Feature","geometry":{"type":"MultiPolygon","coordinates":[[[[-89.58302399998557,43.005636000243676],[-89.55458300032382,42.97748800007339],[-89.54039899994122,42.9763439999631],[-89.53857600022614,42.96554400012175],[-89.51905400021955,42.965247999900626],[-89.51875799994355,42.972293000291764],[-89.4998100000473,42.96150499985973],[-89.50105199997934,42.971687999763276],[-89.49454799969295,42.97802599969453],[-89.51395300042199,42.98319399984212],[-89.51147000038284,42.994433000235475],[-89.52867199965857,42.996165000283156],[-89.52255999990764,43.0087349997581],[-89.52869099992513,43.00518099982744],[-89.53845499985232,43.01613499983463],[-89.54828900009971,43.016360000135194],[-89.56803000038941,43.00654799981572],[-89.56293500043964,43.01935899996351],[-89.57270299966646,43.0237389999016],[-89.57293600019328,43.01293299970889],[-89.58302399998557,43.005636000243676]],[[-89.54922600043321,42.99489200015678],[-89.54922600043321,42.99489200015678]],[[-89.55792199960732,42.98785099967516],[-89.54912000012801,42.98839700027435],[-89.55792199960732,42.98785099967516]],[[-89.579674999758,43.0035049999825],[-89.579674999758,43.0035049999825]],[[-89.53858500044697,43.00732899987884],[-89.5338779999364,43.00891700017814],[-89.53858500044697,43.00732899987884]],[[-89.55793599985103,43.00500000001422],[-89.54829900014545,43.00909800027399],[-89.5483879998339,42.99823699987867],[-89.55793599985103,43.00500000001422]]],[[[-89.53355999991909,43.01251799983158],[-89.52851799967277,43.0160200001946],[-89.53355999991909,43.01251799983158]]]]},"properties":{"NAME":"Verona city","LSADC":"25"}},{"type":"Feature","geometry":{"type":"Polygon","coordinates":[[[-87.41773499998806,44.82832999994111],[-87.41769900000305,44.817480000262464],[-87.40762299990632,44.81005100011688],[-87.38719500042667,44.81781100015312],[-87.38727800026736,44.79890800026275],[-87.3365000002988,44.79893499989174],[-87.33639800019155,44.79186099982013],[-87.3108029998938,44.79172500004667],[-87.3365699997207,44.80622100026932],[-87.3361899997791,44.82047599997742],[-87.33098199985142,44.820444000187024],[-87.33616899986269,44.82225800025451],[-87.33586699973891,44.83489100008242],[-87.34639399992234,44.83500900006859],[-87.34604300029305,44.84410200001919],[-87.35134999995495,44.84413300007107],[-87.34648699980875,44.853632999736284],[-87.3576140000418,44.85030000029627],[-87.36159199973301,44.860570999989044],[-87.36668599985786,44.86063700022896],[-87.36664599967489,44.85421099998347],[-87.37677200000033,44.854944000152855],[-87.37682300005395,44.84980900030067],[-87.393139999773,44.852126999960895],[-87.39738100012826,44.83011099995567],[-87.40754599991344,44.83002100009183],[-87.39738899962585,44.82793700027106],[-87.39738600015113,44.8221119996852],[-87.41773499998806,44.82832999994111]]]},"properties":{"NAME":"Sturgeon Bay city","LSADC":"25"}},{"type":"Feature","geometry":{"type":"MultiPolygon","coordinates":[[[[-88.52058899999413,44.148459999832],[-88.51293300018739,44.141331999958],[-88.49593699987766,44.141521000220926],[-88.4857029995972,44.14897400027666],[-88.49087600026309,44.13439999979691],[-88.48319399961876,44.13697599968454],[-88.48438799987022,44.1421959997203],[-88.47819999995133,44.138375999973796],[-88.47847100011299,44.14555999985388],[-88.46838499997051,44.14223199981204],[-88.45191199971754,44.16022400008764],[-88.43916299961084,44.15995600000973],[-88.44620099982463,44.17863700022309],[-88.43407000020922,44.19358099979793],[-88.49519899973579,44.1911220002569],[-88.49267200021401,44.18260499978499],[-88.48088399983195,44.18359999981835],[-88.51016999976574,44.16860800029066],[-88.50298799961192,44.15645500007007],[-88.51462200000817,44.156319999754956],[-88.52058899999413,44.148459999832]],[[-88.5084349999142,44.14670200015437],[-88.49866199976618,44.15161099983023],[-88.5084349999142,44.14670200015437]],[[-88.50379199987604,44.15526999986599],[-88.50379199987604,44.15526999986599]],[[-88.49821599970234,44.155579999917116],[-88.49821599970234,44.155579999917116]],[[-88.49497299977997,44.17164800009304],[-88.49497299977997,44.17164800009304]],[[-88.49135099974093,44.18859600008001],[-88.49135099974093,44.18859600008001]],[[-88.49111399991446,44.1726410001786],[-88.49111399991446,44.1726410001786]],[[-88.44697199957845,44.1655689998303],[-88.44697199957845,44.1655689998303]],[[-88.4446939995787,44.16440100023935],[-88.4446939995787,44.16440100023935]]],[[[-88.4433839998746,44.156666999998784],[-88.4433839998746,44.156666999998784]]],[[[-88.5084290000664,44.19471599968029],[-88.50270800012774,44.194786999928176],[-88.5084290000664,44.19471599968029]]],[[[-88.51503200008699,44.165768000037936],[-88.51503200008699,44.165768000037936]]],[[[-88.51849299956926,44.167429999717605],[-88.51521700003492,44.17077499974567],[-88.51849299956926,44.167429999717605]]],[[[-88.53386600018042,44.14827099986849],[-88.52839299993887,44.13748100025915],[-88.51364799986473,44.13634900021627],[-88.51359299961315,44.14132200010459],[-88.52613000000774,44.139314000125154],[-88.5236560001894,44.14688000002178],[-88.53386600018042,44.14827099986849]]]]},"properties":{"NAME":"Neenah city","LSADC":"25"}},{"type":"Feature","geometry":{"type":"MultiPolygon","coordinates":[[[[-89.38733600011453,43.25039800002759],[-89.38733899958925,43.243169999877836],[-89.37339399958128,43.24392300026999],[-89.3823990003485,43.24288899988957],[-89.3824060000212,43.23791000003933],[-89.36279399960291,43.23575300021648],[-89.3617929996953,43.19462800006294],[-89.34888600030318,43.18717099992784],[-89.34380700024694,43.19213100019494],[-89.3612360002017,43.215411999693934],[-89.34825399956819,43.216367999824136],[-89.3484660001786,43.22363400021466],[-89.34349599990232,43.22364999970005],[-89.34864399955553,43.239651999740126],[-89.34286300024073,43.23093600007428],[-89.32354100025067,43.22366200029323],[-89.32455899987673,43.2664970000096],[-89.33940500023321,43.259937999985524],[-89.34574299993993,43.26712900032311],[-89.36691299975944,43.26472399993715],[-89.36275500014318,43.25005899972493],[-89.3676419996805,43.24803600006933],[-89.37265100031483,43.25757700004017],[-89.38248700021205,43.25770600006234],[-89.38241699989184,43.250427999789785],[-89.3710429997866,43.249013999731346],[-89.38733600011453,43.25039800002759]],[[-89.36798900001011,43.24666399974865],[-89.36798900001011,43.24666399974865]]],[[[-89.34197000028814,43.19118300011252],[-89.33815200043051,43.18329199994305],[-89.34197000028814,43.19118300011252]]],[[[-89.34210400018246,43.19477999984878],[-89.33365699963207,43.1946239999256],[-89.33375200006661,43.18679000002717],[-89.31465500020747,43.18587599967308],[-89.30835400031067,43.20448999979827],[-89.31827200022364,43.20555200004928],[-89.31832900012505,43.21641600006009],[-89.32287699972865,43.21641000003265],[-89.32294799987375,43.20918799993862],[-89.34121999955238,43.20377500020955],[-89.3342990004128,43.2000569998026],[-89.34210400018246,43.19477999984878]]]]},"properties":{"NAME":"DeForest village","LSADC":"47"}},{"type":"Feature","geometry":{"type":"MultiPolygon","coordinates":[[[[-89.56120200023793,43.08768600010278],[-89.55134299987618,43.08202999982086],[-89.53093499958969,43.086988999765026],[-89.49236099992979,43.08247000028639],[-89.4872840004217,43.08541800009646],[-89.49112900004351,43.09021400005488],[-89.48377700001038,43.08835599972264],[-89.48362300002458,43.10589500023649],[-89.46297999956145,43.11191200025897],[-89.4655019999587,43.11913400026715],[-89.47441200029135,43.1208869999358],[-89.45354299987243,43.1297660000432],[-89.4518649999223,43.13734600005006],[-89.47139100012684,43.13731300006902],[-89.46914599973904,43.12647500026055],[-89.48154199966832,43.12642499975837],[-89.48145100033003,43.11869199967748],[-89.49140299967989,43.118627999828874],[-89.49153199955133,43.12842000007565],[-89.49653000031502,43.128362000074794],[-89.50602800010341,43.1225420002268],[-89.5158909997648,43.12604600022196],[-89.51759399982932,43.115018999834355],[-89.54645799998869,43.11697199989777],[-89.55112000029342,43.11260499997473],[-89.54119700035757,43.111123999954614],[-89.53849900023324,43.10571799974459],[-89.54619500022297,43.10749800017839],[-89.54651900008805,43.1016670003061],[-89.53492999989766,43.09601799989383],[-89.53654400027368,43.08935499979429],[-89.55618000008309,43.09521699968568],[-89.56120200023793,43.08768600010278]],[[-89.50275900024181,43.12213400022839],[-89.50275900024181,43.12213400022839]]],[[[-89.48285599957039,43.144634999952885],[-89.48277600010276,43.138212999965106],[-89.4716699997861,43.13874599974543],[-89.47182299994698,43.14470300025216],[-89.48285599957039,43.144634999952885]]]]},"properties":{"NAME":"Middleton city","LSADC":"25"}},{"type":"Feature","geometry":{"type":"MultiPolygon","coordinates":[[[[-88.42873800043299,43.33194600003952],[-88.41935199989925,43.32377400017433],[-88.40351499968091,43.328869000185264],[-88.40121499993982,43.31797600025371],[-88.39089299979582,43.31778700013903],[-88.39908099988011,43.314332999865655],[-88.39915500039828,43.30708299974966],[-88.38422899967587,43.303308999826314],[-88.38037900003118,43.293818999854665],[-88.37918300012988,43.30600899974724],[-88.374241000341,43.30572100027435],[-88.37475199980385,43.288789999840425],[-88.36948100012697,43.295976999747744],[-88.34957300033102,43.29947800030744],[-88.35522399994949,43.30311000031389],[-88.3495099996835,43.3032100002587],[-88.35438899972321,43.31396999982461],[-88.34924899956759,43.31758800031315],[-88.32244700039621,43.31743900017452],[-88.31062200020425,43.32391400029282],[-88.30967800019805,43.312086999745986],[-88.299684999942,43.313110000215374],[-88.30438200040682,43.324793999718295],[-88.32677999991466,43.31887899973144],[-88.33915699957737,43.32460200031304],[-88.34509000012645,43.32245700025341],[-88.33841500013583,43.31964799999399],[-88.34468699972031,43.31934799975333],[-88.34786699989348,43.33928000024103],[-88.35869299982765,43.33851699998039],[-88.35410800041414,43.32482400006069],[-88.3689480000245,43.32191200000585],[-88.37870799975376,43.330069000237664],[-88.36371800035553,43.33571699985063],[-88.3884840002748,43.33633200014118],[-88.38334699959394,43.34309299972115],[-88.38826400016677,43.34656400001657],[-88.37819200026803,43.3520500001642],[-88.38897399982126,43.3540079998217],[-88.40149299977419,43.35051999974596],[-88.39193899990927,43.34261399986714],[-88.39848699967827,43.33268499985116],[-88.42173299983118,43.347261000176644],[-88.42873800043299,43.33194600003952]],[[-88.41698600003593,43.339917999911826],[-88.41633900013066,43.34547999972185],[-88.41698600003593,43.339917999911826]],[[-88.40833599999428,43.33618199991159],[-88.40056200018677,43.332448000166025],[-88.40833599999428,43.33618199991159]],[[-88.36353099985946,43.30842400000285],[-88.36353099985946,43.30842400000285]],[[-88.36228599955439,43.307962000293315],[-88.354366000157,43.30915100022553],[-88.36228599955439,43.307962000293315]],[[-88.35436699998189,43.31519499984957],[-88.35436699998189,43.31519499984957]]],[[[-88.33690899971482,43.32504800001411],[-88.33000399957045,43.326442999983776],[-88.33690899971482,43.32504800001411]]],[[[-88.37845199966071,43.34071200013956],[-88.36857499975561,43.33936699984846],[-88.36842800034083,43.34491600009198],[-88.37845199966071,43.34071200013956]]],[[[-88.38109299988362,43.29418600007895],[-88.38109299988362,43.29418600007895]]],[[[-88.38238500004438,43.294693999847155],[-88.38238500004438,43.294693999847155]]],[[[-88.38393499994798,43.29465400003993],[-88.38393499994798,43.29465400003993]]],[[[-88.438940999853,43.32236200010043],[-88.438940999853,43.32236200010043]]]]},"properties":{"NAME":"Hartford city","LSADC":"25"}},{"type":"Feature","geometry":{"type":"Polygon","coordinates":[[[-88.43136000038932,43.07933900000481],[-88.42242800031536,43.076027000105746],[-88.42290299979318,43.04341200005562],[-88.34955300023954,43.04316100008724],[-88.35005000035699,43.04876699975633],[-88.36422100032078,43.05039300011146],[-88.3595489999703,43.105553999784384],[-88.39805599968305,43.09940099974769],[-88.3903639998913,43.09188600030014],[-88.39758899970282,43.08917400020519],[-88.39773099999304,43.080011000256505],[-88.4134479996625,43.07983700023059],[-88.41273999965783,43.105989000263676],[-88.42183800031148,43.10606100028458],[-88.42681299971234,43.09860199977801],[-88.42217499969703,43.09047400021021],[-88.43136000038932,43.07933900000481]]]},"properties":{"NAME":"Delafield city","LSADC":"25"}},{"type":"Feature","geometry":{"type":"MultiPolygon","coordinates":[[[[-89.50186000044143,45.63340700007429],[-89.5012310000795,45.626696999746166],[-89.47598800013424,45.62711299989602],[-89.47942900042332,45.61991099991859],[-89.4695430002974,45.617560999734074],[-89.45949399996486,45.6171490002558],[-89.45995000007443,45.62501900003357],[-89.44876199974202,45.62188299976081],[-89.43930800033453,45.630837000128956],[-89.42789999989408,45.627816000163605],[-89.4290759997039,45.620077000289285],[-89.42083900011411,45.629471999931056],[-89.37675399967951,45.62216399985303],[-89.38720399987005,45.629469999780305],[-89.3717340000728,45.6347439998165],[-89.3720229997778,45.640857999792885],[-89.38069600028402,45.636622999761286],[-89.38232700037848,45.64391499988335],[-89.391487999883,45.64445899977903],[-89.3770199998183,45.64481299975083],[-89.37527800029405,45.66187400009299],[-89.36981599992315,45.66379900025992],[-89.40833299968166,45.658923000111784],[-89.42182599977801,45.64834499972748],[-89.42011400039101,45.64204500006889],[-89.436103000047,45.646140000243115],[-89.44083700032175,45.63353299995443],[-89.44539800034414,45.641900999984216],[-89.46265200039673,45.640894000204916],[-89.46574700018107,45.632094999934345],[-89.47306599970393,45.63639899970672],[-89.50186000044143,45.63340700007429]],[[-89.39802300013152,45.62882500019987],[-89.39802300013152,45.62882500019987]],[[-89.43576699958801,45.63518899977882],[-89.43023800016832,45.63580899993261],[-89.43576699958801,45.63518899977882]],[[-89.3854199996147,45.65526999998318],[-89.38140500011357,45.65123400015384],[-89.3854199996147,45.65526999998318]],[[-89.44934500007321,45.63513000006324],[-89.44549000040564,45.63265399992531],[-89.44934500007321,45.63513000006324]]],[[[-89.49894700023194,45.613237000117635],[-89.49086200007982,45.60509299979496],[-89.49092400000407,45.595134000249644],[-89.475084000311,45.59870700028564],[-89.47765299966558,45.617217999848734],[-89.49894700023194,45.613237000117635]]],[[[-89.45881000024966,45.59705900028115],[-89.45065599960222,45.59497700014998],[-89.44868099955116,45.60215200009734],[-89.45881000024966,45.59705900028115]]],[[[-89.40878799996632,45.624793999928876],[-89.4033440000371,45.62239100023612],[-89.40878799996632,45.624793999928876]]],[[[-89.37917399996948,45.64080399975953],[-89.37917399996948,45.64080399975953]]],[[[-89.39661799999287,45.62652399986228],[-89.39661799999287,45.62652399986228]]]]},"properties":{"NAME":"Rhinelander city","LSADC":"25"}},{"type":"Feature","geometry":{"type":"MultiPolygon","coordinates":[[[[-88.0685819997695,42.981974000020955],[-88.00209399980422,42.98831699967625],[-88.00189399978765,42.999015999926335],[-87.97764500007733,42.999277999808704],[-87.97638100040399,43.01019599999176],[-87.98206200015969,43.01017699981655],[-87.98246399984258,43.024125999871565],[-88.06699300040616,43.03088499988165],[-88.0685819997695,42.981974000020955]]],[[[-88.06035500022544,42.97945399973964],[-88.06035500022544,42.97945399973964]]]]},"properties":{"NAME":"West Allis city","LSADC":"25"}},{"type":"Feature","geometry":{"type":"Polygon","coordinates":[[[-88.06928800012435,42.95262699988845],[-87.98864099989082,42.95213400015147],[-87.972678999999,42.94489400023142],[-87.96656899989792,42.93764200020853],[-87.96924699993076,42.93038999973354],[-87.94938099996756,42.93037200029051],[-87.9492420000504,42.93761700019757],[-87.96467699968754,42.93835699990737],[-87.96450699980822,42.94488499999985],[-87.94908899988953,42.943681000191724],[-87.94851300012934,42.97393600029476],[-87.95605299958513,42.975005000053606],[-87.95633499961745,42.98076299989238],[-87.9682500002211,42.97270000003546],[-87.97224299998092,42.98788299990667],[-87.98108700019134,42.9806740002765],[-87.97016099979973,42.97498200012346],[-87.97769199993301,42.96665299978691],[-87.98825799957619,42.96663000001997],[-87.98224799993251,42.98095000026802],[-87.98382899979828,42.97070700014556],[-88.01476799956782,42.969858999925876],[-88.03768400000783,42.97363000003001],[-88.03747300012064,42.98743700002448],[-88.04219499980151,42.98808599971401],[-88.0473900002087,42.980828000076905],[-88.06862000030266,42.980960000068215],[-88.06928800012435,42.95262699988845]],[[-88.06041999962446,42.977259999761834],[-88.06041999962446,42.977259999761834]]]},"properties":{"NAME":"Greenfield city","LSADC":"25"}},{"type":"Feature","geometry":{"type":"MultiPolygon","coordinates":[[[[-91.44828099963892,44.92294900010438],[-91.44825499969967,44.91530099978755],[-91.43054200006276,44.91510399991365],[-91.43053299984193,44.90796100030769],[-91.4178309995909,44.90798799975584],[-91.42167199991307,44.91518999969947],[-91.38079000011619,44.910564000021935],[-91.36801500007023,44.9202320000035],[-91.34755999992808,44.92254800009251],[-91.34292899958552,44.93857700019999],[-91.36834499978312,44.94169200012167],[-91.35297899974294,44.95162999978522],[-91.34804100015202,44.948045999913546],[-91.34630899977523,44.95681999982802],[-91.36166700031778,44.96598700009014],[-91.36803099996375,44.965923000145146],[-91.3719409998829,44.95656599990137],[-91.3782769999398,44.966223999790955],[-91.37840300033649,44.95537199975241],[-91.38870100019106,44.95175899972385],[-91.39883400018918,44.95888100019572],[-91.39854700013402,44.966223999790955],[-91.40754699998004,44.96612799992554],[-91.40389900000174,44.9516999998963],[-91.41787499997184,44.95524099975597],[-91.42044599987456,44.944385000263274],[-91.42635699978402,44.94433499990596],[-91.42751300040067,44.93243399998347],[-91.42305699996025,44.93688499988676],[-91.41959999977763,44.9314929999336],[-91.43644399975139,44.92640100007725],[-91.43312399983614,44.921249999829065],[-91.44828099963892,44.92294900010438]],[[-91.36388400021816,44.93035499999478],[-91.36388400021816,44.93035499999478]],[[-91.3680180004433,44.92881000029736],[-91.3680180004433,44.92881000029736]],[[-91.42356099975039,44.9378390001869],[-91.4184979995877,44.94054000027233],[-91.42356099975039,44.9378390001869]],[[-91.36828600023189,44.93395200017518],[-91.36282800005895,44.93723299992886],[-91.36828600023189,44.93395200017518]]],[[[-91.43330299993627,44.94455199970409],[-91.42816399960557,44.94050299998845],[-91.4272070000789,44.947950000148886],[-91.43330299993627,44.94455199970409]]]]},"properties":{"NAME":"Chippewa Falls city","LSADC":"25"}},{"type":"Feature","geometry":{"type":"Polygon","coordinates":[[[-88.13110499956407,44.31400800015279],[-88.08566699976767,44.30990399999606],[-88.06391100014227,44.342917000303736],[-88.00919800014022,44.34292899993864],[-88.0092319995771,44.35746499968345],[-88.12053999974582,44.357203000127825],[-88.12050899978368,44.34999699987258],[-88.13070200005626,44.349944999997845],[-88.13110499956407,44.31400800015279]]]},"properties":{"NAME":"Greenleaf village","LSADC":"47"}},{"type":"Feature","geometry":{"type":"Polygon","coordinates":[[[-91.25015599975946,43.8868629997509],[-91.24036099987013,43.88207799976426],[-91.24287499987145,43.86982100016061],[-91.22966399980737,43.869952999786385],[-91.22855599976967,43.8648149997692],[-91.19262699963231,43.87290100009138],[-91.20556200041014,43.8615650001719],[-91.19503199985368,43.861658000072104],[-91.17759000037843,43.87110799990825],[-91.16972299978619,43.866937000308624],[-91.16912299973657,43.883566999935084],[-91.15756899970626,43.888123999794836],[-91.1572690001306,43.87597500001119],[-91.16477099995156,43.875383999935124],[-91.16473400014164,43.86796399984438],[-91.14967500024812,43.86716899990762],[-91.15026699990183,43.89144500028082],[-91.159381000449,43.88915400005356],[-91.16031399968622,43.898886999950264],[-91.17035299997303,43.902445999826845],[-91.17612699961514,43.90236300025649],[-91.1778270002049,43.89191400031292],[-91.18611099965035,43.89162300032345],[-91.18510300007004,43.8986169999912],[-91.1968710003606,43.89689099994844],[-91.20103300017483,43.90351399998414],[-91.20509200005688,43.89159999979868],[-91.20526500030924,43.903857000061194],[-91.21516599960546,43.905579000275054],[-91.21802299973844,43.912784999849976],[-91.21034400036548,43.91857899995181],[-91.22019699998114,43.91620300006645],[-91.22536899992379,43.92357399985751],[-91.24136099995283,43.92129199984412],[-91.23855200039874,43.91624100005402],[-91.24553199998788,43.92334500018608],[-91.23966700010918,43.91624300025706],[-91.24668100003352,43.91251199997922],[-91.24535999956043,43.90542600017057],[-91.23508299962226,43.89885200009656],[-91.25013999986594,43.89807400003439],[-91.25015599975946,43.8868629997509]],[[-91.24358600024914,43.90496600011916],[-91.24358600024914,43.90496600011916]],[[-91.23528600001185,43.909877999728195],[-91.23528600001185,43.909877999728195]],[[-91.23004200009916,43.908979000005075],[-91.22086399997791,43.90598500024078],[-91.23004200009916,43.908979000005075]],[[-91.20999899968567,43.88473200019517],[-91.19011900037711,43.89148500027856],[-91.18979499961368,43.881094000297274],[-91.20240599962811,43.87735999983808],[-91.20504100000323,43.8811820002691],[-91.19658799960507,43.880906000039694],[-91.1976670002288,43.885004999920525],[-91.20999899968567,43.88473200019517]],[[-91.20948300019995,43.87684000008201],[-91.20568500043379,43.881175000290845],[-91.20948300019995,43.87684000008201]],[[-91.18176100041347,43.88088200018457],[-91.1701119999486,43.89006300030446],[-91.18176100041347,43.88088200018457]],[[-91.17402600006571,43.8956109999623],[-91.17002699955981,43.89208999988125],[-91.17402600006571,43.8956109999623]],[[-91.16918800003388,43.8892359996783],[-91.1666120001083,43.894457999934126],[-91.16245000029409,43.89162500005904],[-91.16918800003388,43.8892359996783]],[[-91.16874399961986,43.88596799999611],[-91.16306899971197,43.88731999968174],[-91.16874399961986,43.88596799999611]],[[-91.16408200021347,43.88890199972651],[-91.16408200021347,43.88890199972651]]]},"properties":{"NAME":"Onalaska city","LSADC":"25"}},{"type":"Feature","geometry":{"type":"MultiPolygon","coordinates":[[[[-89.59097199987038,44.45929699978522],[-89.57404800042899,44.457250000115536],[-89.57700599994601,44.449958999789416],[-89.56903200012194,44.45357899998167],[-89.5691550001456,44.43903100001526],[-89.54906499987642,44.43549000017146],[-89.52876399972006,44.43560999984253],[-89.52823800018861,44.440935999778524],[-89.51829099996333,44.43935299979102],[-89.51801700032692,44.432143999845394],[-89.49844799956635,44.432450000292285],[-89.49849799979506,44.4433079998623],[-89.48848699999567,44.44262799997398],[-89.48846600007928,44.447193000072076],[-89.50097499998645,44.44686799986093],[-89.50088499957478,44.45417699992762],[-89.48830200004774,44.461826000080904],[-89.50341000034504,44.45718700026601],[-89.50844800039341,44.464819000094366],[-89.51853199998773,44.464644999942834],[-89.51853399963757,44.47200900003099],[-89.52832000020437,44.47202400016153],[-89.51820800012263,44.4756370000755],[-89.52334200043046,44.490155999683275],[-89.51332999990784,44.49021200003784],[-89.50916899991854,44.48297099987658],[-89.50342000039078,44.49040300014482],[-89.50841499988313,44.49744199988676],[-89.53310800000747,44.497384000278366],[-89.5334050001084,44.49006500019393],[-89.54851000003264,44.488336999952175],[-89.54847400004765,44.48181099988359],[-89.57516899998721,44.47978900012502],[-89.5542440003901,44.464441000254304],[-89.573423000265,44.46717600019352],[-89.58919099998808,44.46493700016731],[-89.59097199987038,44.45929699978522]],[[-89.52546499972121,44.47922799996412],[-89.52546499972121,44.47922799996412]],[[-89.52873699995588,44.445076999683806],[-89.50646800031949,44.45544600028914],[-89.5086030002041,44.44273199991123],[-89.52873699995588,44.445076999683806]]],[[[-89.61162500037923,44.45992899981649],[-89.59432299974777,44.45718600000326],[-89.60662699961553,44.46508899985538],[-89.61162500037923,44.45992899981649]]]]},"properties":{"NAME":"Plover village","LSADC":"47"}},{"type":"Feature","geometry":{"type":"Polygon","coordinates":[[[-91.96192600010147,44.87681399975846],[-91.94029500014952,44.87197299979051],[-91.94885300012966,44.85855499979913],[-91.9423709995846,44.85116700026753],[-91.93710999995346,44.85754899979296],[-91.89408700042416,44.857454999847754],[-91.89419200000616,44.86613900017709],[-91.8847179996089,44.86470400027741],[-91.88977099972585,44.87548600017964],[-91.87986100020882,44.875666000317004],[-91.87984100011731,44.88643400030052],[-91.85451399960817,44.889185000275816],[-91.85449699988975,44.926390000105926],[-91.86474200004086,44.92641299987015],[-91.86472199994937,44.91538099982124],[-91.88003199991303,44.9083349997822],[-91.89433000009842,44.90861099973576],[-91.89445800014494,44.91540100013034],[-91.91993700009175,44.915279000045004],[-91.92490900001788,44.925506999871686],[-91.9421670002684,44.9070200001882],[-91.93646899989596,44.90325200000791],[-91.95537999998227,44.900786999869034],[-91.95544799975434,44.87906300009717],[-91.96192600010147,44.87681399975846]]]},"properties":{"NAME":"Menomonie city","LSADC":"25"}},{"type":"Feature","geometry":{"type":"Polygon","coordinates":[[[-88.06698699966003,43.0309110001652],[-88.04717299957541,43.031006999853936],[-88.03148799969301,43.03878099999892],[-88.02190000039124,43.03891800003062],[-88.0235730003185,43.03117500009712],[-87.98498299986677,43.03715399979617],[-87.98750400043907,43.06437599998542],[-88.00239699975292,43.06946499996427],[-88.03841200010397,43.06758800022289],[-88.03386799980002,43.076138000146344],[-88.03822899980587,43.08915999982683],[-88.04770200037824,43.090213000279235],[-88.0376399996269,43.098062000308076],[-88.03066000003777,43.09694500011551],[-88.03698000020115,43.09690800000831],[-88.03710099967664,43.0908450002112],[-88.02771000001837,43.09019399994678],[-88.02751900022265,43.10444800007346],[-88.06602500011049,43.10422099970542],[-88.06698699966003,43.0309110001652]]]},"properties":{"NAME":"Wauwatosa city","LSADC":"25"}},{"type":"Feature","geometry":{"type":"Polygon","coordinates":[[[-90.22349000007179,44.70695199974685],[-90.21722400033508,44.69972299982639],[-90.21847299993982,44.685295000238746],[-90.1982039995705,44.680207999740695],[-90.1983159997235,44.670400000261246],[-90.21842000023636,44.66576499996396],[-90.1983149998986,44.65875199990129],[-90.19815500006501,44.630551999740646],[-90.16512599971836,44.625076000222464],[-90.16503600020499,44.63384599978094],[-90.15995100030096,44.633768000219014],[-90.16514099978697,44.64119600024457],[-90.14865900021147,44.640966000145426],[-90.1449929997915,44.63369999974496],[-90.14025600004202,44.640729000164924],[-90.13529599981146,44.633646000120216],[-90.14004099995685,44.62728300017216],[-90.13287899989453,44.626412999736715],[-90.13495400040301,44.63364900013621],[-90.12497799986541,44.6371929999895],[-90.12497600021558,44.64793699994356],[-90.13979300025974,44.64977899982552],[-90.13969600017538,44.68517999992847],[-90.15725700037461,44.688841999872714],[-90.14295599981617,44.69857200030599],[-90.14493199969212,44.70322100020234],[-90.15499899956801,44.69969699971755],[-90.15575099995361,44.692469000102655],[-90.17006699968233,44.69257400009323],[-90.17126500013177,44.68522800031345],[-90.18713699961191,44.685257999975],[-90.19114100014069,44.69046400025157],[-90.19301800028245,44.68527799974076],[-90.198267000218,44.68793999992741],[-90.19834400021091,44.699773000150195],[-90.21337700016514,44.69972600025567],[-90.22349000007179,44.70695199974685]]]},"properties":{"NAME":"Marshfield city","LSADC":"25"}},{"type":"Feature","geometry":{"type":"Polygon","coordinates":[[[-90.92919499962022,46.536209000185515],[-90.92463600014597,46.534771999843656],[-90.91865599974122,46.545634999710806],[-90.90673600001301,46.545369000300056],[-90.90660700014159,46.55266800030298],[-90.91442699997985,46.55283400024332],[-90.91166600010635,46.559824999837794],[-90.8436900001617,46.55943000027071],[-90.84364599978078,46.566650999967834],[-90.8386129997553,46.5666409997714],[-90.84360300012308,46.57391000026554],[-90.82277999973489,46.57380999986824],[-90.82220499979962,46.61937499984317],[-90.86341100035993,46.60304499973961],[-90.88543599959887,46.60253699977058],[-90.885654999882,46.59304999998021],[-90.90731500014624,46.58864600014537],[-90.90716600018334,46.583043000074866],[-90.92705700026085,46.58541499979616],[-90.92731300035389,46.56028399989459],[-90.91690499999615,46.55863799983464],[-90.92726099957704,46.54931899983232],[-90.92919499962022,46.536209000185515]]]},"properties":{"NAME":"Ashland city","LSADC":"25"}},{"type":"Feature","geometry":{"type":"Polygon","coordinates":[[[-89.28822499968345,43.179380999867874],[-89.2748379998923,43.17586700019287],[-89.27505200015253,43.16916699978421],[-89.28528499970977,43.16810899979135],[-89.27515300043488,43.16505900017051],[-89.27554000004918,43.15086999982952],[-89.24949799986267,43.158177000218885],[-89.2368709999547,43.152928000282834],[-89.22691799988164,43.158450000303546],[-89.2292939997907,43.17179500011178],[-89.22693499960008,43.16571500014963],[-89.19709800002047,43.170739999746594],[-89.19676099973658,43.180665999676876],[-89.18618199967462,43.18074800023221],[-89.18118999965702,43.1917690000526],[-89.20238499959086,43.19517099990209],[-89.1882560003582,43.198783999795985],[-89.181273000396,43.21055799991666],[-89.21097500025638,43.20984099986035],[-89.21007100043316,43.20320800025981],[-89.22588699983679,43.20963799996075],[-89.22575299994249,43.202375999874626],[-89.2500850003918,43.20957299993715],[-89.26381799978937,43.20229600003296],[-89.2644820003114,43.18692199975141],[-89.28496699969246,43.19249400022413],[-89.28822499968345,43.179380999867874]],[[-89.26521799990515,43.16542699993957],[-89.25800300013937,43.16903799972262],[-89.26521799990515,43.16542699993957]],[[-89.25387499976205,43.172602000057196],[-89.249451000007,43.17527300004124],[-89.25387499976205,43.172602000057196]],[[-89.24256500012919,43.16334200007551],[-89.24256500012919,43.16334200007551]]]},"properties":{"NAME":"Sun Prairie city","LSADC":"25"}},{"type":"Feature","geometry":{"type":"MultiPolygon","coordinates":[[[[-88.53457099981203,44.22874900020437],[-88.5243959999811,44.22613500017761],[-88.52383299974139,44.19984599998623],[-88.51868500008818,44.19956399999452],[-88.52306700001044,44.19259600031362],[-88.51607599965232,44.18530499990626],[-88.50690199972901,44.19018199971623],[-88.51526399989059,44.192561999939365],[-88.51530099970051,44.1998229996858],[-88.47449800044465,44.192699999934675],[-88.46733200018436,44.2144089996928],[-88.44441099972148,44.21617299996133],[-88.44566699989723,44.237776000235236],[-88.42399900013537,44.23629899990434],[-88.41776900038367,44.24403700011244],[-88.52479099999131,44.24402799969815],[-88.5244789998218,44.2289089999956],[-88.53457099981203,44.22874900020437]],[[-88.44612499965663,44.21644700002688],[-88.44612499965663,44.21644700002688]],[[-88.44679500002647,44.2168980000089],[-88.44679500002647,44.2168980000089]]],[[[-88.41767700032217,44.20797099975371],[-88.41445100011825,44.19375500020271],[-88.40453700040322,44.193698999995235],[-88.404359000128,44.21022000007286],[-88.41767700032217,44.20797099975371]]],[[[-88.41566799993593,44.216570000130446],[-88.40781700013552,44.21695700028783],[-88.40762899981453,44.22288999988455],[-88.40418400022581,44.21848700032011],[-88.40392599958463,44.23484900014474],[-88.41402099994795,44.23054300009308],[-88.41566799993593,44.216570000130446]]],[[[-88.43932300034272,44.22104299984244],[-88.43242999989391,44.21536899978324],[-88.42891099978704,44.22740800032044],[-88.43684100012847,44.22991599985078],[-88.43932300034272,44.22104299984244]]],[[[-88.41446700001177,44.24357699969679],[-88.4140829998722,44.23613500017355],[-88.40420099994424,44.240477999823156],[-88.41446700001177,44.24357699969679]]],[[[-88.42424400035775,44.21284600025446],[-88.40434200040956,44.21108000020377],[-88.42424400035775,44.21284600025446]]],[[[-88.42061700029583,44.23682699985748],[-88.41799899963914,44.24004900021297],[-88.42061700029583,44.23682699985748]]],[[[-88.42399699958723,44.23477099977353],[-88.41657599995713,44.23304600004348],[-88.42399699958723,44.23477099977353]]],[[[-88.42742500035583,44.22679099968436],[-88.42289799977033,44.227547000128254],[-88.42742500035583,44.22679099968436]]],[[[-88.42040600040862,44.23299400014522],[-88.42040600040862,44.23299400014522]]],[[[-88.42399300028758,44.23276500025711],[-88.42399300028758,44.23276500025711]]],[[[-88.42398700043981,44.22866900014564],[-88.42398700043981,44.22866900014564]]],[[[-88.41920299993633,44.2287649999456],[-88.41920299993633,44.2287649999456]]],[[[-88.41851199965012,44.22903300011401],[-88.41851199965012,44.22903300011401]]]]},"properties":{"NAME":"Fox Crossing village","LSADC":"47"}},{"type":"Feature","geometry":{"type":"MultiPolygon","coordinates":[[[[-88.14077399995503,44.40693599990893],[-88.12173700037033,44.396308000197145],[-88.0902019998508,44.418458999798354],[-88.09242499959898,44.41212899968681],[-88.0846039999358,44.40843699995181],[-88.09717200029252,44.4051160002202],[-88.07600300029792,44.401103999745025],[-88.0671230001025,44.415773000132525],[-88.0689330002971,44.408335000220006],[-88.06048900011977,44.40471699970602],[-88.05278300008429,44.41505899992316],[-88.04221099969503,44.411343999994216],[-88.03752900019714,44.4209469998501],[-88.0598720003517,44.41567200005175],[-88.05708600036384,44.43089099985154],[-88.0342390004191,44.42814699994919],[-88.0468260001441,44.439531999888935],[-88.01691900024429,44.43749499972579],[-88.01361900042052,44.44270600010464],[-88.05090599994253,44.463123000296356],[-88.07095600002873,44.466095000103586],[-88.07899900034806,44.45718099997146],[-88.09512500027142,44.45485599972959],[-88.09083399968748,44.4509040002727],[-88.0987699998767,44.439342999880495],[-88.14077399995503,44.40693599990893]],[[-88.08904100010962,44.41679999987264],[-88.06899600004628,44.437360000023666],[-88.06260100043816,44.43305099984788],[-88.07201999968555,44.42438300013174],[-88.06754499987686,44.42049799992225],[-88.08904100010962,44.41679999987264]]],[[[-88.06478400000336,44.39393300014305],[-88.05972000001573,44.39744699994999],[-88.06478400000336,44.39393300014305]]]]},"properties":{"NAME":"De Pere city","LSADC":"25"}},{"type":"Feature","geometry":{"type":"MultiPolygon","coordinates":[[[[-92.58484000020925,45.12976299970784],[-92.58471999966035,45.122704000264044],[-92.56059700034669,45.12992599992606],[-92.57895299969091,45.12264500022319],[-92.57886999985024,45.11519499977802],[-92.55823700033118,45.115221999966835],[-92.56834900041291,45.109331999776266],[-92.56574300035011,45.09444700005591],[-92.55298699967238,45.09662800023945],[-92.55295300023553,45.089952000316735],[-92.54326799995106,45.089922999934956],[-92.53752400044618,45.09756899970775],[-92.52599999965477,45.09711900007789],[-92.52214099978926,45.08994600008589],[-92.52224299989652,45.10050500013773],[-92.51701300022754,45.10071300017434],[-92.52227200020883,45.105469000248696],[-92.50513899963177,45.10482500018605],[-92.50712399972856,45.111481999688365],[-92.51867899958378,45.111634000213705],[-92.51631600009352,45.11880099988475],[-92.50714299999514,45.11936800020044],[-92.52853499957249,45.1263020000531],[-92.5125960001452,45.12990799979264],[-92.51247399994647,45.12358000009556],[-92.4970440003322,45.12267999979282],[-92.49726899956478,45.12987900005867],[-92.49211500006379,45.12984700007287],[-92.48956500007746,45.12261499975999],[-92.48302200033132,45.12263300029333],[-92.48052699969828,45.129848000151945],[-92.48060299986625,45.12260599980811],[-92.47124599964485,45.12260999999817],[-92.46654999990324,45.12970500007769],[-92.47698000000229,45.137140000044774],[-92.50756099957157,45.13264900002561],[-92.50761400017333,45.13716100028291],[-92.52862900018212,45.14066399980474],[-92.53387999976749,45.15321400021006],[-92.52880900010717,45.15608800029571],[-92.54927900031794,45.162394999714024],[-92.5543390001076,45.155126000302815],[-92.54056499980386,45.14434499968368],[-92.55037700030994,45.14438600008972],[-92.54916899981477,45.151604999690264],[-92.5543309997117,45.15158700006457],[-92.56957799992617,45.14056099970052],[-92.56718399957546,45.151509999841835],[-92.57991000011592,45.151361999829255],[-92.5796909998328,45.12986899990659],[-92.58484000020925,45.12976299970784]],[[-92.5344439998321,45.14069099997969],[-92.5344439998321,45.14069099997969]],[[-92.51993399993461,45.122559000247655],[-92.51993399993461,45.122559000247655]],[[-92.5597729999911,45.12319800016742],[-92.5597729999911,45.12319800016742]],[[-92.53124799976543,45.14116200019998],[-92.53124799976543,45.14116200019998]],[[-92.55922700036814,45.10972699988534],[-92.55922700036814,45.10972699988534]],[[-92.5314019997512,45.13863100026949],[-92.5314019997512,45.13863100026949]],[[-92.52865400029648,45.13720599995247],[-92.52865400029648,45.13720599995247]],[[-92.5715100003195,45.11880200015748],[-92.5715100003195,45.11880200015748]],[[-92.57183300035969,45.12269299991726],[-92.57183300035969,45.12269299991726]],[[-92.55454699962176,45.11965699997998],[-92.55454699962176,45.11965699997998]],[[-92.51726900032058,45.10874399999492],[-92.51726900032058,45.10874399999492]],[[-92.56863800011793,45.119383999965486],[-92.56863800011793,45.119383999965486]],[[-92.52731199990701,45.137114999992555],[-92.52266999969376,45.13348699993498],[-92.52731199990701,45.137114999992555]],[[-92.56472700037386,45.11815399979103],[-92.55298900022053,45.12270300005976],[-92.56472700037386,45.11815399979103]],[[-92.55979700028054,45.11154599995889],[-92.542835000306,45.115207999706186],[-92.54916899981477,45.1079850003138],[-92.55979700028054,45.11154599995889]],[[-92.5594280002096,45.13714599975151],[-92.55941700033895,45.14424000024022],[-92.55433200043491,45.144321999906644],[-92.54719499958863,45.13512800005275],[-92.5594280002096,45.13714599975151]]],[[[-92.5913779999325,45.12540600022155],[-92.5913779999325,45.12540600022155]]]]},"properties":{"NAME":"New Richmond city","LSADC":"25"}},{"type":"Feature","geometry":{"type":"Polygon","coordinates":[[[-88.14987900028136,44.501328999990896],[-88.12969699995068,44.49359299992349],[-88.12971399966912,44.48862999992484],[-88.10659800011089,44.48553499982695],[-88.10951700016817,44.47419300025185],[-88.12658299989977,44.474191000309006],[-88.11759599957419,44.46734800031646],[-88.12670300044867,44.468908999936815],[-88.12984000006581,44.4597169998462],[-88.1215370003538,44.45967599981147],[-88.13288200014672,44.445399999951796],[-88.10947500033537,44.44518200021898],[-88.07095600002873,44.466095000103586],[-88.05777099990394,44.46212400008779],[-88.034352000397,44.485310000210745],[-88.04532300009613,44.492674999921434],[-88.03768400000783,44.492471000165814],[-88.0416519996533,44.4963559998999],[-88.08365800027977,44.51093599993203],[-88.10047299994119,44.501811000307285],[-88.12747199965438,44.50808500015965],[-88.1185959996569,44.50146100002713],[-88.1297120000193,44.495838999880206],[-88.14987900028136,44.501328999990896]]]},"properties":{"NAME":"Ashwaubenon village","LSADC":"47"}},{"type":"Feature","geometry":{"type":"Polygon","coordinates":[[[-88.540032000358,43.081565000248624],[-88.52066099996414,43.08461800020571],[-88.5205660004279,43.07740299978978],[-88.5056120001164,43.07711600021999],[-88.50561399976621,43.084751999948104],[-88.48082600010565,43.08149999971683],[-88.4816040004305,43.05767900029036],[-88.47162799989289,43.05750099994449],[-88.4713400000128,43.069346000032745],[-88.4472419999152,43.0625479999501],[-88.45208900016786,43.0835259999268],[-88.47074499998605,43.09112899982153],[-88.47732100024244,43.10496400030102],[-88.4838020000643,43.10638000013268],[-88.48078099989979,43.11595000028007],[-88.48554000028889,43.11429199993118],[-88.48058699973103,43.12495000032367],[-88.472684999877,43.11851000028092],[-88.46121500041059,43.12101400015739],[-88.46064499959986,43.1426829996738],[-88.47540399991772,43.14132600002677],[-88.47884900040475,43.128529999767984],[-88.48028399978233,43.13762100007357],[-88.49957300016041,43.13110999970957],[-88.49585900005987,43.121541000165344],[-88.53926800027685,43.12207199986836],[-88.5225029999458,43.11461599967221],[-88.53046099987634,43.11413899978511],[-88.52422399955366,43.10741599968631],[-88.53961899990614,43.10760500031935],[-88.540032000358,43.081565000248624]],[[-88.48439999956578,43.106952000175255],[-88.48439999956578,43.106952000175255]],[[-88.47339200005675,43.1212329998273],[-88.47339200005675,43.1212329998273]]]},"properties":{"NAME":"Oconomowoc city","LSADC":"25"}},{"type":"Feature","geometry":{"type":"Polygon","coordinates":[[[-91.7388300002633,46.50306799994848],[-91.73842699985717,46.48861299978452],[-91.71777099987358,46.489136000165104],[-91.716104999619,46.474694000053915],[-91.67549800018173,46.4745110001995],[-91.67623299995057,46.502785000106584],[-91.65831799974899,46.502759000036264],[-91.65825900019777,46.531672999989965],[-91.67903599965688,46.53170699981946],[-91.67905499992347,46.54619099994635],[-91.73155900042103,46.546276000233895],[-91.73178100017887,46.50302300012455],[-91.7388300002633,46.50306799994848]]]},"properties":{"NAME":"Lake Nebagamon village","LSADC":"47"}},{"type":"Feature","geometry":{"type":"Polygon","coordinates":[[[-88.76860700028548,43.212260000046214],[-88.76702100039685,43.19770899981557],[-88.75398699988482,43.19507900011492],[-88.7678349998084,43.194928999822835],[-88.76444399974804,43.17908700013058],[-88.75444600036745,43.16851899995204],[-88.73363499967485,43.16748799970672],[-88.73451799958167,43.14761900001477],[-88.72934599963902,43.15548299986854],[-88.71966899975045,43.15220799986997],[-88.7190169998223,43.16311599991003],[-88.69441800030762,43.16584700022894],[-88.69393200006078,43.180136000093704],[-88.68891800030188,43.181721000188325],[-88.69382199955764,43.18300100006207],[-88.69404800041174,43.212216000106245],[-88.72860199964934,43.216359999781126],[-88.72401100038805,43.23357500021573],[-88.73178600002048,43.23369200010098],[-88.73579100037416,43.21206399989079],[-88.76860700028548,43.212260000046214]]]},"properties":{"NAME":"Watertown city","LSADC":"25"}},{"type":"Feature","geometry":{"type":"Polygon","coordinates":[[[-91.82554200039205,46.56534099991647],[-91.82560199976821,46.5612339999724],[-91.74207599966039,46.56091299972822],[-91.74174900032057,46.604210000222665],[-91.82539400025405,46.604455000168805],[-91.82554200039205,46.56534099991647]]]},"properties":{"NAME":"Poplar village","LSADC":"47"}},{"type":"Feature","geometry":{"type":"MultiPolygon","coordinates":[[[[-88.24648400020874,43.43070100010545],[-88.24089299996642,43.423844000059674],[-88.2260430003103,43.42371299986009],[-88.22471199979148,43.4127920000503],[-88.20629299979976,43.41233000021971],[-88.20094099993204,43.397972000308314],[-88.21091999994437,43.3980919998801],[-88.21083700010371,43.39081599990991],[-88.20088200038082,43.39069699971755],[-88.20081200006061,43.38341399968623],[-88.18769399988298,43.38892300002002],[-88.18080999965501,43.38681700027168],[-88.1807030004232,43.379556999757035],[-88.16372499965682,43.383177999789424],[-88.16977299983363,43.36868200022802],[-88.16408899970487,43.37410500031157],[-88.16151899962709,43.36863500030521],[-88.15007799957468,43.36855200001913],[-88.15018100040514,43.37949499972996],[-88.16085599982826,43.3777099999979],[-88.16093000034643,43.38679499972385],[-88.15030199988065,43.386761000048416],[-88.16094500041504,43.38873500018866],[-88.16102800025573,43.39767299997704],[-88.15550499978546,43.39774899982563],[-88.15597000011587,43.403799000163225],[-88.16106000004278,43.40039999981522],[-88.16122700044734,43.41136099981803],[-88.15082800031044,43.40855800009723],[-88.15593099975783,43.412208000034965],[-88.14463399964545,43.41344399979213],[-88.14988500012913,43.42888099997312],[-88.1463629996492,43.420350999810225],[-88.13382500032803,43.41545100016797],[-88.12972100024014,43.41995799982762],[-88.13078499989695,43.40480200017007],[-88.12580299992507,43.4047479999439],[-88.12675500032721,43.419307000011614],[-88.11686900020129,43.41479899984796],[-88.1212229996361,43.416407000298335],[-88.11876100041167,43.4263209998078],[-88.16151899962709,43.43765699993908],[-88.16664399971408,43.44852899987929],[-88.17654499990861,43.44585100031489],[-88.17166000002113,43.45401200007902],[-88.17758000015141,43.45518599975909],[-88.1864979999817,43.44720700008343],[-88.19154199987784,43.452306999893295],[-88.20145599959284,43.44885199996296],[-88.21126100042623,43.438031000117036],[-88.20846399966939,43.455530000215724],[-88.21645699976001,43.45267700001673],[-88.21678900002104,43.44318800017629],[-88.22631299974871,43.44189399984037],[-88.21398999961437,43.43447499997844],[-88.22611000025745,43.430971999935586],[-88.22852399980133,43.44183900019028],[-88.23617700013334,43.429257999876704],[-88.24648400020874,43.43070100010545]],[[-88.20224300013852,43.406233999867084],[-88.20224300013852,43.406233999867084]],[[-88.23015999991865,43.42809700013364],[-88.23015999991865,43.42809700013364]],[[-88.15513099969165,43.4343070001802],[-88.15513099969165,43.4343070001802]],[[-88.16137800006008,43.42492599974324],[-88.15114899980249,43.42673099996225],[-88.15104800041847,43.41876600000598],[-88.16137800006008,43.42492599974324]]],[[[-88.11628300039537,43.42629799975821],[-88.111197999593,43.42996800007009],[-88.11628300039537,43.42629799975821]]]]},"properties":{"NAME":"West Bend city","LSADC":"25"}},{"type":"Feature","geometry":{"type":"MultiPolygon","coordinates":[[[[-87.76510599966153,43.75810099999772],[-87.76218199958139,43.748941999892885],[-87.7546770002857,43.75581199973767],[-87.75771400034374,43.74650300000596],[-87.74477500026626,43.74327200004895],[-87.75807400019386,43.74354400010928],[-87.75734799974754,43.73567799973149],[-87.74299699985869,43.73992099988421],[-87.7498829997365,43.73204100005595],[-87.73984400034801,43.728565000205684],[-87.75547800017677,43.72466300019298],[-87.74986099999519,43.73111199988494],[-87.75814299979082,43.7310470000365],[-87.76427399980831,43.70296700029577],[-87.75471200044579,43.69472399970809],[-87.75975700016686,43.68286000015382],[-87.75376699971636,43.682673000244876],[-87.74979999989583,43.6917439997283],[-87.74040400021467,43.69138799971788],[-87.72081500026094,43.68726300029851],[-87.7205170003351,43.67049700021739],[-87.7082469999042,43.676192999701165],[-87.70287900014296,43.68703500013466],[-87.7281349996087,43.69102699995968],[-87.73034800020943,43.70928700016056],[-87.72052400000779,43.705482999803614],[-87.72782099978933,43.701224999854766],[-87.71697300011385,43.69770099975389],[-87.71476899973393,43.70613399980542],[-87.71059699987399,43.70173599979402],[-87.71453899958017,43.71689999994907],[-87.70396399971615,43.712168999751256],[-87.70990300011302,43.73541800026503],[-87.70408000006712,43.746803999734404],[-87.69473899973923,43.74857600024367],[-87.70286400007434,43.74858200021345],[-87.70236500030705,43.75300800025807],[-87.69257799991534,43.749476000015164],[-87.70301600041032,43.756148999835645],[-87.6958130003401,43.7655920000605],[-87.71897300027925,43.78772300023766],[-87.7315209996462,43.784276000174735],[-87.72426400004763,43.77895900006496],[-87.7302829999121,43.7771449998158],[-87.73380500039202,43.78478599987436],[-87.71983799974443,43.789745000064784],[-87.74146799987149,43.78867599990225],[-87.74514099996415,43.793797999702875],[-87.74024900040398,43.797504999801255],[-87.75022000002038,43.79733299972745],[-87.7473970002226,43.786102000228425],[-87.7359000000937,43.78459900018704],[-87.74978800020024,43.78277499976534],[-87.75121799955495,43.77190399981446],[-87.75779399981135,43.78511599995558],[-87.75963300031829,43.77311300000918],[-87.75444299993399,43.771869000000656],[-87.76070399964779,43.77052000026097],[-87.75462799988189,43.76735600019377],[-87.754627000057,43.75653600024084],[-87.76510599966153,43.75810099999772]],[[-87.7481930000908,43.74969099986504],[-87.7481930000908,43.74969099986504]],[[-87.74039300034401,43.69271200025245],[-87.74039300034401,43.69271200025245]],[[-87.74040500003956,43.69522899972704],[-87.74040500003956,43.69522899972704]],[[-87.7411959998849,43.69572699974297],[-87.7411959998849,43.69572699974297]],[[-87.74164399959858,43.71032600018916],[-87.74164399959858,43.71032600018916]],[[-87.74843400011522,43.69486099995868],[-87.74843400011522,43.69486099995868]],[[-87.74698899979359,43.70052400021118],[-87.74698899979359,43.70052400021118]],[[-87.75035300008977,43.77234100017618],[-87.7445380004398,43.77314400010861],[-87.75035300008977,43.77234100017618]],[[-87.7487219999953,43.74672000020393],[-87.7440530000179,43.752761999730374],[-87.7487219999953,43.74672000020393]],[[-87.72356199989073,43.70803000027625],[-87.7185110003219,43.70616099997004],[-87.72356199989073,43.70803000027625]],[[-87.74798399985342,43.69589800017178],[-87.74798399985342,43.69589800017178]],[[-87.74188799999605,43.740311999969286],[-87.73738800007301,43.74283300002178],[-87.74188799999605,43.740311999969286]],[[-87.7403980003669,43.702834000170135],[-87.73541300002198,43.70435399988671],[-87.7403980003669,43.702834000170135]],[[-87.7412169998013,43.71394100000931],[-87.73763900014319,43.71944899991261],[-87.73013099957613,43.71775800000237],[-87.7412169998013,43.71394100000931]],[[-87.74210700027915,43.7092780001435],[-87.73171700036308,43.7056640003072],[-87.74210700027915,43.7092780001435]],[[-87.74118599983916,43.69823400005621],[-87.73051999973856,43.70204400004679],[-87.74118599983916,43.69823400005621]]],[[[-87.7196379997279,43.694557999767326],[-87.7196379997279,43.694557999767326]]],[[[-87.7583949996859,43.74981899994916],[-87.7583949996859,43.74981899994916]]],[[[-87.73458399964349,43.719343999903764],[-87.73458399964349,43.719343999903764]]],[[[-87.72430199968244,43.70382200018108],[-87.72430199968244,43.70382200018108]]]]},"properties":{"NAME":"Sheboygan city","LSADC":"25"}},{"type":"Feature","geometry":{"type":"MultiPolygon","coordinates":[[[[-87.87511099979884,42.71213299977648],[-87.87505600044558,42.7035709998863],[-87.83415899968175,42.69685299994416],[-87.84392900035503,42.693515999749756],[-87.84182999955712,42.68595900025691],[-87.83649399958293,42.69289399977904],[-87.83084200013955,42.6894490000317],[-87.82708500038129,42.69581100007643],[-87.81574100041325,42.69507599980036],[-87.81657099971834,42.68486699981348],[-87.82515999966063,42.677959000214436],[-87.80616099971077,42.68243199991254],[-87.80003100041651,42.6932350003147],[-87.80611100038037,42.689650000112664],[-87.81114100003282,42.69694999982671],[-87.7962920002016,42.69702799984694],[-87.79476599968912,42.704297000273804],[-87.78506600023435,42.700222000116185],[-87.77808200044726,42.71890900031315],[-87.7779240002635,42.762636000041056],[-87.78708800014105,42.76461000020705],[-87.77325199991304,42.76992600025259],[-87.79321699961041,42.77359700032733],[-87.80411799988765,42.766499000127055],[-87.82167800026198,42.76629199968175],[-87.82175899955452,42.755393000246606],[-87.81296799994585,42.74985500007531],[-87.83363700034826,42.75703000025749],[-87.81645299971755,42.745646999879206],[-87.82128900009955,42.73827800002845],[-87.81622199973889,42.7295949997336],[-87.82852899997968,42.74040500031747],[-87.82943899965072,42.72862099983548],[-87.83525199965088,42.735699000051994],[-87.84183299993016,42.728445000187065],[-87.83874599964342,42.72439999981309],[-87.84578300003227,42.72521499983572],[-87.84177100000589,42.71664500031002],[-87.84827399956903,42.71373299976455],[-87.84188800018174,42.71150400019041],[-87.84907199998538,42.711744999829165],[-87.84860300035534,42.706550999792576],[-87.87511099979884,42.71213299977648]],[[-87.83385599973305,42.695919999918345],[-87.83385599973305,42.695919999918345]]],[[[-87.8655479997131,42.78116599992319],[-87.86085799981929,42.779206999935695],[-87.8655479997131,42.78116599992319]]],[[[-87.86563300010192,42.77744800026773],[-87.85602499981033,42.757714000297575],[-87.85594500034271,42.77008800030228],[-87.84613200001172,42.771724000129865],[-87.84595899975936,42.77714099973455],[-87.86563300010192,42.77744800026773]]]]},"properties":{"NAME":"Racine city","LSADC":"25"}},{"type":"Feature","geometry":{"type":"Polygon","coordinates":[[[-89.8720410002497,44.40249800004493],[-89.86486900014161,44.39768499991449],[-89.86484999987503,44.36569499998148],[-89.83742799966424,44.373137999870636],[-89.83232400039196,44.37080300004154],[-89.83372699998247,44.360949999703955],[-89.8238590002982,44.362285999874345],[-89.8187629996252,44.3573310002385],[-89.8245060002035,44.351449999681584],[-89.81680400036599,44.34880800012296],[-89.8119179997553,44.35614900007692],[-89.8170510002382,44.361743000255764],[-89.80688800010284,44.361261000065795],[-89.81077899975541,44.35506300023838],[-89.80180300019883,44.35160699980074],[-89.79690400006764,44.35236099970894],[-89.80019100037093,44.35779099983358],[-89.79149100010056,44.35864100013946],[-89.80690200034657,44.36226100021768],[-89.79931599996169,44.365823000164106],[-89.80681299975979,44.36949299980565],[-89.7917339997748,44.374095000297274],[-89.79179999989704,44.37977000017617],[-89.80136299998279,44.38210899984839],[-89.78686099958288,44.38463100006995],[-89.79564799989188,44.39169800004928],[-89.78179599977034,44.3946769997719],[-89.7856449995901,44.403525999834685],[-89.75120099995738,44.402102000053716],[-89.75110200022317,44.39489900000817],[-89.74591799968663,44.39494700024344],[-89.74613000029704,44.405748999732374],[-89.76651000009612,44.40815700001027],[-89.79183199968408,44.40199100022676],[-89.79836899958244,44.40918400002181],[-89.81883299994543,44.406210999967364],[-89.81200399996902,44.41938299986355],[-89.80243900023346,44.423560999831814],[-89.82234600020452,44.42717900030958],[-89.86521700029616,44.42358099992009],[-89.86496000037822,44.41023599969024],[-89.8720410002497,44.40249800004493]],[[-89.79877500036162,44.39214099972207],[-89.79877500036162,44.39214099972207]],[[-89.8019200003747,44.3936589998619],[-89.8019200003747,44.3936589998619]],[[-89.79954699994038,44.38912599989745],[-89.79954699994038,44.38912599989745]]]},"properties":{"NAME":"Wisconsin Rapids city","LSADC":"25"}},{"type":"Feature","geometry":{"type":"Polygon","coordinates":[[[-88.02007699977784,44.45260799992969],[-88.01215700038045,44.44683299985861],[-88.01677399958102,44.44505100027946],[-87.99400199997937,44.43463599996045],[-87.9863369999518,44.434491999978114],[-87.97926699995098,44.44494099971172],[-87.92776500008424,44.44417600006189],[-87.92768999974118,44.43820100024723],[-87.91810400008922,44.43689299972232],[-87.92491499962395,44.44415400027674],[-87.88711799956569,44.443853000080814],[-87.887182999863,44.472937000209185],[-87.96306499985964,44.471308999906185],[-87.9739329996266,44.48067999969968],[-87.96959000006242,44.47709500024942],[-87.9854220002579,44.47951000021884],[-87.98284999963197,44.473524000159486],[-87.99706300032686,44.48903900031691],[-88.00758200011435,44.484403000260805],[-88.00278300044062,44.47902599974394],[-88.01327700011376,44.47062600027471],[-88.00788900026103,44.46497899984227],[-88.02007699977784,44.45260799992969]]]},"properties":{"NAME":"Bellevue village","LSADC":"47"}},{"type":"Feature","geometry":{"type":"MultiPolygon","coordinates":[[[[-91.49886100013909,44.87496000008818],[-91.4419630000237,44.87648400014295],[-91.45161399997298,44.86476899997705],[-91.44301400016003,44.86759699970326],[-91.43745999972764,44.85740300011026],[-91.4271719999188,44.85434799997604],[-91.40696100017412,44.8572679998867],[-91.40752600006365,44.879002000036905],[-91.38849199995369,44.87915699977115],[-91.38884000010823,44.90087499997994],[-91.34783899958734,44.90073800000198],[-91.34755999992808,44.92254800009251],[-91.36801500007023,44.9202320000035],[-91.38079000011619,44.910564000021935],[-91.42167199991307,44.91518999969947],[-91.4178309995909,44.90798799975584],[-91.42760799993691,44.90794099995422],[-91.43054200006276,44.91510399991365],[-91.44825499969967,44.91530099978755],[-91.44828099963892,44.92294900010438],[-91.45499099978964,44.922529000254094],[-91.45935000014566,44.90935799976031],[-91.45488299983461,44.88354800017303],[-91.48580700043385,44.88563699973804],[-91.49886100013909,44.87496000008818]]],[[[-91.3836210003099,44.91213299977037],[-91.3836210003099,44.91213299977037]]]]},"properties":{"NAME":"Lake Hallie village","LSADC":"47"}},{"type":"Feature","geometry":{"type":"MultiPolygon","coordinates":[[[[-88.30684199998146,42.929992999833544],[-88.18880399957054,42.9302090000518],[-88.18676900014333,43.00417199969083],[-88.1968050000571,43.00319699996696],[-88.18710899990197,42.997002999928625],[-88.20067099959529,42.997090000253124],[-88.18710800007706,42.99693499981576],[-88.18742100007151,42.98837299997446],[-88.20066399992261,42.994193000015386],[-88.18961000038279,42.984896999951935],[-88.19959600006784,42.984142000319885],[-88.19768200011615,42.973833000236056],[-88.21250199963504,42.97685299996364],[-88.2058669998274,42.986247999903405],[-88.21234299962639,42.981256999834066],[-88.21202799998211,42.98883199981508],[-88.21708600012197,42.98896399970589],[-88.21485099977993,42.98111600029007],[-88.2326610003995,42.97270799976604],[-88.24789000017232,42.95466399967511],[-88.24984099993392,42.98094400012421],[-88.24786900025592,42.96769999970493],[-88.27886400010198,42.96562700027669],[-88.27603600028131,42.95936199994194],[-88.2652089996239,42.95928300029042],[-88.2651240001334,42.952723999685205],[-88.27939100035665,42.951880999738705],[-88.27695900037111,42.95580500003097],[-88.28760200000717,42.953671999783396],[-88.29535999992116,42.9614150000797],[-88.28768300019803,42.96197300014376],[-88.28284299961807,42.97004699970278],[-88.28738799974694,42.97381699975201],[-88.27332999976105,42.97380000021902],[-88.28222599985001,42.981134000012155],[-88.27765099958393,42.98473499969287],[-88.26631099981385,42.981059999952656],[-88.26496500012473,42.98838000017239],[-88.28709900004193,42.98514400023918],[-88.26676899957324,42.998191000309276],[-88.27398099986429,43.003002999757555],[-88.27424700000307,42.99513400029963],[-88.30156200008376,42.99278699978927],[-88.30129599994498,42.99918900006171],[-88.28095999962854,43.00018600009913],[-88.28604500043086,43.01041199987638],[-88.30498300028137,43.01006599992011],[-88.30684199998146,42.929992999833544]],[[-88.28792599987227,42.94137600029178],[-88.27813799965564,42.94002100002699],[-88.28792599987227,42.94137600029178]]],[[[-88.20076600002986,43.01573100030846],[-88.19973400016009,43.0095010003027],[-88.18670200019619,43.00581499982013],[-88.18624600008661,43.017294999953066],[-88.20076600002986,43.01573100030846]]],[[[-88.20374700001139,43.01574499972518],[-88.20374700001139,43.01574499972518]]],[[[-88.21187999984411,42.9996369999522],[-88.19984299994003,42.99984599997008],[-88.1967079999727,43.006256999707375],[-88.20805500031379,43.00596099969767],[-88.20413699999874,43.003097999845245],[-88.21187999984411,42.9996369999522]]],[[[-88.22394900043356,42.98318300019861],[-88.22394900043356,42.98318300019861]]],[[[-88.22396899962672,42.984519000216764],[-88.22396899962672,42.984519000216764]]],[[[-88.24977900000962,42.983521000115395],[-88.23948199997997,42.98509800006934],[-88.23786099993126,42.990854000118624],[-88.24977900000962,42.983521000115395]]],[[[-88.2588869998107,43.00501399990628],[-88.25304500039654,43.00361500003612],[-88.2588869998107,43.00501399990628]]],[[[-88.26473900016893,42.99381899975874],[-88.25368100043117,42.99555200003386],[-88.26473900016893,42.99381899975874]]]]},"properties":{"NAME":"Waukesha village","LSADC":"47"}},{"type":"Feature","geometry":{"type":"Polygon","coordinates":[[[-88.54137899987204,43.02395200015127],[-88.54157899988856,43.01938699976669],[-88.50235099975237,43.018646999927235],[-88.50203699993301,43.026078000086926],[-88.49712699993117,43.026005999970344],[-88.49737200015355,43.018595000125025],[-88.48101699990134,43.018440999719914],[-88.48235699974268,43.02631600019976],[-88.47364099957876,43.019842000033016],[-88.47190900010028,43.03295599975902],[-88.45234500026089,43.03640100010873],[-88.46227099967146,43.03282299977036],[-88.46244899994672,43.02245000012004],[-88.42277499974666,43.01811999983029],[-88.42242800031536,43.076027000105746],[-88.43136000038932,43.07933900000481],[-88.42194299989346,43.09770299985559],[-88.4348159998487,43.09746299992501],[-88.4416440000002,43.08338000016991],[-88.45208900016786,43.0835259999268],[-88.4472419999152,43.0625479999501],[-88.4713400000128,43.069346000032745],[-88.47162799989289,43.05750099994449],[-88.4816040004305,43.05767900029036],[-88.48082600010565,43.08149999971683],[-88.54004099968051,43.08054100011864],[-88.54137899987204,43.02395200015127]],[[-88.48432199974798,43.02259200028525],[-88.48432199974798,43.02259200028525]]]},"properties":{"NAME":"Summit village","LSADC":"47"}},{"type":"Feature","geometry":{"type":"Polygon","coordinates":[[[-89.60922099998278,44.89468400021139],[-89.58257299989887,44.89105799987154],[-89.59295100011938,44.887433999767936],[-89.59232699978031,44.85846199995479],[-89.49074999992682,44.85841699989402],[-89.49088399982111,44.90396200003961],[-89.49436199992013,44.89830999974046],[-89.52361799971668,44.91146100016039],[-89.53171499956437,44.90742300008208],[-89.53148500030892,44.92028899987061],[-89.5369259998651,44.92387299990708],[-89.53216599965108,44.9275090002754],[-89.54259300027542,44.93106899998317],[-89.59318799994585,44.930824000201845],[-89.58767399969642,44.92379199974221],[-89.59260999963753,44.91285400018997],[-89.60874499978172,44.90898299981679],[-89.60922099998278,44.89468400021139]],[[-89.5417539998512,44.92030200023409],[-89.5417539998512,44.92030200023409]]]},"properties":{"NAME":"Weston village","LSADC":"47"}},{"type":"Feature","geometry":{"type":"MultiPolygon","coordinates":[[[[-91.27673799972112,43.82966499975505],[-91.25364800010216,43.78338000006692],[-91.23437100031796,43.783342000296784],[-91.22983000038705,43.768888000116526],[-91.20960399967547,43.7687959999447],[-91.20921000038847,43.76449799972176],[-91.21867700021474,43.76514299983072],[-91.20524799969249,43.74713499982716],[-91.18816500024245,43.74610499986516],[-91.1851270003595,43.754438999816266],[-91.180383000039,43.7502920001717],[-91.1850140003816,43.74879500004742],[-91.17726999981299,43.747150000111496],[-91.17980499973068,43.76344399974416],[-91.18731199957452,43.758245000194584],[-91.19102200037543,43.76485999976914],[-91.19839299977681,43.76164100002019],[-91.18850099980311,43.75882599987952],[-91.19032000021856,43.74719100022059],[-91.19503500022672,43.750044000219354],[-91.19063300021301,43.75728099985885],[-91.20017700003216,43.75206499988148],[-91.1995889996781,43.76835900027762],[-91.20477200038974,43.77232800021298],[-91.19452399986557,43.76891099997516],[-91.19435999983402,43.77525500024994],[-91.20135899968973,43.77881099988175],[-91.19936500027043,43.788625999919155],[-91.2092470001984,43.787932000218845],[-91.20234500042706,43.7914860001996],[-91.21432000040686,43.805948000286485],[-91.19911500002517,43.81180099991542],[-91.19519099986233,43.810020000266555],[-91.20099299999185,43.805258999892374],[-91.19444500022284,43.80522800023735],[-91.19300499992409,43.81183500010261],[-91.18429799998101,43.81269699983031],[-91.18942800009089,43.81915400023096],[-91.18448299992893,43.81918599989899],[-91.18466399967892,43.82644699988068],[-91.20945499971255,43.82621199999845],[-91.19217700026884,43.826928999885354],[-91.19711200038505,43.83016800010913],[-91.18979399978878,43.83360400003544],[-91.1974129997856,43.844262000167994],[-91.209001999976,43.844155999810496],[-91.20473100038186,43.833347000010356],[-91.21424300041396,43.83189900014537],[-91.2135139995946,43.82493900027385],[-91.21936599995283,43.822625000248706],[-91.22455799998697,43.83356099980579],[-91.21950999989286,43.829926999737964],[-91.21184499986528,43.83718699978425],[-91.2232800000699,43.835861999923246],[-91.22477999974481,43.84695199981413],[-91.22391500027965,43.839078999741204],[-91.22024300001188,43.84805999991026],[-91.20971699965337,43.84052300002013],[-91.21402900015372,43.847503000286345],[-91.20483199976587,43.85150100006156],[-91.20479499995596,43.85829400000749],[-91.20407400043081,43.85150800028633],[-91.19594800027079,43.85157999968164],[-91.1955540000855,43.85778099985283],[-91.17474099974305,43.8555679999819],[-91.17790599984762,43.862781000061645],[-91.16374400010467,43.863667000204536],[-91.15756899970626,43.888123999794836],[-91.16912299973657,43.883566999935084],[-91.16978899990842,43.8669019998134],[-91.17759000037843,43.87110799990825],[-91.20556200041014,43.8615650001719],[-91.19195700016081,43.872583000271824],[-91.22855599976967,43.8648149997692],[-91.22966399980737,43.869952999786385],[-91.24287499987145,43.86982100016061],[-91.24253799958754,43.86056499967711],[-91.25618200019495,43.85331300018994],[-91.25387200040814,43.84295700006601],[-91.26239000020533,43.84089600018152],[-91.25602900003408,43.83494200009409],[-91.26805000004464,43.834104000009326],[-91.25990399979311,43.826534000178796],[-91.27673799972112,43.82966499975505]],[[-91.25568400025259,43.84680899977679],[-91.25568400025259,43.84680899977679]],[[-91.25524300021162,43.84581099992484],[-91.25524300021162,43.84581099992484]],[[-91.25488900020929,43.850603999906205],[-91.25488900020929,43.850603999906205]],[[-91.21530700007077,43.767789999733715],[-91.21530700007077,43.767789999733715]],[[-91.22281800011255,43.78333100025644],[-91.21366299955751,43.78612099988784],[-91.21175600017683,43.777713000063144],[-91.22281800011255,43.78333100025644]]],[[[-91.2717230001373,43.88688800005738],[-91.26981199966036,43.87239200011031],[-91.26484899995505,43.872150999985806],[-91.26829199989396,43.86256600011774],[-91.2498560001838,43.862721000290854],[-91.2460540002197,43.866733999999774],[-91.25496600020219,43.86921900016205],[-91.24287499987145,43.86982100016061],[-91.24036099987013,43.88207799976426],[-91.25516500039382,43.887374999920134],[-91.25512400038595,43.89799800013889],[-91.26509300035252,43.89784600005697],[-91.2650840001317,43.88987400029217],[-91.27001300040011,43.89373599977489],[-91.2717230001373,43.88688800005738]]],[[[-91.18964900002383,43.76532199971947],[-91.18739699996334,43.76892400003239],[-91.18964900002383,43.76532199971947]]],[[[-91.25559300001599,43.85499600008018],[-91.25559300001599,43.85499600008018]]],[[[-91.21130900028808,43.84679199992621],[-91.21130900028808,43.84679199992621]]],[[[-91.20254100024563,43.77065299997934],[-91.20254100024563,43.77065299997934]]]]},"properties":{"NAME":"La Crosse city","LSADC":"25"}},{"type":"Feature","geometry":{"type":"Polygon","coordinates":[[[-89.76803999990824,44.96356799975865],[-89.76795399969453,44.9587360001252],[-89.74734600028981,44.96229200003101],[-89.74208200028565,44.95139700028976],[-89.74720099962654,44.949696999715044],[-89.73716899991075,44.95352800005243],[-89.72706400040003,44.94775700005011],[-89.6996680001285,44.950840999912224],[-89.71172099992609,44.95512899996346],[-89.70681699977203,44.96242900008553],[-89.70751100043131,44.95574500024923],[-89.69628600028896,44.9545720001722],[-89.71178000037564,44.95100300012318],[-89.70743699991314,44.945002999786965],[-89.69788100039843,44.9452159997108],[-89.69082599956789,44.95354899978167],[-89.66712400020374,44.95344399978722],[-89.66637600001611,44.959106000061965],[-89.66061999991734,44.948263000306525],[-89.67117499968987,44.952604999912005],[-89.67063999993758,44.94457499982509],[-89.65235599966508,44.94379000024453],[-89.6441349999688,44.92976099998524],[-89.61913600042102,44.919049999824566],[-89.61744599987702,44.930709999692944],[-89.59324900004522,44.9285280000515],[-89.57750999973615,44.931591999708246],[-89.57311000027057,44.93830000021017],[-89.57811900000661,44.94537299989198],[-89.59330699977153,44.94182599982542],[-89.59795599965746,44.936385999906754],[-89.59309199968638,44.93447200003369],[-89.60833200022816,44.94146500025619],[-89.59347500000104,44.94669999982965],[-89.60486099980184,44.95303499975119],[-89.60362600044083,44.95968399973068],[-89.60231099981554,44.95252000019811],[-89.57321900005051,44.95273000019738],[-89.5783990003891,44.96358799981541],[-89.61006200005681,44.95956400001885],[-89.60763699974399,44.966834000015076],[-89.59809200009991,44.96757000022535],[-89.60868200003253,44.97764100003624],[-89.59583199964351,44.97784199971545],[-89.59407000002777,44.98504199980132],[-89.60545699965351,44.9813029999611],[-89.59255199991121,44.9900889999396],[-89.59932200033637,44.993313999765846],[-89.60084100027785,45.004736999853314],[-89.60824799966426,45.00647299979054],[-89.62684800030426,45.00273600012276],[-89.6235979998109,44.98829100001576],[-89.63366800005983,44.98818900012737],[-89.63123100005143,44.99364099977776],[-89.6461130003929,44.988664999959596],[-89.64922200042098,44.99902499998253],[-89.65840200019205,44.995368000215834],[-89.66613699964152,45.000007999819445],[-89.6574620003838,44.98870899975517],[-89.66659399957601,44.988111999923234],[-89.66090600014762,44.973500999778416],[-89.68121099960362,44.97296399972698],[-89.67290600024177,44.9699159997961],[-89.6965220002905,44.96498600023353],[-89.69499300030328,44.957541999996316],[-89.7015979999737,44.95888000030172],[-89.7063489999669,44.970826999803116],[-89.70749399981456,44.96599899987322],[-89.73097099994612,44.97153400019847],[-89.76803999990824,44.96356799975865]],[[-89.72574700012493,44.964745999856184],[-89.72574700012493,44.964745999856184]],[[-89.69193600015377,44.960823999731055],[-89.69193600015377,44.960823999731055]],[[-89.69128300040069,44.96041500017127],[-89.68371299990936,44.962646999952426],[-89.6821660003788,44.956720999687505],[-89.69128300040069,44.96041500017127]],[[-89.68997199997337,44.963260999983014],[-89.68997199997337,44.963260999983014]],[[-89.67615800038496,44.96662799982084],[-89.67088299961182,44.96720800011207],[-89.67615800038496,44.96662799982084]],[[-89.6101790002327,44.96666100012076],[-89.6101790002327,44.96666100012076]],[[-89.61013099965379,44.963854000034246],[-89.61013099965379,44.963854000034246]],[[-89.60753100033709,44.980720000061346],[-89.60753100033709,44.980720000061346]],[[-89.60649500026936,44.97222800009504],[-89.60649500026936,44.97222800009504]]]},"properties":{"NAME":"Wausau city","LSADC":"25"}},{"type":"Feature","geometry":{"type":"Polygon","coordinates":[[[-88.49785500002731,43.79091899974709],[-88.48212800031213,43.784386000045636],[-88.47964699992279,43.774909999765924],[-88.48533100005153,43.77718600012965],[-88.48530799958698,43.76912600005949],[-88.46938699970305,43.7691709999341],[-88.4814229997822,43.770560999927675],[-88.48015499991091,43.754692999730956],[-88.49183000031503,43.7445609998506],[-88.48210200037288,43.74436100007929],[-88.48227999974979,43.73781600003608],[-88.46711200007634,43.74213600006705],[-88.47232699967671,43.72984400002342],[-88.46220100024959,43.72479599992102],[-88.45706799976666,43.73702600020562],[-88.46707100006846,43.748504999907176],[-88.46020100008418,43.74694699983828],[-88.45961000025538,43.73703300022279],[-88.4535289995683,43.753655000126585],[-88.44942299983057,43.74722200012611],[-88.45764900044801,43.73742600005861],[-88.44902100014768,43.744864999780745],[-88.44357999969318,43.736978999791056],[-88.45461499986472,43.737025000017645],[-88.44688700008795,43.735372000102096],[-88.45205599965757,43.71882500005128],[-88.44276799993145,43.71873800004136],[-88.44321700036834,43.733364999834436],[-88.4318869997457,43.73327800016849],[-88.43687799993839,43.74542099968963],[-88.4217839998848,43.73655799998419],[-88.42077200010652,43.74703299974078],[-88.42048300040153,43.74275600010802],[-88.40165099995792,43.75102400025502],[-88.40171200005729,43.76555400001409],[-88.38992100020052,43.767799999715905],[-88.391440000142,43.77770900008483],[-88.38158099978025,43.776261000085256],[-88.38379699985573,43.78357099991109],[-88.3713470003981,43.78351000019014],[-88.37147600026954,43.790735000256944],[-88.36637100027403,43.79077499974316],[-88.37149299998796,43.79966800030227],[-88.38141900029687,43.79634299990006],[-88.38201599997343,43.804691999809975],[-88.39494099980722,43.8033989998959],[-88.38477799967185,43.79419200016055],[-88.40761799994387,43.794708000083205],[-88.41216899992052,43.79978399974847],[-88.42567500043567,43.79461799982938],[-88.42648600037249,43.80570799972163],[-88.46860000005567,43.8105710001481],[-88.47064600025185,43.796891999831985],[-88.49335000008142,43.79917900014431],[-88.49785500002731,43.79091899974709]],[[-88.45710799994964,43.75345099994028],[-88.45710799994964,43.75345099994028]],[[-88.44976799961208,43.75017400013414],[-88.44976799961208,43.75017400013414]],[[-88.44459599966943,43.75683200018931],[-88.44459599966943,43.75683200018931]],[[-88.44223999985186,43.7563879997175],[-88.44223999985186,43.7563879997175]],[[-88.44172799966579,43.75244699979387],[-88.44172799966579,43.75244699979387]],[[-88.43881000033176,43.753013999783555],[-88.43881000033176,43.753013999783555]],[[-88.42644700001443,43.75408000001156],[-88.42177899986193,43.75487300027971],[-88.42644700001443,43.75408000001156]],[[-88.42476599969125,43.7908100001633],[-88.42476599969125,43.7908100001633]],[[-88.422551000339,43.75561100004835],[-88.422551000339,43.75561100004835]],[[-88.42121099959937,43.76222300023195],[-88.41137600042538,43.76163299985969],[-88.42121099959937,43.76222300023195]],[[-88.41389700009938,43.77842999979769],[-88.41389700009938,43.77842999979769]],[[-88.41191600020055,43.77660599990976],[-88.39626499975503,43.776392999830186],[-88.39617000021879,43.769142000321544],[-88.40725200024599,43.76821299979012],[-88.41191600020055,43.77660599990976]],[[-88.41122800028737,43.78042599975969],[-88.40559799968699,43.77846599980733],[-88.41122800028737,43.78042599975969]],[[-88.39637600008311,43.783522000257115],[-88.38907599992851,43.783611999709805],[-88.39637600008311,43.783522000257115]],[[-88.38666900005732,43.78292299986451],[-88.38666900005732,43.78292299986451]]]},"properties":{"NAME":"Fond du Lac city","LSADC":"25"}},{"type":"Feature","geometry":{"type":"Polygon","coordinates":[[[-88.30781000027712,42.75552399977874],[-88.3068520000272,42.71216399995856],[-88.18913800037969,42.71266699993953],[-88.18977400041433,42.756519999676684],[-88.21697800016693,42.75615799993515],[-88.22547000002486,42.74593599968494],[-88.2293170001948,42.75600100008032],[-88.30781000027712,42.75552399977874]]]},"properties":{"NAME":"Rochester village","LSADC":"47"}},{"type":"Feature","geometry":{"type":"MultiPolygon","coordinates":[[[[-89.08084300003999,42.5257349997331],[-89.07346400024268,42.52187000022135],[-89.07837500006943,42.51087899979752],[-89.07108999998346,42.509947000292705],[-89.07355299993114,42.50130899984427],[-89.06744399965496,42.49624800008397],[-89.01166600017119,42.496093000039885],[-89.01195800024924,42.511440999837625],[-89.00282799980856,42.52179000022721],[-89.00452400020035,42.506883000047836],[-88.99633000026827,42.50688999986707],[-89.00613000018046,42.50413499987307],[-89.00138000001219,42.496036999741506],[-88.9925590002663,42.49600900023582],[-88.9926999998333,42.50316299980613],[-88.97855900000674,42.503024000260844],[-88.97783299956042,42.49573900005407],[-88.9779289998199,42.50301700000873],[-88.96722400025955,42.505297000272506],[-88.96355500036483,42.51741200009168],[-88.94846899980885,42.50983900032978],[-88.95353199997155,42.52447500033095],[-88.94862699999258,42.52804800005914],[-88.95354899968999,42.531453999988116],[-88.94500699960338,42.53585800031215],[-88.96151300036664,42.5403700001727],[-88.98549799958799,42.53585099976598],[-88.98911399977926,42.54696300003257],[-88.99928100011257,42.53842399977163],[-88.9938899998868,42.541442999917486],[-89.00650599992412,42.54675000014543],[-89.00255800037014,42.56497600032348],[-89.01124199984866,42.5685290000091],[-89.01162199979026,42.54671000020985],[-89.02641999956785,42.54682299996178],[-89.01702600043484,42.52498699982402],[-89.05579699973822,42.526373999776034],[-89.04399500001081,42.53271000005351],[-89.05150699987749,42.53254200010404],[-89.05203199958405,42.53994399969055],[-89.04395499982785,42.53934099971667],[-89.04506700006353,42.54714600011019],[-89.0707760001641,42.55469099984652],[-89.07091400025635,42.53647000030411],[-89.07945200014504,42.54017899992443],[-89.07593499968796,42.526394999964886],[-89.08084300003999,42.5257349997331]],[[-89.01184100007337,42.52495900004297],[-89.01177499995114,42.53112799999773],[-89.00371599973828,42.532230999986005],[-89.01184100007337,42.52495900004297]]],[[[-89.06088900021327,42.55722399981399],[-89.04350200009131,42.554353000232915],[-89.04762799992051,42.56306200031338],[-89.06088900021327,42.55722399981399]]],[[[-88.94769700023008,42.539194999710105],[-88.94365000004359,42.542949999706984],[-88.94769700023008,42.539194999710105]]],[[[-89.01170499963095,42.52648699992095],[-89.01170499963095,42.52648699992095]]],[[[-89.00690299958414,42.515943999795674],[-89.00690299958414,42.515943999795674]]],[[[-89.04870800036915,42.527607000322014],[-89.04870800036915,42.527607000322014]]],[[[-89.00979099967925,42.527858000157806],[-89.00979099967925,42.527858000157806]]],[[[-89.00913299990333,42.528338000292514],[-89.00913299990333,42.528338000292514]]],[[[-89.04648399989775,42.52758599987857],[-89.04648399989775,42.52758599987857]]]]},"properties":{"NAME":"Beloit city","LSADC":"25"}},{"type":"Feature","geometry":{"type":"Polygon","coordinates":[[[-89.6073420001912,44.53360899999197],[-89.60714200017466,44.49717499988528],[-89.47782000007017,44.49818299974954],[-89.47736700033363,44.51198699993818],[-89.50713000029337,44.51636100000899],[-89.5020970002679,44.52343099968297],[-89.49042299968866,44.52374599998128],[-89.48903500016677,44.53086900022802],[-89.51562600034926,44.53434999986327],[-89.50917300011649,44.52711999978577],[-89.5167069997245,44.531540999793705],[-89.5184659998655,44.52442400017601],[-89.52918499966954,44.52595099984978],[-89.53059200035635,44.531624999914634],[-89.53309700013682,44.523528000135244],[-89.53930900034516,44.52488299988671],[-89.53687800018453,44.53427900015612],[-89.50431800036624,44.54246099972511],[-89.50480700008778,44.56336999994889],[-89.52284199993994,44.559759000202426],[-89.5348129997218,44.566974999687226],[-89.53263699982928,44.56337100031108],[-89.54454300021209,44.559670000136386],[-89.54446399967107,44.55242999996616],[-89.52968299961192,44.55975499978526],[-89.52529400001698,44.55613200026799],[-89.5326450002252,44.54884199985018],[-89.54445500034855,44.548797999794054],[-89.53830099986652,44.54609899977465],[-89.55368500034835,44.53746500030472],[-89.54940899983302,44.54634100000933],[-89.55958000036428,44.548429999768395],[-89.55959600025783,44.55582700018425],[-89.57994799956948,44.55018400030722],[-89.58505000009026,44.55710500028936],[-89.59012599977345,44.54472599985781],[-89.60027399984018,44.54449599987022],[-89.59013300034445,44.54290200002638],[-89.60210099975325,44.53720099973749],[-89.5951479999283,44.53376299988237],[-89.6073420001912,44.53360899999197]],[[-89.55832099981549,44.53408100005557],[-89.55832099981549,44.53408100005557]],[[-89.55446799979778,44.53272500013618],[-89.55446799979778,44.53272500013618]],[[-89.55206199975149,44.533446999725946],[-89.54310399973825,44.534259000195924],[-89.55206199975149,44.533446999725946]],[[-89.55105499999608,44.53742699970014],[-89.55105499999608,44.53742699970014]],[[-89.54998299994335,44.52330299980297],[-89.54173600030782,44.52329300018077],[-89.54355700037308,44.51478199996593],[-89.54946699955931,44.514712000023884],[-89.54998299994335,44.52330299980297]],[[-89.54428600029415,44.53560800014289],[-89.54014299984819,44.53769399973268],[-89.54428600029415,44.53560800014289]],[[-89.54134600032049,44.51284899983298],[-89.53331100039706,44.52276599979341],[-89.50913399975845,44.52250700004101],[-89.51413599982179,44.51258299987901],[-89.54134600032049,44.51284899983298]],[[-89.50853500043205,44.50467499994824],[-89.50362200005715,44.50127400020799],[-89.50853500043205,44.50467499994824]]]},"properties":{"NAME":"Stevens Point city","LSADC":"25"}},{"type":"Feature","geometry":{"type":"MultiPolygon","coordinates":[[[[-88.30463299957869,43.03393499997918],[-88.28559500016908,43.03206000010633],[-88.29210000028037,43.04483899995642],[-88.28242699969145,43.05207299988298],[-88.27084900027002,43.04691100009609],[-88.26549800022721,43.059423000115274],[-88.2514650003557,43.05960699981437],[-88.24834799993171,43.047009999830244],[-88.22206999974365,43.04311900023023],[-88.22052200038817,43.02691600015786],[-88.185934999742,43.036475999837954],[-88.18559900018133,43.104658000210435],[-88.236512999694,43.1045589997765],[-88.23446200037328,43.093252999862216],[-88.22468300037748,43.08866800005656],[-88.22490799961005,43.07955100020045],[-88.23477700001756,43.07671299988113],[-88.23380500042225,43.07212500008608],[-88.24352400014361,43.07594300010097],[-88.24023400036558,43.068631000057856],[-88.25394900021978,43.07548100031313],[-88.25543200017624,43.06481400017317],[-88.27516000004715,43.07571100030203],[-88.27603200008335,43.08585600015415],[-88.28870500002205,43.09745300007143],[-88.2547819998979,43.09050099993598],[-88.25848799960252,43.09760500029275],[-88.24467800021209,43.09639000009557],[-88.24459199999836,43.10176999982947],[-88.30372100025782,43.104957000277466],[-88.30463299957869,43.03393499997918]]],[[[-88.27776299973691,43.08941399982024],[-88.27776299973691,43.08941399982024]]]]},"properties":{"NAME":"Pewaukee city","LSADC":"25"}},{"type":"Feature","geometry":{"type":"MultiPolygon","coordinates":[[[[-88.19557700036876,44.59022299985465],[-88.0970869999037,44.546878999704305],[-88.10536100020173,44.54236600023625],[-88.07675200031046,44.53009100027654],[-88.06679400021451,44.54475799992881],[-88.05296499965918,44.53999699987316],[-88.03220300026868,44.56319199984769],[-87.97760300024454,44.560391999707754],[-87.99789799965481,44.5925000002085],[-88.08887999955282,44.59455900028537],[-88.15008799962041,44.58915399996191],[-88.15528499967743,44.596096999780094],[-88.16029799961143,44.59578399971494],[-88.16021300012095,44.58850900018196],[-88.19557700036876,44.59022299985465]],[[-88.16009900031813,44.58860700025952],[-88.16009900031813,44.58860700025952]]],[[[-88.17654499990861,44.59117400029362],[-88.17179100044069,44.58953999993682],[-88.17654499990861,44.59117400029362]]]]},"properties":{"NAME":"Howard village","LSADC":"47"}},{"type":"Feature","geometry":{"type":"MultiPolygon","coordinates":[[[[-87.76144599998764,44.066310999831835],[-87.73556700000775,44.07431800018459],[-87.71100199992995,44.070374000202726],[-87.72149599960309,44.05916999970051],[-87.70593399974433,44.061414000310315],[-87.70686199985703,44.066537000201464],[-87.68343800032721,44.059294999834165],[-87.68341999988556,44.065118999862136],[-87.66238399996035,44.06649100020186],[-87.66577800039379,44.0624240002838],[-87.65344699986352,44.058002999937735],[-87.65423799970885,44.08185599987306],[-87.64366700004281,44.09136800008781],[-87.6577750002574,44.09260300005124],[-87.64858700009039,44.099700000159984],[-87.64365699999706,44.09262400015885],[-87.64783899990277,44.103504000177104],[-87.62023000009421,44.12267199993296],[-87.62091100033467,44.13171799972524],[-87.62556799971823,44.13889199969893],[-87.63798799993695,44.138849000216396],[-87.63701600034165,44.13164600023846],[-87.6655060004072,44.13163600003411],[-87.67557999995581,44.1204090000511],[-87.68063600044583,44.12813300030414],[-87.67051500014327,44.128007999865225],[-87.67051000012039,44.133498999844555],[-87.68065300016427,44.132902000187954],[-87.68231299967272,44.138982999984826],[-87.6900909996782,44.13872700023978],[-87.68804299983222,44.1315639998026],[-87.70731499959356,44.131967000094605],[-87.71601499986393,44.127120999830105],[-87.71601999988681,44.1155569997784],[-87.70148400005004,44.11338200023723],[-87.7124770003888,44.10965199998058],[-87.71508500010144,44.10239799970927],[-87.7075430000975,44.093655000203874],[-87.7020720004041,44.09667100022582],[-87.70214199982597,44.089386999992705],[-87.7109430003787,44.088548000135866],[-87.71602300025985,44.09552300024759],[-87.72088300003298,44.09509299990997],[-87.71092800031009,44.086778000163115],[-87.71594000041918,44.082950999722314],[-87.7509819995534,44.08792399997417],[-87.75094599956839,44.08343099983469],[-87.74092100042363,44.083808999884134],[-87.74096499990623,44.073508000316046],[-87.76107100006892,44.07348200001551],[-87.76144599998764,44.066310999831835]]],[[[-87.62585999979626,44.15580900024793],[-87.62585999979626,44.15580900024793]]],[[[-87.66117100034064,44.0512850000651],[-87.65610999982773,44.051873999726936],[-87.66117100034064,44.0512850000651]]],[[[-87.66829700041797,44.05575399974511],[-87.66829700041797,44.05575399974511]]],[[[-87.720919000018,44.08767999976679],[-87.720919000018,44.08767999976679]]]]},"properties":{"NAME":"Manitowoc city","LSADC":"25"}},{"type":"Feature","geometry":{"type":"MultiPolygon","coordinates":[[[[-88.30656699962185,42.91457399972168],[-88.30614900004542,42.875701000003076],[-88.29719600005504,42.87935499992529],[-88.30206900024697,42.8744460002733],[-88.29430299993706,42.87307899975293],[-88.30221800020989,42.86657899969756],[-88.2973340001473,42.8465240000259],[-88.30638400022205,42.842095000248925],[-88.18809999976384,42.84284000006592],[-88.18900600013521,42.88762299983544],[-88.19889800010891,42.88579399994954],[-88.19369000018126,42.871885999931855],[-88.21842000011551,42.87475499982962],[-88.21280700013189,42.890000999820124],[-88.2274650001674,42.89744600020226],[-88.21378899977293,42.89907000017249],[-88.21871899986625,42.90090000012049],[-88.2153639997909,42.90828999997116],[-88.23602899999534,42.905267999918564],[-88.21959699975022,42.9227559999247],[-88.23807299964336,42.92627600032538],[-88.23642300018062,42.93021600029285],[-88.28753599988494,42.9300169998952],[-88.28762399974848,42.92209000027163],[-88.30656699962185,42.91457399972168]],[[-88.22048300003013,42.87390199977049],[-88.22048300003013,42.87390199977049]]],[[[-88.19952400009782,42.87525700000728],[-88.19952400009782,42.87525700000728]]],[[[-88.21897199958624,42.922761999823635],[-88.21897199958624,42.922761999823635]]],[[[-88.21903600005867,42.915519999786824],[-88.19901799975952,42.919579999898],[-88.20408299957205,42.91551099986714],[-88.19398499973403,42.91190499997099],[-88.2049370000649,42.90367000017582],[-88.21446199961748,42.90680400006615],[-88.20894499989333,42.89670700025208],[-88.21380300001663,42.89179000012286],[-88.20667799976422,42.89417099973152],[-88.21212599989143,42.88635799967962],[-88.20635899992199,42.886481999839056],[-88.19902799980525,42.89869999971683],[-88.18881799981425,42.90104099989306],[-88.18880399957054,42.9302090000518],[-88.20893800022064,42.930238999857764],[-88.21903600005867,42.915519999786824]]],[[[-88.21983299975177,42.92713199972449],[-88.21678300017327,42.923581999814154],[-88.21420600042276,42.930238999857764],[-88.21983299975177,42.92713199972449]]]]},"properties":{"NAME":"Vernon village","LSADC":"47"}},{"type":"Feature","geometry":{"type":"Polygon","coordinates":[[[-88.30117899976912,43.25270700024635],[-88.30008499997508,43.19313900023748],[-88.18222800021245,43.1925710002703],[-88.18166400014785,43.28078400012969],[-88.1888069999436,43.280804000019764],[-88.18723500029866,43.288059000140514],[-88.19156899964203,43.28805399978401],[-88.18918600006026,43.28080499994866],[-88.30054899958226,43.281349999972065],[-88.30117899976912,43.25270700024635]]]},"properties":{"NAME":"Richfield village","LSADC":"47"}},{"type":"Feature","geometry":{"type":"Polygon","coordinates":[[[-88.18565299970967,43.10471900031198],[-88.07721699974257,43.10474699985442],[-88.0770999995667,43.11918400017139],[-88.0655759996736,43.11909499988068],[-88.07100899973217,43.12153599991041],[-88.06527000025017,43.12541100018861],[-88.06335299992544,43.19211699979515],[-88.18222800021245,43.1925710002703],[-88.18369500027539,43.15542700002076],[-88.15871599992077,43.15552400002879],[-88.15824399991766,43.168244000028274],[-88.1436510001795,43.168166000277225],[-88.14466399978268,43.14093900030458],[-88.17044099965531,43.14545200004678],[-88.18419499986757,43.13918399981601],[-88.18565299970967,43.10471900031198]]]},"properties":{"NAME":"Menomonee Falls village","LSADC":"47"}},{"type":"Feature","geometry":{"type":"MultiPolygon","coordinates":[[[[-88.1880489997102,42.579034000093785],[-88.18710100040435,42.49524999975273],[-88.06893599977185,42.49555199974287],[-88.07017600005406,42.58288199997055],[-88.08984500037374,42.58286499992266],[-88.08948499962531,42.57547999994598],[-88.07977299957665,42.57549500028645],[-88.08590199994433,42.55698500022032],[-88.08667299969818,42.5647040002899],[-88.11317699984204,42.561015000167814],[-88.1188559999479,42.56553899968036],[-88.11864300041088,42.550099999746735],[-88.13353800027286,42.5665359999496],[-88.11687199967601,42.5691590000461],[-88.11647400019108,42.582773999782184],[-88.13509599967406,42.58268900001076],[-88.13374199958903,42.57547899974678],[-88.13881899999546,42.582661000309685],[-88.1880489997102,42.579034000093785]]],[[[-88.11573400039936,42.58277599994661],[-88.11573400039936,42.58277599994661]]],[[[-88.11621300007516,42.567888000003194],[-88.11621300007516,42.567888000003194]]],[[[-88.12060599986805,42.567474999713845],[-88.12060599986805,42.567474999713845]]]]},"properties":{"NAME":"Salem Lakes village","LSADC":"47"}},{"type":"Feature","geometry":{"type":"Polygon","coordinates":[[[-88.18224800030393,43.19717400023572],[-88.18222800021245,43.1925710002703],[-88.06429299973368,43.19211799987059],[-88.06329199982608,43.27888099967924],[-88.11796399982023,43.27986300009759],[-88.11814399974529,43.27214000018643],[-88.1230880000823,43.272163999931195],[-88.13524700018512,43.28019000000532],[-88.15069699989087,43.2804680000786],[-88.15524700004262,43.26292500000604],[-88.16255800006785,43.26300899968678],[-88.16234200015778,43.28062300018662],[-88.17512600042458,43.2789050000356],[-88.1819639997235,43.26888799989993],[-88.18224800030393,43.19717400023572]],[[-88.147910999903,43.26022000009466],[-88.14302400036568,43.26453000009257],[-88.14242099994303,43.25727600001605],[-88.12989699996723,43.25817200006151],[-88.12819499972764,43.250063999932266],[-88.14786400004733,43.253743000251276],[-88.147910999903,43.26022000009466]],[[-88.12929799974252,43.25740899996675],[-88.12929799974252,43.25740899996675]]]},"properties":{"NAME":"Germantown village","LSADC":"47"}},{"type":"Feature","geometry":{"type":"MultiPolygon","coordinates":[[[[-91.59456999974081,44.8326649999995],[-91.54890699981351,44.831426000130364],[-91.54882499979777,44.82060400023572],[-91.55255399996692,44.82865900011711],[-91.55904499983451,44.82157499976091],[-91.55173200015946,44.81980900011597],[-91.56574900013744,44.81801499986319],[-91.53865199961666,44.81440599990755],[-91.54505600034393,44.81288999993049],[-91.53866699968528,44.80003800013908],[-91.55370200018764,44.79976200011345],[-91.54005699975532,44.78178000007374],[-91.53241900039025,44.785325000143516],[-91.53393499995866,44.7790759997084],[-91.52671500017003,44.77621299981121],[-91.51389099972026,44.77837999996594],[-91.51570199973979,44.772538000123504],[-91.50629699983779,44.76873399969759],[-91.501530999776,44.775713000285215],[-91.50879099974763,44.77951400002759],[-91.48964899968261,44.78484599998541],[-91.49219399964606,44.780030000071434],[-91.48337399972509,44.77839200003256],[-91.48346400013678,44.771167999819056],[-91.48835599969696,44.771186999904934],[-91.47351199988861,44.76637900018361],[-91.4811910001599,44.76103899995809],[-91.47050800034084,44.754283999801004],[-91.49903799969107,44.745117999778415],[-91.49615100031917,44.74144400024257],[-91.47880199983204,44.74183300025039],[-91.4788269999464,44.7491030002395],[-91.46793700043813,44.749330999905716],[-91.46876799956813,44.760170000083484],[-91.4535870003742,44.75917199993858],[-91.45065400007324,44.76554999982817],[-91.4278980003651,44.76374299979344],[-91.43339699964761,44.756324999957485],[-91.42302699982302,44.756310999952206],[-91.42370200021571,44.76488500027368],[-91.41481199997453,44.76054200028804],[-91.41782999976601,44.75665100003206],[-91.40728800041228,44.760006000151634],[-91.42422699992227,44.776844000179416],[-91.4224279995983,44.785581999918364],[-91.46836199968726,44.800112999945675],[-91.46839600002244,44.81620199994772],[-91.45765200010405,44.82352899968954],[-91.465302000063,44.83066499983082],[-91.45819100005428,44.83530300011698],[-91.46819400035608,44.837275000254],[-91.46096500034662,44.83965100005966],[-91.46557900007245,44.843510999702474],[-91.45457499986303,44.83937300028146],[-91.46316499963024,44.836739000274534],[-91.45469799988668,44.838016000077076],[-91.45295299998938,44.82988900007984],[-91.43754599994135,44.83328499990431],[-91.44782200005461,44.83784899995153],[-91.43641699998722,44.83709599993112],[-91.44654199958943,44.846967000312524],[-91.43777500027021,44.86468900018941],[-91.45221700039565,44.867028999775854],[-91.44060399991578,44.87618399983411],[-91.47004499966026,44.87211500019674],[-91.46366699977057,44.87656400008853],[-91.46948099959566,44.879394000204286],[-91.49046200016758,44.87190299990967],[-91.49397899972632,44.87558200011077],[-91.48826199998561,44.877775000296424],[-91.49405900009226,44.878999000000974],[-91.51446999985349,44.85734799979792],[-91.52384799999129,44.85735599971928],[-91.52856100034964,44.86459999984137],[-91.52846500009018,44.85735499996798],[-91.53865199961666,44.85718299981939],[-91.53873399963243,44.86444999978753],[-91.55919100032271,44.8716169999667],[-91.55393599964106,44.85701800000481],[-91.5470520003114,44.85709000030622],[-91.54890799963843,44.83973299971516],[-91.56417499994438,44.84728699984749],[-91.58964899986833,44.84399999991566],[-91.5868529998347,44.83562400023146],[-91.59456999974081,44.8326649999995]],[[-91.56934400041233,44.83360800011995],[-91.56934400041233,44.83360800011995]],[[-91.44508899977019,44.78619099989763],[-91.44508899977019,44.78619099989763]],[[-91.44786800008536,44.7861590002115],[-91.44786800008536,44.7861590002115]],[[-91.53356300041298,44.843400999878455],[-91.53098199956622,44.85055199978667],[-91.53356300041298,44.843400999878455]],[[-91.46981200003175,44.78560600024333],[-91.46319499976747,44.79440400013337],[-91.46022700020472,44.7796160001054],[-91.45165599980578,44.78106499975182],[-91.45489299988036,44.78557000007094],[-91.4392189998686,44.78371700012805],[-91.4442159999091,44.79080199981912],[-91.4326150000231,44.78265199999517],[-91.46310799972882,44.778351999800726],[-91.46981200003175,44.78560600024333]]],[[[-91.3781220001291,44.82607400011786],[-91.36792899985652,44.830220000083955],[-91.36793800007734,44.83749799980359],[-91.3781220001291,44.82607400011786]]],[[[-91.4687650000934,44.74573199980449],[-91.46866299998615,44.73855999979193],[-91.4594020000242,44.73864800027052],[-91.4687650000934,44.74573199980449]]],[[[-91.55731300035603,44.76390599986364],[-91.55188799979507,44.76724799978207],[-91.55731300035603,44.76390599986364]]]]},"properties":{"NAME":"Eau Claire city","LSADC":"25"}},{"type":"Feature","geometry":{"type":"Polygon","coordinates":[[[-88.13118199955697,44.67692799992168],[-88.12976100042312,44.59026299969289],[-87.99789799965481,44.5925000002085],[-87.97760300024454,44.560391999707754],[-87.94319200022377,44.56201600003478],[-87.94428600001781,44.67813300014796],[-88.13118199955697,44.67692799992168]]]},"properties":{"NAME":"Suamico village","LSADC":"47"}},{"type":"Feature","geometry":{"type":"Polygon","coordinates":[[[-88.18899400043965,42.927380000248014],[-88.18888700030953,42.92285800010103],[-88.16152799984792,42.92335699994865],[-88.15888900017315,42.93001300021447],[-88.06949599963849,42.92995499988127],[-88.0672519999739,43.016399000261124],[-88.18624600008661,43.017294999953066],[-88.18899400043965,42.927380000248014]]]},"properties":{"NAME":"New Berlin city","LSADC":"25"}},{"type":"Feature","geometry":{"type":"Polygon","coordinates":[[[-88.19143100044806,44.3916420001924],[-88.13581200007465,44.43867399998825],[-88.1215370003538,44.45967599981147],[-88.12984000006581,44.4597169998462],[-88.12468800021465,44.47651299998249],[-88.10951700016817,44.47419300025185],[-88.10659800011089,44.48553499982695],[-88.12971399966912,44.48862999992484],[-88.12969699995068,44.49359299992349],[-88.14987900028136,44.501328999990896],[-88.1378570004459,44.49912900023988],[-88.13980400000955,44.523859999681676],[-88.12992499955632,44.52379499984616],[-88.1222839998182,44.541627000118986],[-88.0970869999037,44.546878999704305],[-88.19012000002074,44.58448499997651],[-88.19143100044806,44.3916420001924]]]},"properties":{"NAME":"Hobart village","LSADC":"47"}},{"type":"Feature","geometry":{"type":"Polygon","coordinates":[[[-88.0699469997252,42.85042299978304],[-88.06992400015899,42.84332299993456],[-87.95190400018973,42.84354599975338],[-87.94938099996756,42.93037200029051],[-88.00655199989443,42.92132200007812],[-88.01637600009609,42.92477899972917],[-88.01651400018834,42.91963000008064],[-88.02884200034555,42.91973699978263],[-88.02851799958214,42.930296000172326],[-88.06949599963849,42.92995499988127],[-88.0699469997252,42.85042299978304]]]},"properties":{"NAME":"Franklin city","LSADC":"25"}},{"type":"Feature","geometry":{"type":"Polygon","coordinates":[[[-87.9702999997169,42.52237699992123],[-87.97016300034787,42.51483800005555],[-87.95131500001075,42.512066999819666],[-87.95103100032861,42.49460599984642],[-87.80047699958203,42.49191999993365],[-87.81172000016603,42.5187550002731],[-87.81403199960266,42.55638299991987],[-87.82182600039998,42.55804800008818],[-87.81974800041678,42.54013399989179],[-87.84268400004996,42.54417100016604],[-87.84941099991909,42.53889900016333],[-87.8511700000601,42.545685999750546],[-87.86657600028322,42.54449900030844],[-87.85463100044066,42.54805299991388],[-87.8548819996125,42.55435800027582],[-87.86893700012365,42.557300000102074],[-87.85999500000393,42.56262700018183],[-87.86818599956297,42.57006100002952],[-87.87488800021609,42.57005000018898],[-87.86914100033816,42.56614699974877],[-87.87876399980001,42.56118900018376],[-87.87448099961199,42.551885999973706],[-87.88983699960639,42.55835500007747],[-87.89762600038085,42.55545399987119],[-87.89759899971835,42.56419799987445],[-87.88732400032832,42.55992099988775],[-87.89272600042476,42.5665049999052],[-87.8871479997029,42.56706899969092],[-87.91173899971999,42.567035999903716],[-87.91187900036041,42.574101999937234],[-87.91929300031781,42.574164999956665],[-87.91910599982174,42.567015000150356],[-87.9524249996983,42.567718999779586],[-87.95192900030408,42.54396699974101],[-87.96652000039244,42.53839100005893],[-87.9702999997169,42.52237699992123]]]},"properties":{"NAME":"Pleasant Prairie village","LSADC":"47"}},{"type":"Feature","geometry":{"type":"MultiPolygon","coordinates":[[[[-89.08072300038938,42.67594900000765],[-89.07460999991525,42.67181299990534],[-89.05901500044456,42.679948000126885],[-89.056315999597,42.6718709996759],[-89.0712339999235,42.66908599981813],[-89.05845399985468,42.660636000003684],[-89.07404599985065,42.63891299978296],[-89.08050999995406,42.6389119999409],[-89.08039100012837,42.62806399968317],[-89.07048499991096,42.628010000097255],[-89.07064399991961,42.63891800031479],[-89.06554700032002,42.63893200008356],[-89.06439099970339,42.626990999961365],[-89.06208699976439,42.646160000021055],[-89.053542000203,42.64352499986446],[-89.05472700023365,42.63524100019263],[-89.05096399972929,42.646315000247064],[-89.04105599986205,42.64622000004777],[-89.04101400002925,42.63984699990006],[-89.03000599962189,42.64210100012388],[-89.03116100041362,42.635509000198006],[-89.02124000012758,42.63151700011278],[-89.04035299988026,42.6348490000689],[-89.03125199975189,42.62982700028469],[-89.05049199972618,42.628033999845606],[-89.05846800009837,42.63311600033042],[-89.06342599978079,42.62696100026765],[-89.05063599966623,42.621699999791716],[-89.05222999995077,42.60743199991151],[-89.02584399980768,42.60614000001337],[-89.03067299961866,42.62172299987146],[-89.01165299975241,42.62050600007883],[-89.01169499958522,42.63521799982027],[-89.00248200020216,42.635155999952296],[-89.01113300006872,42.64950800024769],[-89.00018199956277,42.64940100025423],[-89.00265700010434,42.66494599975868],[-88.99271800027498,42.66232999987402],[-88.99942500005264,42.67021400019883],[-88.99127600032638,42.66675500027156],[-88.98760900008149,42.67138699972696],[-88.98290900014194,42.666037000151505],[-88.95372699996524,42.6707939998223],[-88.95489199990438,42.69111200028159],[-88.94944600032532,42.69716000011501],[-88.95376299995024,42.70073199968392],[-88.93600099990955,42.699511999982015],[-88.93931800035007,42.710451999872426],[-88.95412199997543,42.71052900008198],[-88.95388599997389,42.70332199984404],[-88.96377499957454,42.70348300024261],[-88.96395200002486,42.710618000308074],[-88.95419700031852,42.71414100019718],[-88.95460200037446,42.73404400017778],[-88.96624300044341,42.72811499999527],[-88.97017599992877,42.74274200000364],[-88.9799919997345,42.73886500030374],[-88.95485799956919,42.75401099985274],[-88.96850700019947,42.759036999916916],[-88.98370800038319,42.73561200004178],[-88.98814700020684,42.73542199996674],[-88.98424999980818,42.74372099981996],[-88.99257500015983,42.73665299993773],[-89.00877499970302,42.73558599971168],[-89.00632099997617,42.744352000273246],[-89.01342199993913,42.744575000099864],[-89.0162070001021,42.7254790003294],[-89.03304500022807,42.730133000176785],[-89.03465700005596,42.72305799969883],[-89.03612999996668,42.731712000267464],[-89.04284900033824,42.73019800009831],[-89.03979800003648,42.719022999892005],[-89.03149399960124,42.72014099987674],[-89.03164500011228,42.70490299993379],[-89.03832599995069,42.718052999876434],[-89.05624199997715,42.71105000015593],[-89.05283599984817,42.71458200011369],[-89.07222300013555,42.720438999746214],[-89.07065099959233,42.70097399971945],[-89.06713099966052,42.70828899978145],[-89.05245900027961,42.70832800027273],[-89.05236899986794,42.70106399994486],[-89.06326400029741,42.69737399992348],[-89.05223499997363,42.69575099970625],[-89.05209000020868,42.69014100017387],[-89.0657149996512,42.69702700027898],[-89.06156500043086,42.6864330002656],[-89.06683699993265,42.68640500031824],[-89.06691800012351,42.693732000133586],[-89.07301300015597,42.690697000019014],[-89.07173900043688,42.70097399971945],[-89.07681400029516,42.70102299984366],[-89.07669799994422,42.69009899978388],[-89.06819699986545,42.68639699976497],[-89.08072300038938,42.67594900000765]],[[-89.03233200020054,42.632978999803],[-89.03233200020054,42.632978999803]],[[-89.05000800002752,42.710979999956905],[-89.05000800002752,42.710979999956905]],[[-89.04884200026345,42.711086000227525],[-89.04884200026345,42.711086000227525]],[[-89.04958299988007,42.708330999750984],[-89.04258300019946,42.706840000262765],[-89.04958299988007,42.708330999750984]],[[-89.06151199982912,42.66350200010354],[-89.05204699965266,42.666151999784596],[-89.06151199982912,42.66350200010354]]],[[[-89.03827599972195,42.6363419998271],[-89.03827599972195,42.6363419998271]]],[[[-89.07171699979727,42.69793099993139],[-89.07171699979727,42.69793099993139]]]]},"properties":{"NAME":"Janesville city","LSADC":"25"}},{"type":"Feature","geometry":{"type":"Polygon","coordinates":[[[-92.20569200016693,46.70254099984967],[-92.17625899992005,46.69047299978378],[-92.18156899995498,46.66252500001154],[-92.01531699980552,46.66205500018466],[-92.01555799982995,46.64767799995592],[-92.00084899974082,46.6476890002546],[-92.01160799972784,46.66205300021338],[-91.93171700007787,46.66208199978949],[-91.93173499962121,46.68100299978421],[-91.97415299997634,46.686652999954276],[-92.00824199978182,46.70594599978152],[-92.00694899979617,46.71048200023236],[-92.02029399975451,46.704040999991335],[-92.03398900041556,46.70893900017788],[-92.08949300026293,46.749236999905385],[-92.1165899998854,46.74863999973305],[-92.13789000029956,46.739539999961394],[-92.14673000031202,46.71579400015771],[-92.18909099986742,46.71754099994455],[-92.20569200016693,46.70254099984967]]]},"properties":{"NAME":"Superior city","LSADC":"25"}},{"type":"Feature","geometry":{"type":"MultiPolygon","coordinates":[[[[-88.07017600005406,42.58288199997055],[-88.06893599977185,42.49555199974287],[-87.95103100032861,42.49460599984642],[-87.95131500001075,42.512066999819666],[-87.97016300034787,42.51483800005555],[-87.96652000039244,42.53839100005893],[-87.95192900030408,42.54396699974101],[-87.95241499965256,42.56716800027092],[-87.99685900011235,42.56982199998976],[-87.9919769996996,42.578520000283426],[-87.9720520001852,42.576452000128874],[-87.9718470001458,42.58245000007899],[-88.07017600005406,42.58288199997055]]],[[[-87.95810999965197,42.58234899976607],[-87.95810999965197,42.58234899976607]]],[[[-87.9624070000837,42.582385999742506],[-87.9624070000837,42.582385999742506]]],[[[-87.97161299979405,42.58244799990416],[-87.9659760004193,42.57465800011599],[-87.96601700042717,42.58240999987638],[-87.97161299979405,42.58244799990416]]]]},"properties":{"NAME":"Bristol village","LSADC":"47"}},{"type":"Feature","geometry":{"type":"Polygon","coordinates":[[[-88.19902799980525,42.89869999971683],[-88.19574600042316,42.88628100009745],[-88.18900600013521,42.88762299983544],[-88.18809999976384,42.84284000006592],[-88.06992400015899,42.84332299993456],[-88.06949599963849,42.92995499988127],[-88.15888900017315,42.93001300021447],[-88.16152799984792,42.92335699994865],[-88.18888700030953,42.92285800010103],[-88.18881799981425,42.90104099989306],[-88.19902799980525,42.89869999971683]]]},"properties":{"NAME":"Muskego city","LSADC":"25"}},{"type":"Feature","geometry":{"type":"MultiPolygon","coordinates":[[[[-87.99696299986944,42.57489499972997],[-87.99491000000057,42.56712200017467],[-87.98493199981314,42.56694600015481],[-87.91910599982174,42.567015000150356],[-87.91929300031781,42.574164999956665],[-87.91187900036041,42.574101999937234],[-87.91173899971999,42.567035999903716],[-87.8871479997029,42.56706899969092],[-87.89272600042476,42.5665049999052],[-87.88732400032832,42.55992099988775],[-87.89759899971835,42.56419799987445],[-87.89762600038085,42.55545399987119],[-87.88983699960639,42.55835500007747],[-87.8754809996947,42.55190800010246],[-87.87876399980001,42.56118900018376],[-87.86914100033816,42.56614699974877],[-87.87488800021609,42.57005000018898],[-87.86818599956297,42.57006100002952],[-87.85999500000393,42.56262700018183],[-87.86893700012365,42.557300000102074],[-87.8548819996125,42.55435800027582],[-87.85463100044066,42.54805299991388],[-87.86657600028322,42.54449900030844],[-87.81974800041678,42.54013399989179],[-87.82182600039998,42.55804800008818],[-87.81136100014085,42.56129499984916],[-87.81352799981251,42.584223000229514],[-87.80740699984078,42.58818100022401],[-87.81888700025125,42.58780300012146],[-87.81723400041547,42.59499700022565],[-87.81611600033199,42.58839100024584],[-87.8084999998099,42.58888900028496],[-87.8160540004077,42.59506499972017],[-87.8223760002209,42.63055199995912],[-87.82646699989,42.616978999879414],[-87.8242979996702,42.63643799979212],[-87.85663599973061,42.63934999994157],[-87.85278799973575,42.62113199989822],[-87.87559799987055,42.621420000324264],[-87.86488900011224,42.62355300030599],[-87.84582099966711,42.61271699974499],[-87.8755929998477,42.61776000008336],[-87.87933399971241,42.589230999872],[-87.88698600021951,42.591953999964176],[-87.88841899994726,42.60330599997822],[-87.90527200014186,42.59635099997805],[-87.90532700039344,42.603220000018105],[-87.91497499996967,42.59740500025145],[-87.91074399966018,42.60358699997356],[-87.94254699996831,42.604280999957616],[-87.94164399996997,42.61131199996047],[-87.9677720003702,42.616924999933254],[-87.96286800021615,42.618297999766156],[-87.96293000014043,42.62958900002911],[-87.97283999965748,42.6296929997584],[-87.97248300018042,42.59700899986789],[-87.96275699988807,42.59690799999849],[-87.9659760004193,42.57465800011599],[-87.9718470001458,42.58245000007899],[-87.9720520001852,42.576452000128874],[-87.99696299986944,42.57489499972997]],[[-87.86633500025879,42.592798000197895],[-87.86633500025879,42.592798000197895]],[[-87.86844400020415,42.59596100005631],[-87.86844400020415,42.59596100005631]],[[-87.86807699978303,42.59573499977822],[-87.86807699978303,42.59573499977822]],[[-87.8754029998769,42.59683400006888],[-87.8754029998769,42.59683400006888]],[[-87.8654549998267,42.593567999743264],[-87.8654549998267,42.593567999743264]],[[-87.86398299974087,42.616396999681754],[-87.86398299974087,42.616396999681754]],[[-87.86324499959899,42.61638900003414],[-87.86324499959899,42.61638900003414]],[[-87.86637200006871,42.591135000235504],[-87.86637200006871,42.591135000235504]],[[-87.83660599973592,42.62010700001005],[-87.83660599973592,42.62010700001005]],[[-87.87470200044324,42.603071999855004],[-87.87470200044324,42.603071999855004]],[[-87.840920999711,42.63482399973618],[-87.840920999711,42.63482399973618]],[[-87.94031300034946,42.60322800003477],[-87.94031300034946,42.60322800003477]],[[-87.91437200044533,42.57809499971367],[-87.91437200044533,42.57809499971367]],[[-87.87418199986124,42.596026000212774],[-87.87418199986124,42.596026000212774]],[[-87.94637099967372,42.60404299990423],[-87.94637099967372,42.60404299990423]],[[-87.84899699964232,42.62466299979303],[-87.84899699964232,42.62466299979303]],[[-87.84698700032948,42.62006200011517],[-87.84698700032948,42.62006200011517]],[[-87.84757800015826,42.618541999916026],[-87.84757800015826,42.618541999916026]],[[-87.86249599958646,42.61631399989988],[-87.86249599958646,42.61631399989988]],[[-87.84775499971028,42.62237600028523],[-87.84775499971028,42.62237600028523]],[[-87.86215800037597,42.60329299988423],[-87.86215800037597,42.60329299988423]],[[-87.8409759999626,42.63835900022415],[-87.8409759999626,42.63835900022415]],[[-87.84699300017725,42.625630000141854],[-87.84699300017725,42.625630000141854]],[[-87.92745799993757,42.604022000050286],[-87.92745799993757,42.604022000050286]],[[-87.87193200034889,42.60302500003788],[-87.87193200034889,42.60302500003788]],[[-87.85014900006098,42.622851000079294],[-87.85014900006098,42.622851000079294]],[[-87.84117099995626,42.61913800015252],[-87.84117099995626,42.61913800015252]],[[-87.86569900022415,42.615404000284656],[-87.86569900022415,42.615404000284656]],[[-87.86924500009522,42.59193300000385],[-87.86924500009522,42.59193300000385]],[[-87.8542559996236,42.61023699983467],[-87.8542559996236,42.61023699983467]],[[-87.94931499984534,42.60398800024036],[-87.94931499984534,42.60398800024036]],[[-87.86928000025532,42.59452699972599],[-87.86928000025532,42.59452699972599]],[[-87.9624070000837,42.5822960003157],[-87.9624070000837,42.5822960003157]],[[-87.88698700004444,42.583987999815285],[-87.88698700004444,42.583987999815285]],[[-87.840920999711,42.6341119998695],[-87.840920999711,42.6341119998695]],[[-87.88607499982528,42.58168200030379],[-87.88607499982528,42.58168200030379]],[[-87.87009600021501,42.591203999922826],[-87.86628000000721,42.588973000218125],[-87.87009600021501,42.591203999922826]],[[-87.96261600032106,42.60408300011011],[-87.96261600032106,42.60408300011011]],[[-87.84096599991686,42.63713799971359],[-87.84096599991686,42.63713799971359]],[[-87.88710800041825,42.58141500021986],[-87.88710800041825,42.58141500021986]],[[-87.91464799973151,42.58554500003095],[-87.91048799956714,42.58446199997864],[-87.91464799973151,42.58554500003095]],[[-87.86945900035546,42.59860100013907],[-87.86807500013322,42.602893999952585],[-87.86945900035546,42.59860100013907]],[[-87.95823100002578,42.58457300004865],[-87.95737700043125,42.58063199983913],[-87.95823100002578,42.58457300004865]],[[-87.9448009996786,42.60407200032054],[-87.9448009996786,42.60407200032054]],[[-87.91876799971294,42.5792099997397],[-87.9144629997836,42.577033999769114],[-87.91876799971294,42.5792099997397]],[[-87.92398499986145,42.58204100002149],[-87.91466799982301,42.57943599974416],[-87.92398499986145,42.58204100002149]],[[-87.83782500010174,42.63553299969835],[-87.83329500004149,42.62836199988462],[-87.83782500010174,42.63553299969835]],[[-87.91488700010613,42.58913799980458],[-87.91053699997093,42.58602699984077],[-87.91488700010613,42.58913799980458]],[[-87.84571000023735,42.6245580001799],[-87.84089399994683,42.62755199976751],[-87.84571000023735,42.6245580001799]],[[-87.93950999991027,42.580904999980916],[-87.924593000307,42.582050000205285],[-87.93950999991027,42.580904999980916]],[[-87.88528099960689,42.57805100005421],[-87.88105600004349,42.58133200012929],[-87.87964000003417,42.573804000085495],[-87.88528099960689,42.57805100005421]],[[-87.89663100032101,42.581540999970876],[-87.88966400025235,42.57777900014712],[-87.89663100032101,42.581540999970876]],[[-87.87069200006667,42.60634000000447],[-87.86071999972702,42.610337000275436],[-87.86439299981971,42.60329400029845],[-87.87069200006667,42.60634000000447]],[[-87.90485299984219,42.58851799977717],[-87.89699100017114,42.58855600005013],[-87.89749199958824,42.581854000024805],[-87.90478599989504,42.58178200027626],[-87.90485299984219,42.58851799977717]],[[-87.9625059998179,42.596000000290594],[-87.95342999980387,42.596812999769],[-87.95344200039777,42.60394399968093],[-87.95309099987017,42.5968100001979],[-87.94687899966183,42.59678499979901],[-87.95198000035771,42.58466400020892],[-87.94032900024301,42.580913000216604],[-87.95275000028664,42.57947300012637],[-87.95370099996553,42.58860900013108],[-87.96245700031241,42.58784700017429],[-87.9625059998179,42.596000000290594]]],[[[-87.881837999668,42.57661600026114],[-87.881837999668,42.57661600026114]]]]},"properties":{"NAME":"Kenosha city","LSADC":"25"}},{"type":"Feature","geometry":{"type":"MultiPolygon","coordinates":[[[[-88.07176600014064,42.75711300021744],[-88.07099299983865,42.68592399988861],[-88.06171299961014,42.68676100012418],[-88.06644199986201,42.69286400017283],[-88.06315999958159,42.69579600031945],[-88.06162999976947,42.68709600030784],[-88.0617100001354,42.69873500010678],[-88.05680199978339,42.70055799982841],[-88.03625799995278,42.69870799996437],[-88.0319089996425,42.67359300031764],[-88.05547399963761,42.67439499998436],[-88.05391899971113,42.68040199976151],[-88.061653000234,42.68154199993055],[-88.06155199995165,42.677013999688725],[-88.0709750002953,42.67698500022873],[-88.07091500002085,42.66975600007914],[-87.95328400021403,42.66956599981207],[-87.95398399982274,42.75699399980325],[-88.07176600014064,42.75711300021744]]],[[[-88.03701700001106,42.68416400018281],[-88.03701700001106,42.68416400018281]]],[[[-88.04188900037808,42.6807860001387],[-88.03694099984308,42.6769269999473],[-88.04188900037808,42.6807860001387]]],[[[-88.07097100009734,42.68421599968681],[-88.06485599997337,42.67972099972601],[-88.07097100009734,42.68421599968681]]]]},"properties":{"NAME":"Yorkville village","LSADC":"47"}},{"type":"Feature","geometry":{"type":"Polygon","coordinates":[[[-88.6443330002751,43.54500900021933],[-88.64402699995334,43.458581000313885],[-88.6278819997634,43.45849400021983],[-88.62121199979568,43.4672640001197],[-88.62454199975667,43.45849299995567],[-88.55445900041482,43.457770000277755],[-88.5548379996332,43.46324299995794],[-88.55434100041406,43.457770000277755],[-88.52180400016199,43.45722100009418],[-88.52128600012813,43.5439390003234],[-88.6443330002751,43.54500900021933]],[[-88.57598800025951,43.49062199982262],[-88.5521410002321,43.51570300003548],[-88.54182400011096,43.5104650000262],[-88.54373300003977,43.51566699984981],[-88.53124400022408,43.51538500004086],[-88.53633599980078,43.50281499981912],[-88.52789699964632,43.505812999899476],[-88.53377800031687,43.49387499998404],[-88.52753199977334,43.49335299995652],[-88.5275629997355,43.486234000255656],[-88.53627499970142,43.486463000162814],[-88.53634800039468,43.48009299987785],[-88.54299499989787,43.47937100031961],[-88.54456999991586,43.48666400030227],[-88.55615599973324,43.47957399976898],[-88.56265599982166,43.494817999769054],[-88.57598800025951,43.49062199982262]]]},"properties":{"NAME":"Kekoskee village","LSADC":"47"}},{"type":"Feature","geometry":{"type":"Polygon","coordinates":[[[-89.48689299971115,43.008511000218796],[-89.4854969997933,42.94342000029289],[-89.36821199959287,42.94296599984554],[-89.36483999979909,43.028495999944504],[-89.38172999980358,43.02679900004516],[-89.37852500041438,43.0392640002392],[-89.39108500037518,43.03632100029652],[-89.39514799955687,43.023606000298976],[-89.40510499982791,43.02457900010231],[-89.40995399973039,43.0345459999596],[-89.41689200038505,43.03146500025561],[-89.41355800022608,43.026808000112254],[-89.4302730003284,43.023188999884326],[-89.43486600013784,43.03164600021478],[-89.45789399983252,43.03177499983816],[-89.4615519998566,43.02256299975097],[-89.46115500019656,43.03106099981813],[-89.46798300034804,43.03184400019728],[-89.4663759996447,43.02705600020169],[-89.48386099967597,43.02666400019367],[-89.48689299971115,43.008511000218796]]]},"properties":{"NAME":"Fitchburg city","LSADC":"25"}},{"type":"Feature","geometry":{"type":"MultiPolygon","coordinates":[[[[-88.40440199978569,44.2094749998002],[-88.34456100022193,44.19954599972997],[-88.30428000029957,44.17778899991105],[-88.3080839999135,44.18282299986931],[-88.30379800025074,44.1870309996888],[-88.28878600021291,44.18120700010199],[-88.27908599985982,44.18631700016775],[-88.26422899963268,44.18284899975463],[-88.27763999971326,44.18673300000014],[-88.27401799967421,44.190871999849755],[-88.24699100037193,44.1841669998295],[-88.24823400012889,44.173376000152814],[-88.2615399997292,44.169149000025314],[-88.26481899963656,44.15729700027791],[-88.26484600029906,44.168186999920046],[-88.2747130001584,44.1727609997087],[-88.28394900000599,44.16795599984808],[-88.28402500017397,44.159303999959896],[-88.29613800024603,44.15905900031957],[-88.32034699977338,44.12263300029435],[-88.24531300042182,44.12205500003583],[-88.24360000031157,44.24274100028129],[-88.34294000017321,44.2437840001681],[-88.34312900031908,44.22869600006497],[-88.38354999998353,44.22523700003709],[-88.38340199984552,44.220080999931206],[-88.37094499981689,44.22527100022312],[-88.36830500031719,44.21961199993722],[-88.3632089996442,44.221726999763575],[-88.36345800006454,44.20776200012426],[-88.37346200019124,44.20895599979322],[-88.37080099987683,44.22159500014912],[-88.37887599998324,44.22152900023089],[-88.37465100041983,44.2108569998506],[-88.40369100030631,44.215020999924995],[-88.40440199978569,44.2094749998002]]],[[[-88.36821400008058,44.22898400015034],[-88.36317799968205,44.22891899980721],[-88.36303799993996,44.23586499979373],[-88.36821400008058,44.22898400015034]]],[[[-88.30397599962764,44.1825489999346],[-88.29717599996357,44.18504300025367],[-88.30397599962764,44.1825489999346]]],[[[-88.39347200009446,44.222810000231775],[-88.38841599960445,44.22561900001339],[-88.39347200009446,44.222810000231775]]],[[[-88.39349300001085,44.22399800021516],[-88.39349300001085,44.22399800021516]]],[[[-88.36409699957392,44.2181110001203],[-88.36409699957392,44.2181110001203]]],[[[-88.36299799975698,44.2293059999004],[-88.36299799975698,44.2293059999004]]],[[[-88.40423399955621,44.21605899985925],[-88.40423399955621,44.21605899985925]]],[[[-88.35492699984856,44.24008999971383],[-88.35492699984856,44.24008999971383]]],[[[-88.40408499959328,44.22374999974715],[-88.40408499959328,44.22374999974715]]],[[[-88.37740499972234,44.22884000028383],[-88.37740499972234,44.22884000028383]]],[[[-88.38810799963287,44.225354999916895],[-88.38810799963287,44.225354999916895]]]]},"properties":{"NAME":"Harrison village","LSADC":"47"}},{"type":"Feature","geometry":{"type":"MultiPolygon","coordinates":[[[[-87.95398399982274,42.756909999761284],[-87.95328400021403,42.66956599981207],[-87.80559800036939,42.66789999998438],[-87.7872510003477,42.69887599985294],[-87.79476599968912,42.704297000273804],[-87.7962920002016,42.69702799984694],[-87.81114100003282,42.69694999982671],[-87.80611100038037,42.689650000112664],[-87.80003100041651,42.6932350003147],[-87.80137100025784,42.686113999670035],[-87.82515999966063,42.677959000214436],[-87.81640500003698,42.68960699970327],[-87.83649399958293,42.69289399977904],[-87.84182999955712,42.68595900025691],[-87.84392900035503,42.693515999749756],[-87.83415899968175,42.69685299994416],[-87.87505600044558,42.7035709998863],[-87.87511099979884,42.71213299977648],[-87.85812200006013,42.7124269999007],[-87.85542499976071,42.70559400008163],[-87.84188800018174,42.71150400019041],[-87.84827399956903,42.71373299976455],[-87.84177100000589,42.71664500031002],[-87.84578300003227,42.72521499983572],[-87.83874599964342,42.72439999981309],[-87.84183299993016,42.728445000187065],[-87.83525199965088,42.735699000051994],[-87.82943899965072,42.72862099983548],[-87.82852899997968,42.74040500031747],[-87.81622199973889,42.7295949997336],[-87.82128900009955,42.73827800002845],[-87.81645299971755,42.745646999879206],[-87.82594999968106,42.75505799990162],[-87.95398399982274,42.756909999761284]],[[-87.92444500016899,42.70569399977735],[-87.91467600021895,42.70554599969519],[-87.91475999988452,42.72009099980715],[-87.89491099963978,42.71945199971249],[-87.88984099980436,42.703536000200465],[-87.87975600038511,42.70342799998939],[-87.88270100038166,42.68329100029641],[-87.9192780002492,42.68380899980278],[-87.92444500016899,42.70569399977735]]],[[[-87.82472199999272,42.75535800010824],[-87.81296799994585,42.74985500007531],[-87.81301999982439,42.75450100008812],[-87.82472199999272,42.75535800010824]]],[[[-87.83386400012898,42.69685299994416],[-87.83386400012898,42.69685299994416]]],[[[-87.81645100006774,42.695073999941336],[-87.81600099980594,42.68961299980823],[-87.81645100006774,42.695073999941336]]]]},"properties":{"NAME":"Mount Pleasant village","LSADC":"47"}},{"type":"Feature","geometry":{"type":"Polygon","coordinates":[[[-88.07176600014064,42.75713000016372],[-87.95364099969109,42.75699000011793],[-87.95190400018973,42.84354599975338],[-88.06992400015899,42.84332299993456],[-88.07176600014064,42.75713000016372]]]},"properties":{"NAME":"Raymond village","LSADC":"47"}},{"type":"Feature","geometry":{"type":"Polygon","coordinates":[[[-88.42330200000136,42.54939499988697],[-88.42251100015602,42.49452899991054],[-88.3439610001723,42.49461799990527],[-88.34399700015732,42.504827000018665],[-88.35134800036553,42.50821699977871],[-88.32529399958514,42.51282799987334],[-88.3343019998271,42.51643999988677],[-88.33443099969853,42.523720999685814],[-88.31488399957759,42.528744999703086],[-88.31478700039152,42.523838999834254],[-88.30494800012126,42.523784999962295],[-88.30557599975997,42.5816600000899],[-88.39420000019061,42.582057000200315],[-88.39397599988462,42.57024800032997],[-88.41338200043856,42.56748699967432],[-88.42330200000136,42.54939499988697]],[[-88.40828699959049,42.55993900002215],[-88.398424999754,42.55667199975015],[-88.40828699959049,42.55993900002215]]]},"properties":{"NAME":"Bloomfield village","LSADC":"47"}},{"type":"Feature","geometry":{"type":"Polygon","coordinates":[[[-88.61840900008936,44.24368300015349],[-88.4968180001347,44.244099999756436],[-88.49644300021596,44.330082000164495],[-88.61577799991218,44.3306840000755],[-88.61840900008936,44.24368300015349]]]},"properties":{"NAME":"Greenville village","LSADC":"47"}},{"type":"Feature","geometry":{"type":"Polygon","coordinates":[[[-88.18588399968836,43.06429000002154],[-88.1858369998327,43.051026000263555],[-88.1465230003811,43.04489499993999],[-88.14464500041441,43.03464700000025],[-88.13672199974567,43.039223000291734],[-88.13900700031643,43.04658500024676],[-88.13515299957548,43.04042100016095],[-88.12779800006761,43.0421149999046],[-88.16662199997278,43.01789399976886],[-88.0672519999739,43.016399000261124],[-88.06693800015455,43.03643599999376],[-88.10706699974095,43.03593199972311],[-88.10620800012356,43.05973899988615],[-88.06683699987222,43.0592929999237],[-88.06614399993617,43.09828899989897],[-88.07629500037598,43.09662699997131],[-88.07610100020723,43.10463899976857],[-88.17011699979021,43.104614000110196],[-88.15593199958272,43.09412999996078],[-88.17092699990211,43.08508900003662],[-88.16157200022884,43.083193999876734],[-88.17846999973095,43.082663000101896],[-88.17091400038164,43.08591100023066],[-88.17510299996003,43.09004000014187],[-88.17065400009064,43.09384900029574],[-88.18580000002278,43.09323599992542],[-88.18582699978695,43.0829920000686],[-88.18404400025483,43.089671999866404],[-88.18091900033326,43.08475900031339],[-88.18587899966549,43.07153500006304],[-88.18030900023788,43.07183399977465],[-88.18013000013775,43.06612700016706],[-88.18588399968836,43.06429000002154]]]},"properties":{"NAME":"Brookfield city","LSADC":"25"}},{"type":"Feature","geometry":{"type":"Polygon","coordinates":[[[-89.36308499985607,43.281305000287055],[-89.36288700038766,43.262610999908354],[-89.34574299993993,43.26712900032311],[-89.33940500023321,43.259937999985524],[-89.32455899987673,43.2664970000096],[-89.32354100025067,43.22366200029323],[-89.34286300024073,43.23093600007428],[-89.34864399955553,43.239651999740126],[-89.34349599990232,43.22364999970005],[-89.3484660001786,43.22363400021466],[-89.34825399956819,43.216367999824136],[-89.3612360002017,43.215411999693934],[-89.34500700034619,43.19452999989687],[-89.3342990004128,43.2000569998026],[-89.34121999955238,43.20377500020955],[-89.32294799987375,43.20918799993862],[-89.32287699972865,43.21641000003265],[-89.31832900012505,43.21641600006009],[-89.31827200022364,43.20555200004928],[-89.30835400031067,43.20448999979827],[-89.31233700002473,43.19467000017948],[-89.26405999963869,43.19504199976281],[-89.2600469997874,43.204595999960866],[-89.2500850003918,43.20957299993715],[-89.2441900003759,43.205990999758015],[-89.24540499964543,43.28209300006009],[-89.36308499985607,43.281305000287055]]]},"properties":{"NAME":"Windsor village","LSADC":"47"}},{"type":"Feature","geometry":{"type":"MultiPolygon","coordinates":[[[[-88.63369499976359,43.9895409998765],[-88.62863900017187,43.98928299968997],[-88.62864500001966,43.982017000214064],[-88.59312199976318,43.97893299973104],[-88.58591200002027,43.95158499987637],[-88.59343599958254,43.945096999982866],[-88.58331799965302,43.945057999730054],[-88.57831899996273,43.95579700014042],[-88.58313500025324,43.96061400010368],[-88.57325800034813,43.95934899985057],[-88.57316499956342,43.96663800011871],[-88.58307199960574,43.966839999756054],[-88.58293000021382,43.98166099998499],[-88.56732899999702,43.98142000003086],[-88.56408000022688,43.97617600030099],[-88.55321699958446,43.98124099970802],[-88.55742299977963,43.97695199977621],[-88.5513090003789,43.97083199994814],[-88.55335399985182,43.95907400022387],[-88.54335300009818,43.96623100003066],[-88.54464100006096,43.97372399994327],[-88.529225999617,43.97285400015804],[-88.52562600021758,43.98253900031414],[-88.5356959995682,43.99093099980562],[-88.53626800002874,44.00273199968327],[-88.53029600001992,44.0114149998246],[-88.51863499985947,44.00813899987304],[-88.51456099990881,44.023036000006904],[-88.52066099996414,44.03213199971721],[-88.51355400015342,44.036411000097765],[-88.5125270003065,44.031955000125535],[-88.50784999993317,44.04334199982617],[-88.52441199987464,44.04351600026105],[-88.52133200015889,44.051261999955095],[-88.53285000020419,44.0539700000843],[-88.532964000007,44.06127300012064],[-88.52250799996868,44.058065000313896],[-88.53307600016,44.07022100024622],[-88.52818000040186,44.0685450003111],[-88.52109699998225,44.08314399978529],[-88.53826399999618,44.09026100028379],[-88.53671699956732,44.08301100003002],[-88.54339400010605,44.07837900018428],[-88.54354399989387,44.090216000089555],[-88.55610499967959,44.08791500022769],[-88.56043700027142,44.082956000072954],[-88.54331600028824,44.07290800010206],[-88.5488749998452,44.06777499970031],[-88.55343599986759,44.08274599982517],[-88.56056600014287,44.08273100000939],[-88.56882199999923,44.0681380000837],[-88.55222599972261,44.067889999719505],[-88.55294299994809,44.058198999947244],[-88.55795000003431,44.065307999943386],[-88.56925200016954,44.065189999864366],[-88.5729949996841,44.058281000180344],[-88.56657300031179,44.07913600009208],[-88.6056619996325,44.07520799994121],[-88.57608399962066,44.06810500008216],[-88.58325499990384,44.06564299975558],[-88.5678970002596,44.05504799967932],[-88.58277200003008,44.04515599997302],[-88.58334600014042,44.03274299975187],[-88.59482300017785,44.03274499990969],[-88.60294400031499,44.02524599980026],[-88.60048200019224,44.014523000299754],[-88.62356900033646,44.01480099981088],[-88.62350999988692,43.99290099975446],[-88.63369499976359,43.9895409998765]],[[-88.54369500040494,43.97625700020457],[-88.54369500040494,43.97625700020457]],[[-88.54972500014007,44.06845499976758],[-88.54972500014007,44.06845499976758]],[[-88.54644799988253,44.06833700015283],[-88.54644799988253,44.06833700015283]],[[-88.54339300028114,44.07802499997547],[-88.54339300028114,44.07802499997547]],[[-88.5516490001375,44.06842899982891],[-88.5516490001375,44.06842899982891]],[[-88.54042900001804,43.97964399973695],[-88.54042900001804,43.97964399973695]],[[-88.54536499995915,44.06834700009648],[-88.54536499995915,44.06834700009648]],[[-88.54264300044369,43.97822899981638],[-88.54264300044369,43.97822899981638]],[[-88.57467900038033,44.06208599996505],[-88.57467900038033,44.06208599996505]],[[-88.54272899975909,43.97693999981822],[-88.53828999993546,43.97712699991177],[-88.54272899975909,43.97693999981822]],[[-88.54255200020711,43.97966599984133],[-88.54255200020711,43.97966599984133]],[[-88.54424400040092,44.04678000007355],[-88.54091699991467,44.049375999923086],[-88.54424400040092,44.04678000007355]],[[-88.62610799955382,43.98925699989957],[-88.62350999988692,43.99262199992281],[-88.62610799955382,43.98925699989957]],[[-88.54285699980562,44.05207200016008],[-88.53780799988661,44.05031799991611],[-88.54285699980562,44.05207200016008]],[[-88.55901200004128,44.0511200000325],[-88.55167900027473,44.04925500000401],[-88.55901200004128,44.0511200000325]],[[-88.5631670001828,44.05380000019904],[-88.54028199970493,44.06380500001379],[-88.54288199991997,44.05297400006913],[-88.5628430003177,44.05366400019773],[-88.56233699997942,44.04577400000516],[-88.5631670001828,44.05380000019904]]],[[[-88.52793400035456,44.06895699991908],[-88.50914299991884,44.06485099998633],[-88.51018300018451,44.08694599993988],[-88.51938200022218,44.08560300013487],[-88.51464600029762,44.08052499967869],[-88.52229500043167,44.080441000089266],[-88.52793400035456,44.06895699991908]],[[-88.51816399968126,44.08319800001784],[-88.51816399968126,44.08319800001784]],[[-88.5146880001304,44.08322299972643],[-88.5146880001304,44.08322299972643]],[[-88.51690900022876,44.08320500009216],[-88.51690900022876,44.08320500009216]]],[[[-88.64396400020415,43.98433299993756],[-88.6388569996605,43.98337199997491],[-88.64031500040092,43.98939999989849],[-88.64396400020415,43.98433299993756]]],[[[-88.54335700029613,43.96591999984871],[-88.53842600037788,43.96260799988332],[-88.54335700029613,43.96591999984871]]],[[[-88.51790699976333,44.025624999908466],[-88.5133509997638,44.028919999969034],[-88.51790699976333,44.025624999908466]]],[[[-88.52213100040015,44.05158600020436],[-88.52213100040015,44.05158600020436]]]]},"properties":{"NAME":"Oshkosh city","LSADC":"25"}},{"type":"Feature","geometry":{"type":"Polygon","coordinates":[[[-89.72743000009793,44.87357999997037],[-89.72744699981637,44.85816900001773],[-89.65947900026765,44.858347000083356],[-89.641312000171,44.869960999738005],[-89.63646200044361,44.88986799996331],[-89.62407800020992,44.89813999978959],[-89.6400379995536,44.904098999970245],[-89.64092200018368,44.91185000028556],[-89.61913600042102,44.919049999824566],[-89.6441349999688,44.92976099998524],[-89.65267799988034,44.943897999927025],[-89.72704299958532,44.94420699996269],[-89.72743000009793,44.87357999997037]]]},"properties":{"NAME":"Rib Mountain village","LSADC":"47"}},{"type":"Feature","geometry":{"type":"MultiPolygon","coordinates":[[[[-88.45109400010803,44.248031999791536],[-88.41776900038367,44.24403700011244],[-88.42398599971656,44.23526700012494],[-88.40392599958463,44.23484900014474],[-88.40400699977548,44.22957800005988],[-88.38973999955223,44.22460599970419],[-88.34312900031908,44.22869600006497],[-88.34293000012745,44.24368300015349],[-88.35403499972088,44.24385399978337],[-88.35486400009937,44.276762000072594],[-88.36859900004507,44.26871299996875],[-88.373756999744,44.27242000008988],[-88.3555140003777,44.27877300025188],[-88.36357900043838,44.28738499996642],[-88.35484400000789,44.287260000066645],[-88.35348499989999,44.307164999748586],[-88.34319700009115,44.307038999904506],[-88.34833399987372,44.31978200019959],[-88.34319500044133,44.31969000004044],[-88.34298799985378,44.328672000056336],[-88.34478700017773,44.323352000249066],[-88.36533299965816,44.32156400002725],[-88.37234099973469,44.32649999989396],[-88.36215099983517,44.332416999791164],[-88.35322200013425,44.328765000157375],[-88.35296400039138,44.334192999993114],[-88.35939499998453,44.33476500007323],[-88.35253000002312,44.34033800025383],[-88.35243799996161,44.35236299996839],[-88.3608500003519,44.348722999938325],[-88.3748759996524,44.353592000050476],[-88.37494000012484,44.33971800006574],[-88.38496500016792,44.343371999839796],[-88.38493900022866,44.33620899985251],[-88.39517199978589,44.33379999998584],[-88.3940379998089,44.323568999799946],[-88.40508300002618,44.329083000217814],[-88.40513300025489,44.323231999714494],[-88.41468200009693,44.32145299982152],[-88.40829800035945,44.32061000028149],[-88.4052040004,44.30817700001271],[-88.4152369999407,44.30821300030798],[-88.41556599982867,44.297069000010204],[-88.43607299984936,44.287644999728975],[-88.43616900010882,44.26499899979979],[-88.45094500014511,44.266047000264],[-88.43585899958912,44.25683200016262],[-88.44907700022418,44.25747999993483],[-88.45109400010803,44.248031999791536]],[[-88.42061399992278,44.23637099976732],[-88.41275399990153,44.2372959997896],[-88.41405299973498,44.24403500002054],[-88.40420199976916,44.244099999756436],[-88.41406699997869,44.23466999973339],[-88.42061399992278,44.23637099976732]],[[-88.41573800025613,44.28851999992405],[-88.41518199968911,44.29751900014765],[-88.4055140000214,44.29859900003711],[-88.40322199977794,44.28725700020468],[-88.41573800025613,44.28851999992405]],[[-88.41514300022938,44.30251099973619],[-88.40830500003214,44.30123900000217],[-88.41514300022938,44.30251099973619]],[[-88.41502199985554,44.30319599977486],[-88.41502199985554,44.30319599977486]],[[-88.41504299977194,44.2995789999382],[-88.41504299977194,44.2995789999382]],[[-88.41502199985554,44.30480399973702],[-88.41502199985554,44.30480399973702]],[[-88.40803800006844,44.31997000024378],[-88.40803800006844,44.31997000024378]],[[-88.40754099995098,44.30123699992731],[-88.40754099995098,44.30123699992731]],[[-88.40519500017918,44.31629599981538],[-88.40519500017918,44.31629599981538]],[[-88.40190799987587,44.32359399989502],[-88.40190799987587,44.32359399989502]],[[-88.40015899978064,44.32115599994068],[-88.39514500002171,44.31964700004236],[-88.40015899978064,44.32115599994068]],[[-88.39917899978941,44.31570500002542],[-88.39917899978941,44.31570500002542]],[[-88.3976780002896,44.31381199977531],[-88.3976780002896,44.31381199977531]],[[-88.3969319997518,44.31631599992926],[-88.3969319997518,44.31631599992926]],[[-88.3952210001897,44.3113660000276],[-88.3952210001897,44.3113660000276]],[[-88.39205299971209,44.31451500016818],[-88.38541700007954,44.31797100003327],[-88.3875889997741,44.323609000204044],[-88.37516600008064,44.31861599969479],[-88.37516299970758,44.31277399989573],[-88.39205299971209,44.31451500016818]],[[-88.3918560000686,44.32797299988454],[-88.3918560000686,44.32797299988454]],[[-88.39017899994337,44.328124999760036],[-88.39017899994337,44.328124999760036]],[[-88.3858299996331,44.32890900016797],[-88.3858299996331,44.32890900016797]],[[-88.38019499990817,44.32704699992134],[-88.37558799985504,44.31956899968142],[-88.38019499990817,44.32704699992134]],[[-88.38003099987664,44.32887400024697],[-88.37497100008697,44.335043999863885],[-88.38003099987664,44.32887400024697]],[[-88.3774010004227,44.22857799980181],[-88.3774010004227,44.22857799980181]],[[-88.37498199995763,44.30993200011803],[-88.37498199995763,44.30993200011803]],[[-88.37496600006409,44.315934999705],[-88.37496600006409,44.315934999705]],[[-88.37497699993476,44.301919000288215],[-88.37497699993476,44.301919000288215]],[[-88.37497500028493,44.322622999837066],[-88.37497500028493,44.322622999837066]],[[-88.37478799978886,44.32148800031435],[-88.36495000024183,44.32003600025316],[-88.37478799978886,44.32148800031435]],[[-88.3741919999372,44.32537900009947],[-88.3741919999372,44.32537900009947]],[[-88.36990000042665,44.30042299980632],[-88.36990000042665,44.30042299980632]],[[-88.36821400008058,44.22898400015034],[-88.36303799993996,44.23586499979373],[-88.36317799968205,44.22891899980721],[-88.36821400008058,44.22898400015034]],[[-88.3679260002005,44.31770100007264],[-88.36343600032323,44.32304799978905],[-88.36218400034544,44.31661999992133],[-88.3679260002005,44.31770100007264]],[[-88.36299799975698,44.2293059999004],[-88.36299799975698,44.2293059999004]],[[-88.35484800020583,44.239469999721805],[-88.35484800020583,44.239469999721805]],[[-88.35482300009149,44.317060999797505],[-88.35482300009149,44.317060999797505]],[[-88.35420799997326,44.319892000312244],[-88.35420799997326,44.319892000312244]],[[-88.35347900005219,44.3079039998941],[-88.34929299994855,44.308925999981916],[-88.35347900005219,44.3079039998941]]],[[[-88.37094200034214,44.224789000030825],[-88.36826799960895,44.221607000126305],[-88.37094200034214,44.224789000030825]]],[[[-88.37457699990168,44.2218149997713],[-88.37457699990168,44.2218149997713]]],[[[-88.37821099963627,44.31659899981393],[-88.37821099963627,44.31659899981393]]],[[[-88.37983000003518,44.3145250002081],[-88.37983000003518,44.3145250002081]]],[[[-88.40440199978569,44.2094749998002],[-88.40440199978569,44.2094749998002]]],[[[-88.4406589999861,44.32998199985621],[-88.43567600018932,44.32939200028599],[-88.43558099975478,44.34068400010734],[-88.44042800000742,44.34065700021265],[-88.4406589999861,44.32998199985621]]]]},"properties":{"NAME":"Appleton city","LSADC":"25"}},{"type":"Feature","geometry":{"type":"MultiPolygon","coordinates":[[[[-88.30498099973323,43.01017000013081],[-88.28604500043086,43.01041199987638],[-88.28095999962854,43.00018600009913],[-88.30129599994498,42.99918900006171],[-88.30156200008376,42.99278699978927],[-88.27424700000307,42.99513400029963],[-88.27398099986429,43.003002999757555],[-88.26676899957324,42.998191000309276],[-88.2869490002541,42.98704299980858],[-88.26475400023755,42.987805999691076],[-88.26729400017811,42.98054999969596],[-88.28222199965205,42.981214999682095],[-88.27332999976105,42.97380000021902],[-88.2883929998525,42.97233299985624],[-88.28284299961807,42.97004699970278],[-88.28768300019803,42.96197300014376],[-88.29535999992116,42.9614150000797],[-88.28760200000717,42.953671999783396],[-88.26529499983762,42.95193500023115],[-88.2652089996239,42.95928300029042],[-88.27965499994731,42.96491599985017],[-88.24786900025592,42.96769999970493],[-88.24984099993392,42.98094400012421],[-88.2484380003434,42.9557269997532],[-88.24295900025406,42.95469900012155],[-88.2462289999406,42.95918800019231],[-88.2405749999491,42.9592440000672],[-88.24037900013053,42.966415999690085],[-88.21485099977993,42.98111600029007],[-88.21708600012197,42.98896399970589],[-88.21202799998211,42.98883199981508],[-88.21234299962639,42.981256999834066],[-88.2058669998274,42.986247999903405],[-88.21250199963504,42.97685299996364],[-88.19768200011615,42.973833000236056],[-88.19959600006784,42.984142000319885],[-88.18961000038279,42.984896999951935],[-88.20066399992261,42.994193000015386],[-88.18742100007151,42.98837299997446],[-88.18710800007706,42.99693499981576],[-88.20067099959529,42.997090000253124],[-88.18710899990197,42.997002999928625],[-88.1968050000571,43.00319699996696],[-88.18670200019619,43.00581499982013],[-88.19973400016009,43.0095010003027],[-88.20058500027989,43.01725700004836],[-88.19121899983763,43.017398999744856],[-88.17389700001301,43.03445500004073],[-88.18163099963755,43.04036899976224],[-88.22052200038817,43.02691600015786],[-88.22206999974365,43.04311900023023],[-88.24834799993171,43.047009999830244],[-88.2514650003557,43.05960699981437],[-88.26549800022721,43.059423000115274],[-88.27084900027002,43.04691100009609],[-88.28242699969145,43.05207299988298],[-88.29210000028037,43.04483899995642],[-88.28559500016908,43.03206000010633],[-88.30465900041627,43.03186499972023],[-88.30498099973323,43.01017000013081]],[[-88.26542299988414,42.99317799984947],[-88.25368100043117,42.99555200003386],[-88.26542299988414,42.99317799984947]],[[-88.25888000013802,43.00441900003734],[-88.25304500039654,43.00361500003612],[-88.25888000013802,43.00441900003734]],[[-88.24972899978093,42.98351899971308],[-88.23786099993126,42.990854000118624],[-88.23948199997997,42.98509800006934],[-88.24972899978093,42.98351899971308]],[[-88.22396799980181,42.984499999986184],[-88.22396799980181,42.984499999986184]],[[-88.22392799961885,42.98266500006022],[-88.22392799961885,42.98266500006022]],[[-88.21197299973053,42.99957499976611],[-88.20413699999874,43.003097999845245],[-88.20805500031379,43.00596099969767],[-88.1967079999727,43.006256999707375],[-88.19984299994003,42.99984599997008],[-88.21197299973053,42.99957499976611]],[[-88.2037820001715,43.014006999695226],[-88.2037820001715,43.014006999695226]]],[[[-88.28778899960493,42.941581999760956],[-88.27813799965564,42.94002100002699],[-88.28778899960493,42.941581999760956]]]]},"properties":{"NAME":"Waukesha city","LSADC":"25"}},{"type":"Feature","geometry":{"type":"Polygon","coordinates":[[[-88.30372000043293,43.10500999987373],[-88.18567100015134,43.104704000013086],[-88.18522099988955,43.117226999926906],[-88.20087599963472,43.12439499980002],[-88.20784299970337,43.12443800023198],[-88.20703000011673,43.11970599980052],[-88.21830799996252,43.12285799971858],[-88.21873700030793,43.11576199985575],[-88.25108399969086,43.106787000080885],[-88.25407899991612,43.13051199994016],[-88.26401400044585,43.130572999841284],[-88.26379799963746,43.137609999912804],[-88.2535640002553,43.14600099982831],[-88.23378899963042,43.141426000224044],[-88.23833299993436,43.155698999924006],[-88.22335100003376,43.159106999784846],[-88.23311400013601,43.162891000118],[-88.19335600027041,43.1626749999312],[-88.19389199984761,43.14885399972499],[-88.2043749996501,43.13673699997481],[-88.18959299976603,43.133805999974605],[-88.19483500002892,43.12639999981975],[-88.20105200026012,43.127845999771054],[-88.19992900015377,43.122809999992185],[-88.19245699957172,43.12608599995693],[-88.18509799986592,43.12021499967264],[-88.18222800021245,43.1925710002703],[-88.30008499997508,43.19313900023748],[-88.30148199971782,43.157655999943884],[-88.29298499983703,43.155840000149084],[-88.29372700017689,43.141618000118044],[-88.30054899958226,43.14131999982621],[-88.28217399997148,43.12680900004913],[-88.30277700025162,43.12678999992752],[-88.30372000043293,43.10500999987373]]]},"properties":{"NAME":"Lisbon village","LSADC":"47"}},{"type":"Feature","geometry":{"type":"Polygon","coordinates":[[[-87.95196899958873,42.844538999709656],[-87.82496899986492,42.84615799975074],[-87.84353400034483,42.87348799978084],[-87.84352799959872,42.89029100009583],[-87.88210200015695,42.89357699983174],[-87.88139199960416,42.93003200017567],[-87.88784900003488,42.93003399968659],[-87.89056499970253,42.922692999963566],[-87.89032700005117,42.93003599985517],[-87.9299519998474,42.93027700029256],[-87.93059799992778,42.9208230001938],[-87.93537999988311,42.920841999700535],[-87.9404969995742,42.92089599978988],[-87.94014900031796,42.93030900022517],[-87.94938099996756,42.93037200029051],[-87.95196899958873,42.844538999709656]]]},"properties":{"NAME":"Oak Creek city","LSADC":"25"}},{"type":"Feature","geometry":{"type":"Polygon","coordinates":[[[-87.96304300011833,42.65140100031958],[-87.95806699999424,42.647692999898496],[-87.96294600003397,42.63321399985212],[-87.9530719996036,42.63310499972029],[-87.95290900029529,42.61413500004593],[-87.92634599970187,42.603978999918084],[-87.88540700000358,42.60320499973611],[-87.88698600021951,42.591953999964176],[-87.88172399986517,42.59067200006037],[-87.87673799969535,42.624261999769615],[-87.85707500012177,42.62381399981232],[-87.85663599973061,42.63934999994157],[-87.82274399956862,42.63861800007596],[-87.82766699998925,42.62214700030746],[-87.82235799977924,42.616998999798604],[-87.82498300010862,42.63042000028981],[-87.81864799987663,42.62669599992132],[-87.80559800036939,42.66789999998438],[-87.95341999975814,42.669566999821946],[-87.95324999987882,42.65491699975409],[-87.96304300011833,42.65140100031958]],[[-87.95720199963077,42.6406030000338],[-87.95720199963077,42.6406030000338]],[[-87.95545099988568,42.6398249997359],[-87.9531560001675,42.64409699996744],[-87.95545099988568,42.6398249997359]]]},"properties":{"NAME":"Somers village","LSADC":"47"}},{"type":"Feature","geometry":{"type":"MultiPolygon","coordinates":[[[[-89.57165999992607,43.06094599977867],[-89.56674999992423,43.06020100019668],[-89.56689100038953,43.0456460000788],[-89.55728300009795,43.04569899978936],[-89.56706100026885,43.04203800003569],[-89.56738500013394,43.03477099976428],[-89.55308399957549,43.027896000326386],[-89.5580670002706,43.01946300020018],[-89.53351300006342,43.01608400020359],[-89.53338500001689,43.02483299980272],[-89.52367299996826,43.02315300011258],[-89.52851799967277,43.0160200001946],[-89.52236400008906,43.015966999808214],[-89.5167419998846,43.00144299974661],[-89.4990569998368,42.998213000136204],[-89.4841729998455,43.00852199992788],[-89.48386099967597,43.02666400019367],[-89.4663759996447,43.02705600020169],[-89.46798300034804,43.03184400019728],[-89.46115500019656,43.03106099981813],[-89.4615519998566,43.02256299975097],[-89.45789399983252,43.03177499983816],[-89.43486600013784,43.03164600021478],[-89.4302730003284,43.023188999884326],[-89.41355800022608,43.026808000112254],[-89.41689200038505,43.03146500025561],[-89.40995399973039,43.0345459999596],[-89.40510499982791,43.02457900010231],[-89.39514799955687,43.023606000298976],[-89.39108500037518,43.03632100029652],[-89.37998800027935,43.03943300014991],[-89.38172999980358,43.02679900004516],[-89.36483999979909,43.028495999944504],[-89.35536700012503,43.02183500028414],[-89.34030499985849,43.02912199999247],[-89.32961700001658,43.025477000300214],[-89.32291699991161,43.03494000023063],[-89.31627999955583,43.03173600028601],[-89.32637900011709,43.04164100030333],[-89.33028599966316,43.032677000058214],[-89.35822000006006,43.03281499998402],[-89.35914399997479,43.04391300031968],[-89.33672800002527,43.04988400006654],[-89.33962500034124,43.058417000231366],[-89.34665199978605,43.05426099997889],[-89.35150999990934,43.059482999706844],[-89.32530399969131,43.078730999893956],[-89.32665399957837,43.086883999992466],[-89.3260500002291,43.07286300003159],[-89.32110599989208,43.072959999753955],[-89.32607500034347,43.07105300005986],[-89.32580400018183,43.058319999810514],[-89.31638099983817,43.05126799979943],[-89.3091240002396,43.05503499983093],[-89.30653900009318,43.042365000313495],[-89.31097799991683,43.04116599974679],[-89.2967120004168,43.0405929999537],[-89.296374000308,43.02583699985748],[-89.28904700038923,43.026024999845156],[-89.2891300002299,43.03143900020674],[-89.2815899998758,43.02625299985409],[-89.28681200004718,43.03882300019934],[-89.27875799985718,43.0372769997644],[-89.2766460004371,43.026377000160096],[-89.2692209997107,43.02659200010769],[-89.27679500039999,43.04089200022463],[-89.26484499963625,43.03067500031942],[-89.2470499999836,43.02714299999305],[-89.24690299967051,43.04050899997776],[-89.23465599970416,43.041613000145816],[-89.23183999957904,43.04822300029753],[-89.2445219997386,43.05003199974392],[-89.24685900018788,43.043456000132615],[-89.24703400009007,43.1071799997526],[-89.26299500015698,43.106886000190876],[-89.24987699997935,43.109406000175134],[-89.25669099988714,43.11794899982302],[-89.24767099994963,43.12529799990167],[-89.2650949998815,43.13233400009662],[-89.26642899987505,43.119716999903105],[-89.2813349996077,43.113343000182354],[-89.27488499974797,43.106755000170054],[-89.29134100028253,43.10656100002477],[-89.28636099996046,43.10797899992491],[-89.28995100021247,43.12125400021259],[-89.2763080003283,43.11865700018865],[-89.2761970000002,43.12762199975813],[-89.27135200029569,43.121392000129454],[-89.27606700030385,43.13591499971009],[-89.2810969999563,43.131081000008024],[-89.28804700030653,43.13764700032643],[-89.27001699957891,43.14316599988995],[-89.26572599989326,43.15047399996611],[-89.27764999981943,43.15406099977743],[-89.27515300043488,43.16505900017051],[-89.2947909998941,43.164772000012064],[-89.29479000006921,43.172032000134976],[-89.31447199990937,43.17188000004345],[-89.312214999826,43.16461400031963],[-89.31783799985537,43.171880999795285],[-89.3243029997837,43.16992499985815],[-89.32547500029384,43.14651399982038],[-89.34264200030779,43.15244299972661],[-89.34869100030951,43.136155000302665],[-89.35534899968337,43.13636499980266],[-89.35466199959511,43.15178199970581],[-89.36266899992945,43.15148599997866],[-89.36213199962903,43.16627200012512],[-89.37844599987335,43.17016499992605],[-89.38440199998864,43.15870199985358],[-89.40457400027358,43.15661899983688],[-89.39254200039238,43.1483970001514],[-89.41011799976191,43.14101500021635],[-89.4090180001201,43.131875999868775],[-89.42947900011004,43.13337799994547],[-89.45276100024793,43.10995099982117],[-89.48362300002458,43.10589500023649],[-89.48377700001038,43.08835599972264],[-89.49112900004351,43.09021400005488],[-89.4872840004217,43.08541800009646],[-89.49236099992979,43.08247000028639],[-89.53093499958969,43.086988999765026],[-89.56261900007215,43.08201200014013],[-89.57120600036461,43.07467200032679],[-89.57165999992607,43.06094599977867]],[[-89.51897999970139,43.031653000079174],[-89.51897999970139,43.031653000079174]],[[-89.35458600032544,43.04544399993219],[-89.35458600032544,43.04544399993219]],[[-89.36295299961158,43.145211999897136],[-89.36295299961158,43.145211999897136]],[[-89.552738999794,43.05936400008775],[-89.552738999794,43.05936400008775]],[[-89.27999300011652,43.12141800006945],[-89.27999300011652,43.12141800006945]],[[-89.48580200029015,43.04642900014898],[-89.48580200029015,43.04642900014898]],[[-89.53196700035777,43.074880000161436],[-89.53196700035777,43.074880000161436]],[[-89.53756500027278,43.07762299997192],[-89.53756500027278,43.07762299997192]],[[-89.27376500001466,43.04336899983052],[-89.27376500001466,43.04336899983052]],[[-89.54268399961369,43.044730000076285],[-89.54268399961369,43.044730000076285]],[[-89.53756000024993,43.04577700015958],[-89.53756000024993,43.04577700015958]],[[-89.32108900017366,43.163892000232245],[-89.32108900017366,43.163892000232245]],[[-89.53060499987681,43.030270999935034],[-89.53060499987681,43.030270999935034]],[[-89.26829299959803,43.04719199971371],[-89.26829299959803,43.04719199971371]],[[-89.53302199979375,43.030746000123585],[-89.53302199979375,43.030746000123585]],[[-89.53700200003307,43.074832000211785],[-89.53700200003307,43.074832000211785]],[[-89.51514099992737,43.029801999981245],[-89.51514099992737,43.029801999981245]],[[-89.3207610001106,43.09935100007838],[-89.3207610001106,43.09935100007838]],[[-89.51958399994896,43.033583000325876],[-89.51958399994896,43.033583000325876]],[[-89.51720600039012,43.02789799994083],[-89.51720600039012,43.02789799994083]],[[-89.27650900016974,43.10879800010196],[-89.27650900016974,43.10879800010196]],[[-89.50964699976942,43.033359000151954],[-89.50964699976942,43.033359000151954]],[[-89.29807599964927,43.162558999988924],[-89.29807599964927,43.162558999988924]],[[-89.26848599994189,43.09818500012151],[-89.26848599994189,43.09818500012151]],[[-89.29667300005875,43.117365999734446],[-89.29667300005875,43.117365999734446]],[[-89.31115799984188,43.0713300002826],[-89.31115799984188,43.0713300002826]],[[-89.52266100018998,43.056818999736734],[-89.52266100018998,43.056818999736734]],[[-89.51816600028984,43.03390900032007],[-89.51816600028984,43.03390900032007]],[[-89.56309500027321,43.0592879998351],[-89.56309500027321,43.0592879998351]],[[-89.54253200017604,43.0458249998836],[-89.54253200017604,43.0458249998836]],[[-89.28170799987659,43.049016000180984],[-89.28170799987659,43.049016000180984]],[[-89.49613500030482,43.05178599986075],[-89.49613500030482,43.05178599986075]],[[-89.53447200013824,43.072902999746255],[-89.53447200013824,43.072902999746255]],[[-89.27485399978583,43.044573999856716],[-89.26983599982894,43.04541200014046],[-89.27485399978583,43.044573999856716]],[[-89.56340599971952,43.07482299997096],[-89.5571099998456,43.07473000002989],[-89.56340599971952,43.07482299997096]],[[-89.54691999994606,43.06660400003981],[-89.54016399976459,43.067534999739834],[-89.54691999994606,43.06660400003981]],[[-89.56348899956019,43.048548000176666],[-89.56003800012368,43.05158400024066],[-89.56348899956019,43.048548000176666]],[[-89.50843599979953,43.03164600021478],[-89.50640499967199,43.036637000260264],[-89.50843599979953,43.03164600021478]],[[-89.50192999986332,43.05245400001493],[-89.49676700014147,43.050198999988915],[-89.50192999986332,43.05245400001493]],[[-89.3207540004379,43.100368999676],[-89.31334299995524,43.0986559999222],[-89.3207540004379,43.100368999676]],[[-89.32543299956274,43.12947699976024],[-89.32543299956274,43.12947699976024]],[[-89.29143699964368,43.06249799973119],[-89.2864680000906,43.06489599995944],[-89.29143699964368,43.06249799973119]],[[-89.52841899993857,43.02709799988993],[-89.52342500027115,43.03133200031907],[-89.52841899993857,43.02709799988993]],[[-89.27077399998737,43.09425099972525],[-89.2667770000296,43.092191000193594],[-89.27077399998737,43.09425099972525]],[[-89.3706639996699,43.09767699967897],[-89.3653069997793,43.10156200011687],[-89.3706639996699,43.09767699967897]],[[-89.26944800038974,43.07533199970265],[-89.26307999964747,43.08133499992468],[-89.26944800038974,43.07533199970265]],[[-89.53293200028037,43.031629000259464],[-89.5280680003093,43.03634800024478],[-89.53293200028037,43.031629000259464]],[[-89.52348899984524,43.02507999980916],[-89.51667300028764,43.02664999998287],[-89.52348899984524,43.02507999980916]],[[-89.27168500038162,43.08418700025609],[-89.26803400003024,43.077912999721],[-89.27168500038162,43.08418700025609]],[[-89.53195099956594,43.04584599987417],[-89.52161599990144,43.047793000214696],[-89.53195099956594,43.04584599987417]],[[-89.33577499979823,43.10048099982373],[-89.33547299967445,43.10675400000864],[-89.32700400028108,43.106675999826784],[-89.33577499979823,43.10048099982373]],[[-89.55200800022313,43.060325999771834],[-89.54214100036378,43.06390700016729],[-89.55200800022313,43.060325999771834]],[[-89.55663600019265,43.067485999797285],[-89.55625299987803,43.07609699991238],[-89.55138999973185,43.07474099968452],[-89.55663600019265,43.067485999797285]],[[-89.55748800013737,43.03842000023334],[-89.54728999984191,43.04752500029929],[-89.5501269998834,43.03844799987827],[-89.55748800013737,43.03842000023334]],[[-89.31529299989191,43.146476000017174],[-89.30778699987302,43.16463100008635],[-89.29977399969088,43.16922600018375],[-89.3018729995905,43.159125999694645],[-89.3087090001379,43.1604339996996],[-89.30266199978603,43.146040000101586],[-89.31529299989191,43.146476000017174]],[[-89.38322199998089,43.11515900009123],[-89.3736549996972,43.124140000139434],[-89.36400799994587,43.10292600011244],[-89.38322199998089,43.11515900009123]],[[-89.46362499981693,43.07815100020468],[-89.44597599975414,43.087189999689784],[-89.42877899960297,43.07336700004105],[-89.46362499981693,43.07815100020468]]],[[[-89.28127199985849,43.11604299993806],[-89.2763519998109,43.11613400009419],[-89.28127199985849,43.11604299993806]]],[[[-89.28617199981458,43.0214129997695],[-89.28617199981458,43.0214129997695]]]]},"properties":{"NAME":"Madison city","LSADC":"25"}},{"type":"Feature","geometry":{"type":"MultiPolygon","coordinates":[[[[-88.07100899973217,43.12153599991041],[-88.0655890000924,43.120676999744845],[-88.06602500011049,43.10422099970542],[-88.02751900022265,43.10444800007346],[-88.02771000001837,43.09019399994678],[-88.03710099967664,43.0908450002112],[-88.03698000020115,43.09690800000831],[-88.03066000003777,43.09694500011551],[-88.0376399996269,43.098062000308076],[-88.04770200037824,43.090213000279235],[-88.03822899980587,43.08915999982683],[-88.03386799980002,43.076138000146344],[-88.03841200010397,43.06758800022289],[-88.00239699975292,43.06946499996427],[-87.98750400043907,43.06437599998542],[-87.98498299986677,43.03715399979617],[-88.0235730003185,43.03117500009712],[-88.02190000039124,43.03891800003062],[-88.03148799969301,43.03878099999892],[-88.04704100022924,43.035080999719696],[-88.04489399975076,43.026651000138756],[-87.98246399984258,43.024125999871565],[-87.98239299969747,43.01838400026106],[-87.96169800025413,43.02136699982132],[-87.96751100025429,43.01431200027043],[-87.96111800029598,43.00299099983284],[-88.00189399978765,42.999015999926335],[-88.00209399980422,42.98831699967625],[-88.03768700038088,42.98810299989727],[-88.03768400000783,42.97363000003001],[-87.99005600007523,42.973880999691396],[-87.98827299964478,42.969592000013904],[-87.98224799993251,42.98095000026802],[-87.98825799957619,42.96663000001997],[-87.97769199993301,42.96665299978691],[-87.97016099979973,42.97498200012346],[-87.98108700019134,42.9806740002765],[-87.97039799962619,42.987876999782365],[-87.9682500002211,42.97270000003546],[-87.95633499961745,42.98076299989238],[-87.95605299958513,42.975005000053606],[-87.94851300012934,42.97393600029476],[-87.94908899988953,42.943681000191724],[-87.96450699980822,42.94488499999985],[-87.96407099979014,42.93763799970764],[-87.9492420000504,42.93761700019757],[-87.94938099996756,42.93037200029051],[-87.94014900031796,42.93030900022517],[-87.9404969995742,42.92089599978988],[-87.93059799992778,42.9208230001938],[-87.9299519998474,42.93027700029256],[-87.89032700005117,42.93003599985517],[-87.8891319999748,42.92268799993256],[-87.88325000037764,42.95912799984721],[-87.8896809999708,42.9592410002513],[-87.8939969997708,42.97327900011324],[-87.88651699969115,42.9719029998886],[-87.88880700028479,42.98058400028284],[-87.87466300008518,42.98051500015465],[-87.86892899972774,42.98666600027653],[-87.8877949996082,43.000588000201056],[-87.88438799965431,43.004861000115014],[-87.89159999994536,43.00715099993234],[-87.89882899995484,43.025773000163426],[-87.89500000022656,43.04253500011471],[-87.88179199963724,43.04612199992579],[-87.88989500023104,43.0458600003015],[-87.88712699978652,43.052875999789826],[-87.88022699966501,43.04468200015199],[-87.88196700043774,43.05325799990691],[-87.86384600037182,43.070716000202204],[-87.87082500013607,43.08193800023071],[-87.89168399961093,43.08196800016927],[-87.90708200033647,43.10400800007397],[-87.9169490001958,43.10462899977527],[-87.90770099975435,43.098954999785995],[-87.90788300022754,43.08974600027412],[-87.92506100011214,43.09456800003998],[-87.9309519999301,43.10799299993591],[-87.92083499982552,43.118703999928506],[-87.94004999968544,43.11902899987622],[-87.94578300021797,43.112256000263116],[-87.95475799994965,43.148488000023434],[-87.9454330004136,43.14837099988218],[-87.94513899978742,43.15869200017727],[-87.95811600039805,43.16308700031824],[-87.96548199977657,43.14858399977036],[-87.97528900025978,43.14859300031238],[-87.97485999991437,43.16313200019859],[-87.99475799966461,43.16318800019264],[-87.99417100003376,43.19255000014826],[-88.06335299992544,43.19211699979515],[-88.06527000025017,43.12541100018861],[-88.07100899973217,43.12153599991041]]],[[[-88.0664760001972,43.19475400032588],[-88.06335299992544,43.19211699979515],[-88.0664760001972,43.19475400032588]]]]},"properties":{"NAME":"Milwaukee city","LSADC":"25"}},{"type":"Feature","geometry":{"type":"Polygon","coordinates":[[[-88.06391600016512,43.23437599991918],[-88.06335299992544,43.19211699979515],[-87.89910400031445,43.19200799998755],[-87.89601600020278,43.19708800015816],[-87.89677799973579,43.214475999709336],[-87.91199900001101,43.24699800016678],[-87.90277599968388,43.280315000103684],[-87.97933399989813,43.27947800000958],[-87.98013599961412,43.27427299982045],[-87.99191099957736,43.27926399971244],[-88.06329199982608,43.27888099967924],[-88.06391600016512,43.23437599991918]],[[-87.98897399997675,43.22540400013668],[-87.98876999976227,43.24345300030955],[-87.9638280001159,43.23890100014772],[-87.96475399968043,43.23289500016163],[-87.98897399997675,43.22540400013668]]]},"properties":{"NAME":"Mequon city","LSADC":"25"}},{"type":"Feature","geometry":{"type":"Polygon","coordinates":[[[-87.95358799998763,42.757950000299005],[-87.82169699963025,42.75531900015693],[-87.81919000019995,42.767615999879474],[-87.80411799988765,42.766499000127055],[-87.79321699961041,42.77359700032733],[-87.78200499988687,42.76998299967116],[-87.77633900019977,42.79495300023845],[-87.8152159998084,42.82573599991852],[-87.82630600023153,42.84222899970712],[-87.95190400018973,42.84354599975338],[-87.95358799998763,42.757950000299005]],[[-87.865624999706,42.77617300001464],[-87.84595899975936,42.77714099973455],[-87.84613200001172,42.771724000129865],[-87.85594500034271,42.77008800030228],[-87.85602499981033,42.757714000297575],[-87.865624999706,42.77617300001464]],[[-87.86561200018552,42.7783539997477],[-87.86094900005588,42.780803999797314],[-87.86561200018552,42.7783539997477]]]},"properties":{"NAME":"Caledonia village","LSADC":"47"}},{"type":"Feature","geometry":{"type":"MultiPolygon","coordinates":[[[[-88.13982599975085,44.499039000200966],[-88.11959400008979,44.498741000305024],[-88.12747199965438,44.50808500015965],[-88.10047299994119,44.501811000307285],[-88.08365800027977,44.51093599993203],[-88.0416519996533,44.4963559998999],[-88.03768400000783,44.492471000165814],[-88.04532300009613,44.492674999921434],[-88.038223999783,44.48585799997778],[-88.02412599961414,44.49861599995117],[-87.99720300006894,44.48909200003247],[-87.98284999963197,44.473524000159486],[-87.9854220002579,44.47951000021884],[-87.96959000006242,44.47709500024942],[-87.9739329996266,44.48067999969968],[-87.96306499985964,44.471308999906185],[-87.887182999863,44.472937000209185],[-87.88681700016512,44.52263499974846],[-87.8792340001533,44.52749600017389],[-87.90685600038066,44.531562000315574],[-87.90692499997763,44.538713999851026],[-87.90065900024092,44.538648999943376],[-87.8890759998983,44.55473799969204],[-87.89613199965542,44.55485999976803],[-87.89598500024064,44.57467200015548],[-87.90569999976402,44.56379299993536],[-88.03220300026868,44.56319199984769],[-88.05296499965918,44.53999699987316],[-88.06679400021451,44.54475799992881],[-88.07675200031046,44.53009100027654],[-88.10495500032086,44.543117000139375],[-88.1222839998182,44.541627000118986],[-88.12992499955632,44.52379499984616],[-88.13980400000955,44.523859999681676],[-88.13982599975085,44.499039000200966]]],[[[-87.88191899985883,44.53474199990774],[-87.84128300010926,44.531157000259455],[-87.84116099991051,44.5366440000058],[-87.85643700043731,44.53663500029402],[-87.86644300021383,44.54925800007536],[-87.88109100020358,44.552888999806484],[-87.88191899985883,44.53474199990774]]]]},"properties":{"NAME":"Green Bay city","LSADC":"25"}},{"type":"Feature","geometry":{"type":"Polygon","coordinates":[[[-89.69372000040912,44.82244999969848],[-89.69179399986355,44.81500999980811],[-89.67478400020845,44.81549600020768],[-89.67954100004941,44.79898499987953],[-89.65977499964535,44.80773800025465],[-89.65974799988118,44.80049199983117],[-89.65465399975632,44.80047299982722],[-89.65974399968322,44.7860220000397],[-89.63430400009446,44.789595999852246],[-89.63435500014809,44.78242500023585],[-89.65288200009485,44.77880699968671],[-89.6546880000915,44.77160500021266],[-89.49102699993624,44.77270699991469],[-89.49074999992682,44.85841699989402],[-89.63440299982867,44.85831300019919],[-89.63056800025261,44.85109600006272],[-89.63893000041418,44.8511329999651],[-89.63735200002316,44.858321999721],[-89.65945199960515,44.85839200019883],[-89.69372000040912,44.82244999969848]]]},"properties":{"NAME":"Kronenwetter village","LSADC":"47"}},{"type":"Feature","geometry":{"type":"Polygon","coordinates":[[[-89.72716300013424,45.049117000123225],[-89.72705699982903,44.973031999938165],[-89.66090600014762,44.973500999778416],[-89.66659399957601,44.988111999923234],[-89.6574620003838,44.98870899975517],[-89.66613699964152,45.000007999819445],[-89.65840200019205,44.995368000215834],[-89.64922200042098,44.99902499998253],[-89.6461130003929,44.988664999959596],[-89.63123100005143,44.99364099977776],[-89.63366800005983,44.98818900012737],[-89.6235979998109,44.98829100001576],[-89.62684800030426,45.00273600012276],[-89.61091300017662,45.0033890002452],[-89.62537399967032,45.00604299975544],[-89.64659600026665,45.025986000098285],[-89.64656699995435,45.03948799992008],[-89.65102099984661,45.03948099971032],[-89.63755799988748,45.0692979997766],[-89.62097000000676,45.07885300009797],[-89.63870199991024,45.087650000138666],[-89.6264569995937,45.10247799991791],[-89.63258099993848,45.119896000220585],[-89.72683599989608,45.119966000175765],[-89.72716300013424,45.049117000123225]]]},"properties":{"NAME":"Maine village","LSADC":"47"}}]}