{"type":"FeatureCollection","features":[{"type":"Feature","geometry":{"type":"Polygon","coordinates":[[[-88.40218099968736,43.80649999980639],[-88.40208000030333,43.79460600004464],[-88.38402500035967,43.79436599995377],[-88.39494099980722,43.8033989998959],[-88.38201599997343,43.804691999809975],[-88.38141900029687,43.79634299990006],[-88.37149299998796,43.79966800030227],[-88.36637100027403,43.79077499974316],[-88.3215879998805,43.79030600030645],[-88.28124500003388,43.79005900015647],[-88.28126400030047,43.80463300031094],[-88.16115200010427,43.804496999903186],[-88.15997499957125,43.63045000018491],[-87.80519599978815,43.6303410003153],[-87.8093459999068,43.6194210002452],[-87.80127300034856,43.618588999723],[-87.80259899994617,43.61584300017496],[-87.77030500026667,43.61572699995913],[-87.76943099968236,43.63029100006437],[-87.7954469999296,43.630390999874365],[-87.78768499981764,43.63786499988322],[-87.79245099987943,43.639168000294745],[-87.79616099978203,43.630390999874365],[-87.79916900042608,43.63173600023387],[-87.80020899979343,43.71773999991403],[-87.76807900014545,43.717673000114814],[-87.76160900019426,43.71212799968612],[-87.75995600035849,43.7319499999722],[-87.7498829997365,43.73204100005595],[-87.74986099999519,43.73558800019373],[-87.75734799974754,43.73567799973149],[-87.76403100013407,43.75374499975871],[-87.7747209996258,43.75381000027398],[-87.77468700018893,43.76029499997043],[-87.79500699971355,43.76026299989958],[-87.79498400014732,43.744912999901835],[-87.80014199984628,43.7449540002452],[-87.80149199973336,43.8919240002361],[-87.92225300038295,43.89202800011475],[-87.92240700036874,43.978996000116254],[-88.04213799990009,43.9791700000326],[-88.04201999989932,43.92130600007533],[-88.04559300043287,43.927906999930066],[-88.05192199991878,43.92506399994264],[-88.0468479998854,43.919625000204334],[-88.04679000015908,43.906515000005],[-88.0418290001036,43.90649599982148],[-88.04179399994351,43.891691999902285],[-88.16227400038571,43.891511000133185],[-88.16165400024461,43.93768300007296],[-88.31494800005,43.9376650002026],[-88.31894900020572,43.925229999711156],[-88.33292000015297,43.91595299988373],[-88.3706720000054,43.86438500017596],[-88.37470400012327,43.85281800021394],[-88.387561000185,43.84163200004846],[-88.38904499996637,43.81853700024017],[-88.40218099968736,43.80649999980639]]]},"properties":{"NAME":"Assembly District 27","GEOID":"55027"}},{"type":"Feature","geometry":{"type":"Polygon","coordinates":[[[-91.27331599969862,43.66830700014433],[-91.27174900007658,43.654928999882905],[-91.26239699987802,43.641760000023744],[-91.26874800000354,43.61534800010485],[-91.23186499981425,43.58182200017388],[-91.23281200019352,43.564841999729346],[-91.24321399980515,43.55072199970079],[-91.24318299984301,43.54030900031795],[-91.23294100006494,43.523966999890504],[-91.21735300026693,43.51247399983535],[-91.2160350001669,43.4811419998452],[-91.23224099955789,43.46001800012672],[-91.23227599971797,43.450952000069066],[-91.20554999981627,43.42294899971243],[-91.20182800021811,43.42294899971243],[-91.2089509999224,43.43671299974324],[-91.1962369999758,43.444289999934675],[-91.20156799992712,43.436683999893795],[-91.18344100001343,43.437019000209276],[-91.18814199977791,43.43437799967427],[-91.18810199959493,43.422991999794036],[-90.66856100018988,43.422994000191565],[-90.67034500044522,43.502260999933874],[-90.68503500026777,43.49865799974488],[-90.68596099983232,43.50570099993658],[-90.68063499990387,43.513075999758456],[-90.67071799981582,43.513029999831204],[-90.67165199977627,43.55285600009277],[-90.31106900021385,43.55399100026794],[-90.31219399997003,43.73147900013234],[-90.43288500029944,43.72588800018971],[-90.58720699977661,43.72582700006711],[-90.5872129996244,43.72952599993194],[-90.59978900037704,43.730010999930144],[-90.60702199968617,43.729610000218194],[-90.60705699984626,43.72598500003323],[-91.03092600035782,43.725004999731745],[-91.03116700038224,43.812249999835565],[-91.19287799970249,43.81190200018596],[-91.19444500022284,43.80522800023735],[-91.20258899992622,43.80761800012717],[-91.19517599979372,43.81161200000934],[-91.20407000023286,43.811791000161755],[-91.2142590003075,43.80716499979168],[-91.20234500042706,43.7914860001996],[-91.20734800031533,43.78978700012305],[-91.22828899980595,43.80146200011477],[-91.23763299960858,43.79782699982982],[-91.23904500031824,43.80870999995906],[-91.26200500024086,43.80968500021035],[-91.27308499971994,43.818682000218665],[-91.26243299986304,43.7921699996905],[-91.24395500032008,43.7730459998859],[-91.25543099963429,43.744875999757824],[-91.2559319999497,43.7298490002645],[-91.26845500010059,43.70982400003118],[-91.27331599969862,43.66830700014433]]]},"properties":{"NAME":"Assembly District 96","GEOID":"55096"}},{"type":"Feature","geometry":{"type":"Polygon","coordinates":[[[-88.06601400023983,43.104655999819],[-88.03757900042585,43.10440999970931],[-88.04270000031488,43.09066599996966],[-88.04770400002805,43.08972300000629],[-88.03822899980587,43.08915999982683],[-88.03554499992524,43.08229799983641],[-88.02322599998887,43.083240999947684],[-88.02265600007648,43.08966500006262],[-88.01758299986803,43.08974499983479],[-88.01719500042883,43.10498400017648],[-88.01359099993311,43.104988999816406],[-88.01531699956384,43.11716699982279],[-88.00599700005066,43.119525000094335],[-88.0058949999434,43.129529999757864],[-88.01575599995496,43.127863999748186],[-88.0178699999232,43.148671000148155],[-88.02519000016927,43.14863399985194],[-88.02485299988538,43.15591999993693],[-88.00499699996793,43.156063999684314],[-88.0045709999956,43.1632949999099],[-87.99475799966461,43.16318800019264],[-87.9946150004478,43.17048599985299],[-87.98469599981159,43.17037900028319],[-87.98444200026667,43.18494799996452],[-87.99367200026649,43.18584099999303],[-87.99417100003376,43.19255000014826],[-88.06335299992544,43.19211699979515],[-88.06601400023983,43.104655999819]]]},"properties":{"NAME":"Assembly District 12","GEOID":"55012"}},{"type":"Feature","geometry":{"type":"Polygon","coordinates":[[[-88.65681399969486,43.11480699977233],[-88.65692900022091,43.10789800021998],[-88.53961899990614,43.10760500031935],[-88.54004099968051,43.08054100011864],[-88.52066099996414,43.08461800020571],[-88.5205660004279,43.07740299978978],[-88.5056120001164,43.07711600021999],[-88.50561399976621,43.084751999948104],[-88.48863000005039,43.07895199986059],[-88.48082600010565,43.08149999971683],[-88.4816040004305,43.05767900029036],[-88.47162799989289,43.05750099994449],[-88.4713400000128,43.069346000032745],[-88.4472419999152,43.0625479999501],[-88.44633100041928,43.06975300003898],[-88.45174000018841,43.069789000035186],[-88.45208900016786,43.0835259999268],[-88.4666519997688,43.08738500002437],[-88.47732100024244,43.10496400030102],[-88.4835769999334,43.106953999835795],[-88.45498399993568,43.10977500002079],[-88.42193500039585,43.103071000281574],[-88.41273999965783,43.105989000263676],[-88.4134479996625,43.07983700023059],[-88.39773099999304,43.080011000256505],[-88.39758899970282,43.08917400020519],[-88.3903639998913,43.09188600030014],[-88.39061199958843,43.096831999735684],[-88.39805599968305,43.09940099974769],[-88.3595489999703,43.105553999784384],[-88.36291300026649,43.07252400015446],[-88.34354299969756,43.08301100001074],[-88.33341999974517,43.082792999940935],[-88.32485900029027,43.10334200005697],[-88.32800099993031,43.10519499997346],[-88.30372000043293,43.10500999987373],[-88.30277700025162,43.12678999992752],[-88.32742699981995,43.13056800032454],[-88.32665199986813,43.152474999991355],[-88.32641199966862,43.155850000292126],[-88.30154399964209,43.15714499974481],[-88.30008499997508,43.19313900023748],[-88.41798699994357,43.19469699977134],[-88.41843899985518,43.370175000052434],[-88.53628399992226,43.37061500016814],[-88.53735599997498,43.28302100024269],[-88.6560699997052,43.28447200025923],[-88.65681399969486,43.11480699977233]]]},"properties":{"NAME":"Assembly District 99","GEOID":"55099"}},{"type":"Feature","geometry":{"type":"MultiPolygon","coordinates":[[[[-89.04786200027225,45.939128000275375],[-89.04648999974553,45.46443900029878],[-88.92306199983206,45.465136999842116],[-88.92602500027026,45.378636999918015],[-88.55435300010961,45.37767199980581],[-88.5553439999715,45.27638699995038],[-88.67924200023825,45.27705200029511],[-88.68006599969554,45.20499399969242],[-88.63817399977022,45.204814999743434],[-88.64115899994971,45.117345999723206],[-88.3616189995576,45.11454700028895],[-88.36482600039326,45.02780699976735],[-87.94299499968197,45.020418000271285],[-87.94443599980562,44.993057000267356],[-87.76007099998621,44.990530000034],[-87.76263500021624,44.96563999997936],[-87.69555800007198,44.97440300024759],[-87.65646300000515,44.971411000189605],[-87.63003099983132,44.977033999731816],[-87.62342799981072,45.00213100020788],[-87.62494299955424,45.04826200000359],[-87.6016010000402,45.08232900009252],[-87.59392900033993,45.08456300000266],[-87.57801099993073,45.070964000248765],[-87.58961299964162,45.0894909998745],[-87.59009300004064,45.094591999844184],[-87.58491900044815,45.09642900018358],[-87.66121099962528,45.10827899979905],[-87.6839019999344,45.144134999969786],[-87.73610400030819,45.17224400006404],[-87.74179900030758,45.19705099989201],[-87.72619800009079,45.209390999757474],[-87.72695200012619,45.21894900014874],[-87.72135400021119,45.22684699988598],[-87.72499200014376,45.23213999997451],[-87.71133900021383,45.23996500019021],[-87.7104499995609,45.259323999974],[-87.69878000007793,45.26941999989074],[-87.69824799980037,45.281511999802],[-87.6874989998591,45.2980550001359],[-87.67188900031978,45.30810600014464],[-87.66171100011582,45.32073600017289],[-87.66160300016077,45.327607999765014],[-87.64812599995794,45.33939599982396],[-87.64772900029791,45.35072099995486],[-87.65644700011164,45.35841300026311],[-87.65735000010996,45.368754000076315],[-87.67351299984324,45.376945999767386],[-87.67501699971609,45.38245399982242],[-87.69395600028982,45.389892999795386],[-87.71889100026351,45.377462000012315],[-87.7388230003489,45.356850999734185],[-87.75092800002504,45.35503700005625],[-87.75410400000025,45.34944200003131],[-87.83261200015119,45.3522489999908],[-87.85013300016745,45.34043499993416],[-87.8504179996745,45.34749200014474],[-87.86348899999648,45.353020000259406],[-87.86916700027741,45.36604899974477],[-87.87584499974275,45.36501700023058],[-87.87036700037666,45.356267000218224],[-87.88111399976981,45.351277999888545],[-87.88805200042447,45.3546969998267],[-87.88485499963454,45.36279199974124],[-87.87148499956182,45.37154600012985],[-87.87542399979328,45.37937300018177],[-87.85941800041884,45.3882270001685],[-87.85913100036366,45.39896700011047],[-87.84932200023064,45.40387199975319],[-87.86169700024352,45.43447300008133],[-87.83121700005826,45.45718499994009],[-87.81297600034178,45.464159999925776],[-87.79276899989675,45.4999670000331],[-87.8022409997459,45.51305899992925],[-87.8033899997915,45.53827199977372],[-87.8336900000517,45.5615559998698],[-87.82934800031244,45.56877699983779],[-87.79237200023672,45.56305500003462],[-87.7867659999258,45.58282800031184],[-87.77719899964208,45.588498000198506],[-87.77468200016605,45.602024000201084],[-87.7808449999706,45.614599000008404],[-87.79587999957465,45.618845999921376],[-87.81019500037678,45.638732000041024],[-87.82410299967653,45.647138999964696],[-87.8246779996118,45.653211999824364],[-87.82419100043839,45.66204399972286],[-87.78162300029544,45.67328000025853],[-87.78080800016065,45.68034899994598],[-87.80907499974518,45.69971700021143],[-87.80508100016044,45.70497399992166],[-87.81014400032315,45.71022999973078],[-87.8373449997027,45.71691799984065],[-87.8554800000123,45.72694299970459],[-87.86432000002478,45.7371389999014],[-87.86221100007941,45.745018000147766],[-87.87689800042723,45.75437900015843],[-87.89836299979952,45.752502999930975],[-87.90665999966374,45.759524000086664],[-87.96345200037224,45.758220000235234],[-87.96696999975592,45.7640210002013],[-87.98965600004213,45.772024999819756],[-87.98086999955804,45.77697699972485],[-87.99144699997018,45.795393000120214],[-88.03972799965587,45.789626000028015],[-88.04093699997595,45.78426500012157],[-88.0499600002865,45.7811930000741],[-88.07216699999863,45.78008500009517],[-88.09475399965235,45.78575499995652],[-88.1032129998983,45.791254999724856],[-88.10760800023935,45.80303999979519],[-88.1301289997708,45.8097079997687],[-88.13451700043916,45.82245699989979],[-88.10519600034529,45.84241300022369],[-88.0824649998532,45.86496100022488],[-88.07482800031303,45.86490500029188],[-88.07583800044148,45.869630000284324],[-88.06976299960218,45.87293800028084],[-88.08181999959774,45.8802009998346],[-88.10126399978653,45.88228199995993],[-88.10662400005016,45.902212999945746],[-88.09492699990471,45.91532300016048],[-88.10110899997582,45.92069499983716],[-88.12665400004487,45.92179099990445],[-88.12680800003065,45.925993999895454],[-88.147650999612,45.93742700001932],[-88.17008900020113,45.9394919998019],[-88.19205800026188,45.95265099984359],[-88.20990399996815,45.94422100024619],[-88.23710600007094,45.948278000159654],[-88.2448330000228,45.952863999896536],[-88.24689400028755,45.96353200028128],[-88.29384900037562,45.95094100025925],[-88.32030800031364,45.96365699984248],[-88.3272760002072,45.9549570000979],[-88.33027800010515,45.96583500016157],[-88.38050299987974,45.99176499984076],[-88.38864400010839,45.98262300017669],[-88.41638099996347,45.9750919997559],[-88.43476200032033,45.9883399998429],[-88.45003700012391,45.99011200007033],[-88.45867200009697,45.99951400026377],[-88.47077199975023,46.00099800001068],[-88.475205999551,45.99312899969222],[-88.48935499977348,45.991367000209806],[-88.49797800005096,45.9957939998476],[-88.50636399960368,46.01760999984213],[-88.51469200032837,46.020018999995465],[-88.53368600025536,46.021149999945386],[-88.53943200030838,46.014470000066574],[-88.54915100002972,46.01288399981555],[-88.56566299974246,46.015679000045246],[-88.58827000038596,46.00509800018854],[-88.59354799973553,46.0147699999525],[-88.60117799960301,46.01776999975716],[-88.61271200044015,46.004461999888036],[-88.61595700001234,45.98789600007017],[-88.6385460002142,45.98506099977577],[-88.67082700037322,45.98854700003789],[-88.6634829998377,45.99270200025067],[-88.67886800014443,46.013595000305706],[-88.7037110000566,46.0182930001132],[-88.71831399984052,46.01318200005619],[-88.7212610003852,46.02222099990837],[-88.73897999986985,46.02745900015203],[-88.75896800003176,46.01963300028837],[-88.77062099979628,46.02556099991459],[-88.76980099963863,46.018943999936056],[-88.78015600029293,46.015394999946544],[-88.78393999981537,46.02384399977297],[-88.77873899956039,46.031690000084744],[-88.78929199968309,46.02845500011909],[-88.79649700030143,46.03365800021833],[-88.8006699999863,46.03003600025845],[-88.7964599995932,46.02360599996688],[-88.81602599998072,46.020585999958406],[-88.81908399995517,46.02631400001603],[-88.83909100038365,46.02997600001237],[-88.85082199996597,46.04031200000746],[-88.93275700016227,46.073667999711404],[-88.93322199959437,45.982275999945955],[-89.04779500032507,45.98234500016508],[-89.04786200027225,45.939128000275375]]],[[[-87.5063109998398,45.05956099998634],[-87.49015899997718,45.05492899973844],[-87.49632500015477,45.06099499979041],[-87.5063109998398,45.05956099998634]]]]},"properties":{"NAME":"Assembly District 36","GEOID":"55036"}},{"type":"Feature","geometry":{"type":"Polygon","coordinates":[[[-88.02518299959826,43.14877299973274],[-88.0178699999232,43.148671000148155],[-88.01575599995496,43.127863999748186],[-88.0058949999434,43.129529999757864],[-88.00599700005066,43.119525000094335],[-88.01531699956384,43.11716699982279],[-88.01359099993311,43.104988999816406],[-87.99377400037375,43.104824999870736],[-87.99484200022852,43.11214299994311],[-87.98619100036193,43.11203599986567],[-87.98648699973963,43.10471299979936],[-87.93133900044272,43.104321000231316],[-87.92505100006639,43.10030999970907],[-87.9309519999301,43.10799299993591],[-87.92083499982552,43.118703999928506],[-87.93308900036287,43.1152629998874],[-87.94004999968544,43.11902899987622],[-87.93849700030708,43.11538099979522],[-87.94578300021797,43.112256000263116],[-87.94600099977785,43.128232999751305],[-87.95475799994965,43.148488000023434],[-87.9454330004136,43.14837099988218],[-87.94513899978742,43.15869200017727],[-87.9507910001291,43.16303399992164],[-87.9603099998339,43.16227799998964],[-87.95750700012759,43.15581499978435],[-87.96519800009446,43.15586799989018],[-87.96548199977657,43.14858399977036],[-87.97528900025978,43.14859300031238],[-87.97485999991437,43.16313200019859],[-88.0045709999956,43.1632949999099],[-88.00499699996793,43.156063999684314],[-88.02485299988538,43.15591999993693],[-88.02518299959826,43.14877299973274]]]},"properties":{"NAME":"Assembly District 11","GEOID":"55011"}},{"type":"Feature","geometry":{"type":"Polygon","coordinates":[[[-88.8935580003384,43.08796399974183],[-88.81555900000049,43.08637899979044],[-88.81610399979853,43.07200800021488],[-88.80859500030488,43.0693180000539],[-88.81866700020363,43.02121599987768],[-88.82744399956859,43.02218700032478],[-88.82681500010497,42.995008999962],[-88.83499300014354,42.993799999774545],[-88.8327030004482,42.97997399984722],[-88.81808600042058,42.97658699983814],[-88.81258300004181,42.99069700021066],[-88.81386799963157,42.98637899993154],[-88.80925100043099,42.98550499983423],[-88.79818000027444,42.990729999701465],[-88.82205900008893,42.948168000167996],[-88.7774089997648,42.94641299978897],[-88.77715100002193,42.97543300001372],[-88.66016299992243,42.97440899977235],[-88.6560699997052,43.28447200025923],[-88.53735599997498,43.28302100024269],[-88.53628399992226,43.37061500016814],[-88.4015439998278,43.37002900023781],[-88.40068000018753,43.45678100016742],[-88.6246480000619,43.45849400021983],[-88.62121199979568,43.4672640001197],[-88.6278819997634,43.45849400021983],[-88.76476799961314,43.45883399973377],[-88.76332400001473,43.393295000164905],[-88.8839349999782,43.393723999955974],[-88.88384600028975,43.37190499972545],[-88.89096200032131,43.37192600006383],[-88.8935580003384,43.08796399974183]]]},"properties":{"NAME":"Assembly District 38","GEOID":"55038"}},{"type":"Feature","geometry":{"type":"Polygon","coordinates":[[[-91.11103999959056,44.960133000038624],[-91.11090999989419,44.94433200009933],[-90.92266899959253,44.944428000192396],[-90.92288899970055,44.50984000016337],[-90.8015250004249,44.50968099978621],[-90.801917999887,44.4224420002228],[-90.31605500038368,44.42450199997367],[-90.31686299994745,44.77205200004732],[-90.19884999965089,44.77173900027511],[-90.19809700033868,44.85877999984881],[-90.0790749997386,44.858727000306814],[-90.07923799994522,44.94533799980374],[-89.96394700006242,44.94426900030861],[-89.96386800041971,45.03289100017526],[-89.84447300044901,45.03276199989053],[-89.84448400031967,45.12009099988214],[-90.04368499955152,45.12021400008654],[-90.04542299977611,45.20811499972383],[-90.43309700001154,45.204096999927245],[-90.43382900030564,45.03098099986318],[-91.08568600021553,45.0311469999725],[-91.08070800044163,45.01636199986068],[-91.08583099998049,45.016536999978854],[-91.08574399994184,45.0129110002421],[-91.07028099981731,45.00555800010368],[-91.07018600028108,44.987538000282335],[-91.08554800012328,44.983750999809416],[-91.0857769995538,44.97280100021954],[-91.0960760001316,44.97273999984416],[-91.09579900012218,44.96191299982289],[-91.11103999959056,44.960133000038624]]]},"properties":{"NAME":"Assembly District 69","GEOID":"55069"}},{"type":"Feature","geometry":{"type":"Polygon","coordinates":[[[-92.15704800025809,45.12371600027553],[-92.13611299971691,45.12138800019592],[-92.13635999958912,45.06784500019765],[-92.11191900025815,45.06776799985137],[-92.11245099963742,45.03159400020975],[-92.01525900007921,45.03115499983557],[-92.01456100012028,44.9444450001259],[-91.65102199979236,44.94282699997462],[-91.651509999689,45.11290800027032],[-91.53008699996381,45.114235000117716],[-91.53018300022327,45.12035699986715],[-91.54351800013588,45.12022400002968],[-91.54276599975029,45.19601699984446],[-91.53703999978877,45.19706800018024],[-91.54252499972587,45.201486000095336],[-91.54029399958179,45.63760500016699],[-92.15488800025909,45.63974200004175],[-92.15704800025809,45.12371600027553]]]},"properties":{"NAME":"Assembly District 67","GEOID":"55067"}},{"type":"Feature","geometry":{"type":"Polygon","coordinates":[[[-88.0685819997695,42.981974000020955],[-88.0473900002087,42.980828000076905],[-88.04219499980151,42.98808599971401],[-88.00209399980422,42.98831699967625],[-88.00189399978765,42.999015999926335],[-87.99749299959885,42.99905000015473],[-87.99999900010256,43.024168000251024],[-87.99242100011361,43.02414500032825],[-87.9936870003351,43.02962199994482],[-87.98472099992593,43.033158999704376],[-87.9899339998765,43.03689199995472],[-88.01607800017024,43.03600500001867],[-88.01623100033112,43.03133399982157],[-88.0235730003185,43.03117500009712],[-88.02190000039124,43.03891800003062],[-88.04704100022924,43.035080999719696],[-88.04731800023868,43.04108299981944],[-88.06693800015455,43.03643599999376],[-88.0685819997695,42.981974000020955]]]},"properties":{"NAME":"Assembly District 14","GEOID":"55014"}},{"type":"Feature","geometry":{"type":"MultiPolygon","coordinates":[[[[-88.64330200023025,44.097497000293465],[-88.64298900023581,44.06920000010887],[-88.58277200003008,44.04515599997302],[-88.58334600014042,44.03274299975187],[-88.59482300017785,44.03274499990969],[-88.59776499980134,44.02523899997657],[-88.60294400031499,44.02524599980026],[-88.603197000035,43.996378999795915],[-88.58234799970755,43.99643199995613],[-88.58209199961452,44.01083000029808],[-88.56935699975153,44.01060899990847],[-88.5690300004117,44.006216999983884],[-88.56255000041475,44.00442699981124],[-88.53335999984213,44.00432799986601],[-88.53017200017135,44.01142699992015],[-88.51949900039804,44.007037000212435],[-88.51455699971085,44.022984000281184],[-88.52033700009905,44.024871999942626],[-88.52066099996414,44.03213199971721],[-88.51355400015342,44.036411000097765],[-88.5125270003065,44.031955000125535],[-88.50840700032511,44.03927900021009],[-88.51242299965114,44.04105600015737],[-88.5072950000894,44.04455299976112],[-88.5098149999385,44.04801400019419],[-88.52196599964537,44.04505700022447],[-88.51698399967351,44.057686999781396],[-88.52383000026666,44.05364199976939],[-88.52218800030155,44.05892499973167],[-88.5272670003578,44.06547299981805],[-88.52342299966259,44.066470999685734],[-88.52793900037743,44.06651900000945],[-88.50914299991884,44.06485099998633],[-88.51355900017627,44.07385600026026],[-88.51079800030276,44.08498400005716],[-88.49962900023692,44.09130400028229],[-88.48354699979619,44.09183799980411],[-88.48664800032664,44.096894000240056],[-88.47752700010678,44.10207599993025],[-88.48540700021951,44.102961000171405],[-88.48317100005254,44.11054599985121],[-88.47038199976288,44.11523199984134],[-88.46276899961384,44.12621700004476],[-88.5234169998148,44.12666799995016],[-88.52356499995278,44.1380030001906],[-88.52869500006267,44.14107199999583],[-88.52358599986918,44.1393579998035],[-88.52373700038025,44.15627000027596],[-88.54397599971401,44.156102999904526],[-88.54333499965651,44.09747300012001],[-88.64330200023025,44.097497000293465]]],[[[-88.51721200017745,44.06272800029726],[-88.51721200017745,44.06272800029726]]]]},"properties":{"NAME":"Assembly District 54","GEOID":"55054"}},{"type":"Feature","geometry":{"type":"Polygon","coordinates":[[[-87.94804399960098,43.00675900027593],[-87.94805899966958,43.00316700024557],[-87.9382510002598,43.00301399979598],[-87.938385999979,42.99571600004269],[-87.91900299988959,42.99195799973504],[-87.9265149997563,42.98105699988619],[-87.90948199963664,42.98103799990004],[-87.90404799975316,43.02615000011906],[-87.9132230003997,43.032647000290225],[-87.93296700016414,43.032795000185295],[-87.9329920002785,43.02299000000627],[-87.94362800024186,43.02243300024473],[-87.94223599962369,43.01702300022052],[-87.9478829999425,43.01697300032695],[-87.94804399960098,43.00675900027593]]]},"properties":{"NAME":"Assembly District 8","GEOID":"55008"}},{"type":"Feature","geometry":{"type":"Polygon","coordinates":[[[-92.88943299967748,45.64120199999306],[-92.88252900025634,45.610215999933196],[-92.8864419996502,45.598678999772865],[-92.88374900044705,45.57548299996591],[-92.87108200035615,45.567580999775316],[-92.82330899976026,45.56093400004966],[-92.77022299965472,45.56693900008903],[-92.72608200004194,45.54111199986002],[-92.7266770000687,45.51446199991597],[-92.71286299958199,45.50484899980765],[-92.68023400016672,45.464343999753254],[-92.65354900027289,45.455346000007324],[-92.64660200029572,45.44163500021831],[-92.65042000015333,45.39850999984103],[-92.66410400004541,45.39330800017305],[-92.67918700022835,45.37270999991087],[-92.70272299991116,45.35846800023376],[-92.69896699997781,45.33637400018176],[-92.7086749998285,45.32252499993609],[-92.73712100041146,45.30045900018445],[-92.76200399960828,45.28821299995284],[-92.75192000001394,45.26587700021159],[-92.76026399973387,45.25171700025237],[-92.75170800030183,45.21866600001898],[-92.75800800037374,45.20956600007934],[-92.15646499992688,45.20955400009256],[-92.15488800025909,45.63974200004175],[-92.0314169997896,45.63992799976439],[-92.03340400043454,45.98386999990793],[-92.46448600016373,45.98332400025018],[-92.46158399982491,45.9788939999129],[-92.47276100028668,45.97295199974585],[-92.51948799987079,45.98391699996173],[-92.53051600036964,45.98191799992544],[-92.54980599967432,45.96798600019629],[-92.55193300006134,45.95165099979701],[-92.61431399956568,45.934528999887995],[-92.63882400029024,45.93416599989237],[-92.63911999966793,45.92455800014451],[-92.65954899987081,45.922937000227435],[-92.67616699988875,45.91207200001791],[-92.6773519999194,45.90581799969988],[-92.7077020004083,45.894900999778876],[-92.72220899993273,45.883000999822094],[-92.73822000022837,45.86203099988928],[-92.73999100006492,45.84628299994091],[-92.7651460001466,45.83018300012579],[-92.75781500002988,45.80657399991358],[-92.77648199971873,45.790003999828905],[-92.78461700009957,45.76419899975649],[-92.80983699958028,45.744172000141106],[-92.8691929996205,45.71756799979607],[-92.87014500002262,45.6967569997031],[-92.88943299967748,45.64120199999306]]]},"properties":{"NAME":"Assembly District 75","GEOID":"55075"}},{"type":"Feature","geometry":{"type":"Polygon","coordinates":[[[-91.16624499968718,44.3053310001922],[-91.16554799955318,44.24744500009906],[-91.15356300042596,44.24758300021473],[-91.15184500029287,44.070994999686214],[-90.91291800008412,44.07152199972844],[-90.91319599991847,44.02883900024333],[-90.7916829997816,44.02899999976491],[-90.79173999968302,43.98586900012646],[-90.67136100042144,43.985752999969606],[-90.67010900044367,43.899044000298495],[-90.5516590003041,43.8992410001993],[-90.55245500017232,43.725648999918306],[-90.26909600009768,43.731533999961485],[-90.26795600027287,43.72301899979439],[-90.26139599991,43.724435999814006],[-90.26605900003963,43.729229999962655],[-90.26137300034377,43.731521000218855],[-89.9551310003394,43.73102700011886],[-89.95500699959253,43.78442599988954],[-89.9513290003753,43.78506000003474],[-89.92072199996845,43.76745100032189],[-89.87779899999826,43.773465000130635],[-89.87785800044782,43.76751200020858],[-89.85083999956974,43.76748699980522],[-89.8489859998925,43.76309699974217],[-89.86513199990735,43.78341400021625],[-89.88977800017602,43.796714000257836],[-89.90184600004224,43.813266000189756],[-89.91338099980598,43.81799300023093],[-89.92230799985707,43.83846800030867],[-89.95843399963792,43.86195300022325],[-90.07201300013368,43.86196199995242],[-90.07231400043257,43.894080000015414],[-90.31224000000078,43.894465999790015],[-90.31268000021683,44.24875000023555],[-90.31803200008456,44.24870799972502],[-90.31605500038368,44.42450199997367],[-90.801917999887,44.4224420002228],[-90.8015250004249,44.50968099978621],[-90.92288899970055,44.50984000016337],[-90.92224299962017,44.59629100017582],[-91.1656189996983,44.5969869998265],[-91.16624499968718,44.3053310001922]]]},"properties":{"NAME":"Assembly District 70","GEOID":"55070"}},{"type":"Feature","geometry":{"type":"Polygon","coordinates":[[[-88.99333199966998,44.87034300002811],[-88.9916510002451,44.85578399987831],[-88.98158299964601,44.85568100030274],[-88.98173499998195,44.76794299973685],[-88.8581179999226,44.76783800000008],[-88.8597809998041,44.59042200015293],[-88.24520399974355,44.58474599978218],[-88.12976100042312,44.59026299969289],[-88.12690599993995,44.85010200010513],[-88.2482130002125,44.85273900005029],[-88.24524800012448,44.93946899999165],[-88.36656000041991,44.94095899984704],[-88.3657159999728,44.998886000022345],[-88.35626900023803,44.99853299985545],[-88.35604599975696,45.00570900012117],[-88.35596100026645,45.00963499995336],[-88.36540899982614,45.00987999991555],[-88.3616189995576,45.11454700028895],[-88.98245999970506,45.117998000270696],[-88.98148300008688,44.87015199988167],[-88.99333199966998,44.87034300002811]]]},"properties":{"NAME":"Assembly District 6","GEOID":"55006"}},{"type":"Feature","geometry":{"type":"Polygon","coordinates":[[[-89.72048800014363,43.03808600015375],[-89.72051900010577,43.03199799981501],[-89.60156699982585,43.03109500003869],[-89.6029429996522,42.94441500025179],[-89.4854969997933,42.94342000029289],[-89.48404700034712,43.015746000058726],[-89.51144299972033,43.01578600025068],[-89.50553600000885,43.02146499981219],[-89.50796700016946,43.03064099986618],[-89.49692399960202,43.03180900031982],[-89.49683699956337,43.035382999970764],[-89.50560600032904,43.0444100003091],[-89.51790500017394,43.04702899976756],[-89.52325100019387,43.06329599987947],[-89.52085199982028,43.08696300028794],[-89.53392800016513,43.086143000117296],[-89.53669099968846,43.08207999985393],[-89.56122300015433,43.085631999952696],[-89.56118700016931,43.08925099993266],[-89.53639699996059,43.08935499979429],[-89.53484000038428,43.09638400007849],[-89.5433049995797,43.096054000202514],[-89.54123900019036,43.10244199997448],[-89.54651900008805,43.1016670003061],[-89.54619500022297,43.10749800017839],[-89.53849900023324,43.10571799974459],[-89.54119700035757,43.111123999954614],[-89.55281599978689,43.11105199998685],[-89.5552720000619,43.10654699968629],[-89.57591700017484,43.110972999942966],[-89.57617999994056,43.11819499994521],[-89.62539700013484,43.11857300028461],[-89.62298400041588,43.12293800005304],[-89.63534299963692,43.12228700005491],[-89.63178000004741,43.128200000097515],[-89.64525499970209,43.12238099982284],[-89.64526999977072,43.117163999848856],[-89.65044699973626,43.12241100027638],[-89.65509200032255,43.11873700011495],[-89.71964500041975,43.11886400020928],[-89.72048800014363,43.03808600015375]]]},"properties":{"NAME":"Assembly District 80","GEOID":"55080"}},{"type":"Feature","geometry":{"type":"Polygon","coordinates":[[[-89.52327700013313,43.06435799971295],[-89.51790500017394,43.04702899976756],[-89.50560600032904,43.0444100003091],[-89.49683699956337,43.035382999970764],[-89.49692399960202,43.03180900031982],[-89.50796700016946,43.03064099986618],[-89.50553600000885,43.02146499981219],[-89.51144299972033,43.01578600025068],[-89.48404700034712,43.015746000058726],[-89.48386099967597,43.02666400019367],[-89.4663759996447,43.02705600020169],[-89.46798300034804,43.03184400019728],[-89.46270900029812,43.031809999735025],[-89.45831999980487,43.022597000081575],[-89.45789399983252,43.03177499983816],[-89.44714900008921,43.027885000147315],[-89.44360200039323,43.03492699995876],[-89.45831499978202,43.04137299977245],[-89.43796900031812,43.05531400026735],[-89.43620500015427,43.07416499978169],[-89.4636010004258,43.07531400002272],[-89.46086800014137,43.081125999768695],[-89.46996400024686,43.08066299975969],[-89.47326400007066,43.08772699979852],[-89.48578899987135,43.09459400022477],[-89.48377700001038,43.08835599972264],[-89.49112900004351,43.09021400005488],[-89.4872840004217,43.08541800009646],[-89.49223600025633,43.0860750003207],[-89.49236099992979,43.08247000028639],[-89.5022529999035,43.08251700025665],[-89.50215800036726,43.08618199985078],[-89.5213320002193,43.08384100022583],[-89.52327700013313,43.06435799971295]]]},"properties":{"NAME":"Assembly District 79","GEOID":"55079"}},{"type":"Feature","geometry":{"type":"Polygon","coordinates":[[[-88.26015200020728,42.95474700004399],[-88.2579289995608,42.93016900006854],[-88.18880399957054,42.9302090000518],[-88.18888700030953,42.92285800010103],[-88.16152799984792,42.92335699994865],[-88.15888900017315,42.93001300021447],[-88.1467490003369,42.9299400002398],[-88.13887800044502,42.92606099994821],[-88.1444050002149,42.91406000023362],[-88.12944000003274,42.90841500022483],[-88.09543900009079,42.92391899978875],[-88.06958600005017,42.91328499976247],[-88.0672519999739,43.016399000261124],[-88.21105899986155,43.0191770002748],[-88.215250999813,43.013066999818975],[-88.20063999963317,43.01391499983382],[-88.19974900022872,43.00964399997397],[-88.22169900002288,43.00802799970533],[-88.22198799972789,42.99744600011641],[-88.2176100000036,42.99754300020143],[-88.22124999958601,42.98849199994588],[-88.21711700008412,42.98788299990667],[-88.22397299982468,42.984634999871574],[-88.22473899955565,42.975911999785914],[-88.2326610003995,42.97270799976604],[-88.23361700010128,42.96652199979911],[-88.24037900013053,42.966415999690085],[-88.2405749999491,42.9592440000672],[-88.2462289999406,42.95918800019231],[-88.24295900025406,42.95469900012155],[-88.2484380003434,42.9557269997532],[-88.24763200042946,42.971362999798],[-88.24894399978336,42.967548999961416],[-88.25751099998436,42.97006100032744],[-88.26015200020728,42.95474700004399]]]},"properties":{"NAME":"Assembly District 83","GEOID":"55083"}},{"type":"Feature","geometry":{"type":"Polygon","coordinates":[[[-88.1821689997629,43.25071699979553],[-88.18216700011308,43.236179999711645],[-88.08393500028919,43.23554600011859],[-88.08366499995245,43.22104699996509],[-88.06378700029371,43.22112299972623],[-88.06335299992544,43.19211699979515],[-87.9839579996697,43.192541000187305],[-87.98384600041504,43.20710499975347],[-88.00370300015737,43.20711400018542],[-88.00361000027095,43.221760000184055],[-87.98967699995853,43.221715000307526],[-87.98876999976227,43.24345300030955],[-87.96893200028649,43.243348000177896],[-87.964187999966,43.232968000024684],[-87.9323319999544,43.24164999980859],[-87.94743400040392,43.25550300028985],[-87.94753599961287,43.26644799980128],[-87.94232000018759,43.267291000143885],[-87.94957099993837,43.275446000321296],[-87.94174299970418,43.28003799992682],[-87.90277599968388,43.280315000103684],[-87.8888430002698,43.3070550001013],[-87.8770730003294,43.36937799996281],[-87.8708970001061,43.38172500013342],[-87.86418600013046,43.383492999731345],[-87.87037700042241,43.38719999980542],[-87.8640060002054,43.389773999699266],[-87.8552470003838,43.40576800028863],[-87.81019299982866,43.45588900006517],[-87.92053199987679,43.455843999917526],[-87.92058299993043,43.38702699999525],[-87.91556400014863,43.38292699977901],[-87.92055399961811,43.38498499970578],[-87.9202210004305,43.36825300017919],[-87.94874999995581,43.36785699975182],[-87.94772499975876,43.36038700002067],[-87.95290699974716,43.360141999954664],[-87.95107900000919,43.367829999836296],[-88.06242599963767,43.36728899984302],[-88.06329199982608,43.27888099967924],[-88.18166400014785,43.28078400012969],[-88.1821689997629,43.25071699979553]]]},"properties":{"NAME":"Assembly District 22","GEOID":"55022"}},{"type":"Feature","geometry":{"type":"Polygon","coordinates":[[[-92.79240699980063,45.07886600005611],[-92.61939099997211,45.07889100026014],[-92.61926499957542,44.94926199998911],[-92.49698599970756,44.94920100001244],[-92.4970660000735,44.7757310002591],[-92.1363229997792,44.77152699981424],[-92.13520200022097,44.68437400011064],[-91.97407500015852,44.68384400018575],[-91.97509399960948,44.81492200028381],[-92.01438200002015,44.81484399978218],[-92.01525900007921,45.03115499983557],[-92.11245099963742,45.03159400020975],[-92.11191900025815,45.06776799985137],[-92.13635999958912,45.06784500019765],[-92.13611299971691,45.12138800019592],[-92.15707199964922,45.1216079997176],[-92.15646499992688,45.20955400009256],[-92.75800800037374,45.20956600007934],[-92.76390800041253,45.2048659999631],[-92.76680800020323,45.18546600018004],[-92.75240399971261,45.173915999795895],[-92.74905500038336,45.14866600020957],[-92.75219600019848,45.142494999761894],[-92.73958299963591,45.11559799997733],[-92.79240699980063,45.07886600005611]]]},"properties":{"NAME":"Assembly District 28","GEOID":"55028"}},{"type":"Feature","geometry":{"type":"Polygon","coordinates":[[[-87.80043700029739,43.68864700031466],[-87.79648700019526,43.630391999891145],[-87.79245099987943,43.639168000294745],[-87.78768499981764,43.63786499988322],[-87.7954469999296,43.630390999874365],[-87.74155200043538,43.62946099983634],[-87.70725100001945,43.67748100008334],[-87.70290900028019,43.686762000319796],[-87.7029369998693,43.70827100008974],[-87.7095840002708,43.73746499997595],[-87.70408000006712,43.746803999734404],[-87.69473899973923,43.74857600024367],[-87.70286400007434,43.74858200021345],[-87.70225200032915,43.75309700029489],[-87.69257799991534,43.749476000015164],[-87.7027200001343,43.75498799982414],[-87.69518800017612,43.76453500006188],[-87.70544300037298,43.77334699973477],[-87.72422600041278,43.805713999796126],[-87.7792890002192,43.80504299972376],[-87.76399599997396,43.793272999988716],[-87.7640960004314,43.789920999741106],[-87.78011900042259,43.79010199994355],[-87.77968699970414,43.7585159998641],[-87.77468700018893,43.76029499997043],[-87.7747209996258,43.75381000027398],[-87.76403100013407,43.75374499975871],[-87.75734799974754,43.73567799973149],[-87.74986099999519,43.73558800019373],[-87.7498829997365,43.73204100005595],[-87.75995600035849,43.7319499999722],[-87.76160900019426,43.71212799968612],[-87.76807900014545,43.717673000114814],[-87.80020899979343,43.71773999991403],[-87.80043700029739,43.68864700031466]]]},"properties":{"NAME":"Assembly District 26","GEOID":"55026"}},{"type":"Feature","geometry":{"type":"Polygon","coordinates":[[[-87.95766100011339,43.046163999696354],[-87.93777400023382,43.04859899975293],[-87.93664199990663,43.04024799995166],[-87.94161499965767,43.037491000290544],[-87.93296700016414,43.032795000185295],[-87.9108089999575,43.032063999720506],[-87.9132660000574,43.04650700024744],[-87.89802499969072,43.05683199996463],[-87.89779999955981,43.07109200021194],[-87.90524600020258,43.07294799972222],[-87.90529999973094,43.06749300016646],[-87.93745200001854,43.0696259997741],[-87.9370550003585,43.08959899981101],[-87.95709000037607,43.08991699971288],[-87.95766100011339,43.046163999696354]]]},"properties":{"NAME":"Assembly District 16","GEOID":"55016"}},{"type":"Feature","geometry":{"type":"Polygon","coordinates":[[[-88.30463299957869,43.03393499997918],[-88.28559500016908,43.03206000010633],[-88.28579199981257,43.0372580000897],[-88.29107599990822,43.03738099984947],[-88.28657500016028,43.039558999982425],[-88.29244400023696,43.043217000289495],[-88.29006900015281,43.0465510000741],[-88.28242699969145,43.05207299988298],[-88.27084900027002,43.04691100009609],[-88.26549800022721,43.059423000115274],[-88.25157199958751,43.05964799992177],[-88.24916999973918,43.04739099990249],[-88.23144000038386,43.04840400006295],[-88.22206999974365,43.04311900023023],[-88.22177600001578,43.01467999979436],[-88.2013590004068,43.02066300014098],[-88.19651800000192,43.01645600024902],[-88.0672519999739,43.016399000261124],[-88.06693800015455,43.03643599999376],[-88.10706699974095,43.03593199972311],[-88.107506999957,43.06048000010047],[-88.14597199983695,43.06133100024788],[-88.14591599976046,43.097359999715486],[-88.13975600032897,43.09730500008031],[-88.1390619996697,43.104621000172976],[-88.30372100025782,43.104957000277466],[-88.30463299957869,43.03393499997918]]]},"properties":{"NAME":"Assembly District 15","GEOID":"55015"}},{"type":"Feature","geometry":{"type":"Polygon","coordinates":[[[-87.96465800031928,42.93884599974122],[-87.96371099994002,42.93039400004755],[-87.94938099996756,42.93037200029051],[-87.95190400018973,42.84354599975338],[-87.82641400018655,42.84222699998279],[-87.82597200032068,42.84806799976341],[-87.83407199964311,42.85419200014221],[-87.84355899956087,42.87355600006834],[-87.84349199961372,42.89026099992632],[-87.88210200015695,42.89357699983174],[-87.88139199960416,42.93003200017567],[-87.88784900003488,42.93003399968659],[-87.88325000037764,42.95912799984721],[-87.8896809999708,42.9592410002513],[-87.89405899969508,42.96619000005085],[-87.89442100009333,42.98240099988636],[-87.9029170001492,42.98243399988793],[-87.90063699960132,42.97831900000281],[-87.91922800002048,42.981610000024226],[-87.91934900039429,42.97377200001145],[-87.9291140001464,42.97376999994917],[-87.92941799992002,42.94475600004293],[-87.96450699980822,42.94488499999985],[-87.96465800031928,42.93884599974122]]]},"properties":{"NAME":"Assembly District 21","GEOID":"55021"}},{"type":"Feature","geometry":{"type":"Polygon","coordinates":[[[-87.9134280004391,43.04515500003811],[-87.91081900000324,43.032018999941876],[-87.90381500012465,43.025323000082054],[-87.9077400001124,43.01958100011646],[-87.90285199985186,43.01734799985002],[-87.9088659996935,43.00782299981084],[-87.90675500009831,42.9952049998105],[-87.89292100041844,42.997422000064944],[-87.88858700017676,42.98822000014202],[-87.87133399994909,42.988070999780305],[-87.8877949996082,43.000588000201056],[-87.88438799965431,43.004861000115014],[-87.89159999994536,43.00715099993234],[-87.89122099982866,43.014478999872516],[-87.89384699998297,43.01228900031625],[-87.89303400039634,43.018103999708],[-87.89728900009696,43.020100000022666],[-87.89468800005702,43.02492800027641],[-87.89882899995484,43.025773000163426],[-87.89401299966431,43.030391000281334],[-87.89487100035511,43.03528699990425],[-87.89826300024039,43.03032700008204],[-87.89697899957724,43.036586999925575],[-87.89377300036313,43.03518900031069],[-87.89500000022656,43.04253500011471],[-87.88179199963724,43.04612199992579],[-87.88989500023104,43.0458600003015],[-87.88678600020299,43.05300299996564],[-87.88022699966501,43.04468200015199],[-87.88196700043774,43.05325799990691],[-87.86385200021962,43.07420900010655],[-87.87082500013607,43.08193800023071],[-87.89754199981695,43.081971999810044],[-87.89802499969072,43.05683199996463],[-87.9134280004391,43.04515500003811]]]},"properties":{"NAME":"Assembly District 19","GEOID":"55019"}},{"type":"Feature","geometry":{"type":"Polygon","coordinates":[[[-89.39656699993924,43.145748999681196],[-89.37433500011277,43.12414600005881],[-89.38301699994147,43.11454199980967],[-89.37269200032273,43.11232800012603],[-89.36712700001966,43.1045480002285],[-89.37638499960856,43.08775199979151],[-89.39047699992963,43.07948999995932],[-89.38887799962221,43.07136100024859],[-89.39512699964048,43.066997999839046],[-89.38935499964819,43.0639179997955],[-89.34532799983823,43.08970100016984],[-89.3113560002086,43.08396299985659],[-89.316502000212,43.09849400000264],[-89.3132579995664,43.1014720001862],[-89.32504000010069,43.12105299997632],[-89.35501200029779,43.12154399992473],[-89.34956699964535,43.13618200020385],[-89.37237500013033,43.14094900026387],[-89.37049299996569,43.14485899992028],[-89.37553799968674,43.14833100030347],[-89.39656699993924,43.145748999681196]]]},"properties":{"NAME":"Assembly District 76","GEOID":"55076"}},{"type":"Feature","geometry":{"type":"MultiPolygon","coordinates":[[[[-88.36655000037416,44.94133900003597],[-88.24524800012448,44.93946899999165],[-88.2482130002125,44.85273900005029],[-88.12690599993995,44.85010200010513],[-88.12976100042312,44.59026299969289],[-88.19445099988936,44.58662400017528],[-88.0970869999037,44.546878999704305],[-88.12151399988926,44.54198600009041],[-88.12142500020079,44.53412700015838],[-88.12975800005005,44.53333300021727],[-88.12975999969987,44.51658999978914],[-88.11977599966465,44.51664999991561],[-88.11955100043208,44.52386600016539],[-88.09947200003356,44.523951000226255],[-88.09439499962716,44.53769399973268],[-88.07675200031046,44.53009100027654],[-88.06679400021451,44.54475799992881],[-88.05299300014659,44.53995700003196],[-88.0393009998586,44.55970200031245],[-88.04916600006811,44.56510799994531],[-88.04070400034745,44.564801000156095],[-88.04275200019342,44.570035999698],[-88.03628399989205,44.57679499968806],[-88.01654799962522,44.58216700011439],[-88.01345500038899,44.62355000026886],[-88.00824099971521,44.625306999945764],[-88.00555099998681,44.62097900022381],[-88.00976600040278,44.637080999948424],[-88.00293900007621,44.6436169998849],[-88.00356199969205,44.6606060002992],[-87.99374699971123,44.67754200006393],[-87.98216000006897,44.65544400018481],[-87.97834899988403,44.656337000213455],[-87.9884219996077,44.67242999999082],[-87.99014499976369,44.687164000143746],[-87.98994700029529,44.70601999992477],[-87.98598600032253,44.70177700026118],[-87.98317500022029,44.7212799999432],[-87.96592799984042,44.74321899974938],[-87.934286999914,44.765922999894705],[-87.90765100042395,44.81532099980271],[-87.89987699971812,44.81887099998695],[-87.90294999976115,44.82753899976302],[-87.86717100030998,44.84204899972183],[-87.84858800028671,44.87006799990323],[-87.83288699961248,44.88094699995794],[-87.83405900012264,44.88828700018662],[-87.83092699963005,44.88644299988125],[-87.82857099981248,44.89484799986994],[-87.82232900036522,44.89817800031632],[-87.82992800027058,44.89551499971139],[-87.8212210003275,44.899051000109374],[-87.83112499999677,44.89580900017592],[-87.84038000011093,44.90697300023133],[-87.84442300009945,44.92118600024141],[-87.8393089998831,44.93278200028946],[-87.81348199978176,44.954340999852924],[-87.76263500021624,44.96563999997936],[-87.76007099998621,44.990530000034],[-87.94443599980562,44.993057000267356],[-87.94299499968197,45.020418000271285],[-88.36482600039326,45.02780699976735],[-88.36540899982614,45.00987999991555],[-88.35597799998489,45.008562999747056],[-88.35626900023803,44.99853299985545],[-88.3657159999728,44.998886000022345],[-88.36655000037416,44.94133900003597]]],[[[-87.97940300039342,44.653020999977265],[-87.97940300039342,44.653020999977265]]],[[[-87.9905969996753,44.6043620001168],[-87.98041900036965,44.58493799970009],[-87.9804029995778,44.596291999971754],[-87.9905969996753,44.6043620001168]]],[[[-88.00580399970681,44.61709200013302],[-87.99148200013028,44.60437700008744],[-88.00580399970681,44.61709200013302]]]]},"properties":{"NAME":"Assembly District 4","GEOID":"55004"}},{"type":"Feature","geometry":{"type":"Polygon","coordinates":[[[-88.14411200031195,44.35858000001517],[-88.04956799975103,44.35743799981035],[-88.04961100030704,44.36472799989951],[-88.06987899995313,44.364705999757795],[-88.06980100013531,44.386561999926286],[-88.05972800041165,44.39381900003199],[-88.05972000001573,44.39744699994999],[-88.06478200035353,44.396213000017376],[-88.06478300017845,44.40472199973574],[-88.05278300008429,44.41505899992316],[-88.04221099969503,44.411343999994216],[-88.03752900019714,44.4209469998501],[-88.05708600036384,44.43089099985154],[-88.0342390004191,44.42814699994919],[-88.04627399977505,44.43377299989785],[-88.0468260001441,44.439531999888935],[-88.01691900024429,44.43749499972579],[-88.01361900042052,44.44270600010464],[-88.01677399958102,44.44505100027946],[-87.9863369999518,44.434491999978114],[-87.97926699995098,44.44494099971172],[-87.92776500008424,44.44417600006189],[-87.92771900005349,44.44056300006786],[-87.91928699957171,44.44050800007414],[-87.92491499962395,44.44415400027674],[-87.91241199956457,44.444107999707974],[-87.91284599993283,44.44048700009787],[-87.88711799956569,44.443853000080814],[-87.887182999863,44.472937000209185],[-87.9568030003209,44.47343299972397],[-87.97862500006856,44.487736000144366],[-87.98182899963287,44.47881700022056],[-87.98673000031218,44.47775300013025],[-87.98284999963197,44.473524000159486],[-87.98852799991292,44.47567999968926],[-87.98995099959492,44.48599599968539],[-88.02412599961414,44.49861599995117],[-88.05777099990394,44.46212400008779],[-88.07095600002873,44.466095000103586],[-88.07899900034806,44.45718099997146],[-88.09512500027142,44.45485599972959],[-88.09083399968748,44.4509040002727],[-88.0987699998767,44.439342999880495],[-88.13122900031095,44.41717699977523],[-88.12860399998155,44.41302500002768],[-88.13413199957637,44.41295499988378],[-88.13195200038423,44.40994699999985],[-88.14077399995503,44.40693599990893],[-88.12413900021863,44.395793999803175],[-88.11406800014481,44.40320399970708],[-88.10935800015949,44.40061099995377],[-88.08914300021686,44.416709999890486],[-88.14411200031195,44.35858000001517]]]},"properties":{"NAME":"Assembly District 88","GEOID":"55088"}},{"type":"Feature","geometry":{"type":"Polygon","coordinates":[[[-89.13199299955421,42.84675000017096],[-89.13108100023337,42.7595509997485],[-89.01364799989494,42.76018199998626],[-89.01342199993913,42.744575000099864],[-89.00632099997617,42.744352000273246],[-89.00512599989982,42.7368370000408],[-89.00877499970302,42.73558599971168],[-88.99565900007354,42.72745500028387],[-88.99678700020276,42.720205999708966],[-88.98475500032156,42.71701399978918],[-88.98336100005355,42.66605500002771],[-88.96203800007316,42.67090099999511],[-88.65910799958814,42.66906900017699],[-88.66012100008965,42.901788000281066],[-88.66860799992469,42.89507099998573],[-88.6735439998658,42.899085999690364],[-88.6980930000501,42.893994000309945],[-88.71456200010512,42.90577600011466],[-88.71527699978247,42.901638000271355],[-88.7223109997983,42.90400299976936],[-88.72755300006116,42.91096999973688],[-88.76292399998167,42.914256000170326],[-88.77092899976786,42.906865000218254],[-88.77359199973208,42.91347600006962],[-88.77780799997298,42.91233900025847],[-88.77707599967889,42.842693999726485],[-89.0530569997811,42.847533999685425],[-89.05448600020921,42.85480500003209],[-89.04047799955374,42.854793999835216],[-89.04821100025168,42.86026499997162],[-89.05825999968592,42.854593999925264],[-89.05835099992251,42.86026300017267],[-89.06744000035532,42.856021999954166],[-89.05553599962234,42.847520000181255],[-89.13199299955421,42.84675000017096]]]},"properties":{"NAME":"Assembly District 43","GEOID":"55043"}},{"type":"Feature","geometry":{"type":"Polygon","coordinates":[[[-88.52869500006267,44.14107199999583],[-88.52356499995278,44.1380030001906],[-88.5234169998148,44.12666799995016],[-88.46777200040043,44.12763900006998],[-88.46979400030715,44.13160900011879],[-88.45985399975454,44.14586900020704],[-88.43690800007562,44.16073900007106],[-88.4340900003007,44.169319000278655],[-88.44585900041618,44.172584999884776],[-88.43950200044289,44.188360999974556],[-88.4166789998893,44.20623799988544],[-88.40451300011378,44.20869799968847],[-88.404070000423,44.24410199984619],[-88.38197599979047,44.24404699992767],[-88.38191600041432,44.24993799977308],[-88.390454000303,44.24989199968182],[-88.39946500001967,44.25916699968453],[-88.42490700015655,44.24538600030842],[-88.44224700042285,44.242511999711105],[-88.46161700009348,44.22125899979506],[-88.46082600024815,44.21563599988981],[-88.46733200018436,44.2144089996928],[-88.47460899987443,44.20211399971514],[-88.47449800044465,44.192699999934675],[-88.49520799995662,44.19265100000604],[-88.49525099961431,44.199860000192736],[-88.52383299974139,44.19984599998623],[-88.52358599986918,44.1393579998035],[-88.52869500006267,44.14107199999583]]]},"properties":{"NAME":"Assembly District 53","GEOID":"55053"}},{"type":"Feature","geometry":{"type":"Polygon","coordinates":[[[-89.3692259999193,42.8316759999874],[-89.36704099980595,42.62931500032971],[-89.35956300027443,42.628370999988256],[-89.35954599965768,42.624453999803094],[-89.36701499986667,42.62630999978301],[-89.3669119999345,42.60980400013955],[-89.36114999998799,42.607701999999314],[-89.36688799964507,42.607722000253105],[-89.365798000049,42.50007799976698],[-88.89458299963715,42.49417499968224],[-88.89397500008991,42.58232400018069],[-89.24787099996615,42.58538200027429],[-89.2485780001459,42.62734400025125],[-89.2435719998846,42.62769899990579],[-89.24359199997608,42.63235799988272],[-89.24864599991797,42.63517500007829],[-89.25027600018751,42.84591299987734],[-89.36912800000998,42.845036000197155],[-89.3692259999193,42.8316759999874]]]},"properties":{"NAME":"Assembly District 45","GEOID":"55045"}},{"type":"Feature","geometry":{"type":"Polygon","coordinates":[[[-91.42518799964691,43.98432200010472],[-91.40601100032013,43.963929000183306],[-91.38579800002732,43.95424099976805],[-91.36664199971861,43.937462999702596],[-91.3574250001376,43.91723099979557],[-91.34774099967805,43.911964000016894],[-91.2902740003735,43.91218100003975],[-91.28964500001156,43.89782899987032],[-91.25512400038595,43.89799800013889],[-91.25516500039382,43.88734900020222],[-91.24036099987013,43.88207799976426],[-91.24287499987145,43.86982100016061],[-91.22927999966782,43.86981400014282],[-91.23336600021238,43.85282599983135],[-91.24258000031865,43.85276500021119],[-91.24251699967114,43.844746000140375],[-91.2481170001343,43.84136100002142],[-91.22024300001188,43.84805999991026],[-91.20971699965337,43.84052300002013],[-91.21402900015372,43.847503000286345],[-91.20980500041523,43.847783999827875],[-91.20479499995596,43.85829400000749],[-91.17474099974305,43.8555679999819],[-91.17790599984762,43.862781000061645],[-91.16470999985218,43.8641750002113],[-91.16404299985541,43.86823400017242],[-91.15698700009828,43.864001999798816],[-91.14967500024812,43.86716899990762],[-91.14962800039248,43.86276400022986],[-91.03116599965901,43.86285000001482],[-91.03244000027642,43.98528799975081],[-90.9722020001543,43.9853280000101],[-90.97268699967788,44.00691100009963],[-90.95275799996551,44.00696099997134],[-90.95306799958692,44.07113500020173],[-91.15184500029287,44.070994999686214],[-91.15356300042596,44.24758300021473],[-91.35446900027043,44.24727000000439],[-91.35345199957096,44.21516600000852],[-91.36371000014088,44.21529500020015],[-91.36331500013068,44.186600999894395],[-91.3736459995972,44.18658100006731],[-91.3737650003212,44.17214999985308],[-91.38368599970893,44.17212499973897],[-91.38372199969395,44.16486499981781],[-91.39243899968275,44.164840999940196],[-91.39130499970572,44.09166900032109],[-91.39632299966262,44.09167499998648],[-91.39631599998992,44.07732100018999],[-91.39126600024599,44.063715000009175],[-91.4112390003393,44.06390999995385],[-91.41090299988032,44.01317100004763],[-91.40581600032645,44.01317300021988],[-91.40590800038797,43.992188999740875],[-91.40091100034749,43.98422899979103],[-91.42518799964691,43.98432200010472]]]},"properties":{"NAME":"Assembly District 94","GEOID":"55094"}},{"type":"Feature","geometry":{"type":"Polygon","coordinates":[[[-89.83818099987472,43.20336800006561],[-89.83796300031484,43.11857700015776],[-89.65509200032255,43.11873700011495],[-89.65044699973626,43.12241100027638],[-89.64526999977072,43.117163999848856],[-89.64525499970209,43.12238099982284],[-89.63178000004741,43.128200000097515],[-89.63534299963692,43.12228700005491],[-89.62298400041588,43.12293800005304],[-89.62539700013484,43.11857300028461],[-89.57617999994056,43.11819499994521],[-89.57591700017484,43.110972999942966],[-89.5552720000619,43.10654699968629],[-89.55281599978689,43.11105199998685],[-89.54119700035757,43.111123999954614],[-89.53849900023324,43.10571799974459],[-89.54619500022297,43.10749800017839],[-89.54651900008805,43.1016670003061],[-89.54123900019036,43.10244199997448],[-89.5433049995797,43.096054000202514],[-89.53484000038428,43.09638400007849],[-89.53639699996059,43.08935499979429],[-89.56118700016931,43.08925099993266],[-89.55134299987618,43.08202999982086],[-89.53669099968846,43.08207999985393],[-89.53093499958969,43.086988999765026],[-89.49236099992979,43.08247000028639],[-89.49223600025633,43.0860750003207],[-89.4872840004217,43.08541800009646],[-89.49112900004351,43.09021400005488],[-89.48377700001038,43.08835599972264],[-89.48296600007355,43.10445999983834],[-89.42324400033546,43.10438000026817],[-89.42265799963124,43.11910300021418],[-89.37974899990476,43.11903600025759],[-89.37433500011277,43.12414600005881],[-89.39656699993924,43.145748999681196],[-89.37553799968674,43.14833100030347],[-89.37049299996569,43.14485899992028],[-89.37237500013033,43.14094900026387],[-89.3552099997662,43.140282000182125],[-89.35506199962818,43.14356799988779],[-89.36300899968808,43.1437630002455],[-89.36195599990192,43.20682200011526],[-89.48149399998775,43.20670899972866],[-89.48163000043017,43.29409399997596],[-89.72046300002927,43.293084000226834],[-89.71343800023429,43.28100599971796],[-89.73173800040034,43.252203000202165],[-89.74895499974465,43.24875100022378],[-89.75959999992887,43.24100199989082],[-89.80585399968496,43.2386849999208],[-89.83818099987472,43.20336800006561]]]},"properties":{"NAME":"Assembly District 81","GEOID":"55081"}},{"type":"Feature","geometry":{"type":"Polygon","coordinates":[[[-88.42427299977174,42.878759000329154],[-88.42410200006753,42.84258700003911],[-88.34382599955478,42.84285099975717],[-88.35322100030933,42.82829900011425],[-88.336137999961,42.828094000270774],[-88.33605099992234,42.836265999759874],[-88.32633300002593,42.83528900015509],[-88.32635399994231,42.82442899996031],[-88.33129099970833,42.82446600023484],[-88.3279299997852,42.8184680000592],[-88.3064350002757,42.840675000066845],[-88.30805999962405,42.7554869998231],[-88.2293170001948,42.75600100008032],[-88.22547000002486,42.74593599968494],[-88.22067899984869,42.74656499984344],[-88.21697800016693,42.75615799993515],[-88.20423800028107,42.756315000051764],[-88.2074309999747,42.75290899999301],[-88.19964000044877,42.756381000162655],[-88.07176500031572,42.75706099977079],[-88.06958600005017,42.91328499976247],[-88.09543900009079,42.92391899978875],[-88.12944000003274,42.90841500022483],[-88.1444050002149,42.91406000023362],[-88.13887800044502,42.92606099994821],[-88.1467490003369,42.9299400002398],[-88.15888900017315,42.93001300021447],[-88.16152799984792,42.92335699994865],[-88.18888700030953,42.92285800010103],[-88.18880399957054,42.9302090000518],[-88.28753599988494,42.9300169998952],[-88.28762399974848,42.92209000027163],[-88.29753099979081,42.921966999897734],[-88.29746999969144,42.91468100030859],[-88.30656699962185,42.91457399972168],[-88.30614900004542,42.875701000003076],[-88.3109490004424,42.87534599999559],[-88.31473100031502,42.885790999846186],[-88.32732899991065,42.87522299982258],[-88.33556700022369,42.88256900008673],[-88.3553450003233,42.88288400026809],[-88.35533299972943,42.87651300032552],[-88.38526200026885,42.89343699979334],[-88.39032500043157,42.87565299969494],[-88.42427299977174,42.878759000329154]]]},"properties":{"NAME":"Assembly District 84","GEOID":"55084"}},{"type":"Feature","geometry":{"type":"Polygon","coordinates":[[[-89.77025599998372,44.94430399977699],[-89.65594799956689,44.94465899971871],[-89.64445299998613,44.93540400005589],[-89.6441349999688,44.92976099998524],[-89.61913600042102,44.919049999824566],[-89.61420499960447,44.9291810002304],[-89.61744599987702,44.930709999692944],[-89.59469000016888,44.92940699991681],[-89.59521599970034,44.92408400025579],[-89.589784000365,44.921428000056565],[-89.59260999963753,44.91285400018997],[-89.60874499978172,44.90898299981679],[-89.60923199985344,44.89451399972239],[-89.58257299989887,44.89105799987154],[-89.58247699963941,44.887308000042516],[-89.59295100011938,44.887433999767936],[-89.59232699978031,44.85846199995479],[-89.49074999992682,44.85841699989402],[-89.4921990004464,45.032342999784554],[-89.61076599986353,45.032270000047795],[-89.61091300017662,45.0033890002452],[-89.62742999991221,45.001341000207915],[-89.62126299990973,44.988607999986485],[-89.63366800005983,44.98818900012737],[-89.63123100005143,44.99364099977776],[-89.6461130003929,44.988664999959596],[-89.64922200042098,44.99902499998253],[-89.65840200019205,44.995368000215834],[-89.65855100015496,44.99899199988543],[-89.66613699964152,45.000007999819445],[-89.6574620003838,44.98870899975517],[-89.66659399957601,44.988111999923234],[-89.66621700000745,44.98079400022121],[-89.66271200014428,44.98080600008361],[-89.66609499980873,44.97715799996558],[-89.66084500004825,44.97716099996276],[-89.66090600014762,44.973500999778416],[-89.72705699982903,44.973031999938165],[-89.72705600000411,44.969455000094186],[-89.74238500023435,44.96951600015026],[-89.74226100038578,44.965898999909015],[-89.76297000007285,44.9678170003029],[-89.76795399969453,44.9587360001252],[-89.74734600028981,44.96229200003101],[-89.74208200028565,44.95139700028976],[-89.74720099962654,44.949696999715044],[-89.74180600010112,44.95099799996653],[-89.77025599998372,44.94430399977699]]]},"properties":{"NAME":"Assembly District 85","GEOID":"55085"}},{"type":"Feature","geometry":{"type":"Polygon","coordinates":[[[-88.14987900028136,44.501328999990896],[-88.12969699995068,44.49359299992349],[-88.12971399966912,44.48862999992484],[-88.10659800011089,44.48553499982695],[-88.10951700016817,44.47419300025185],[-88.12076400005179,44.474191000309006],[-88.12232300017625,44.4777890000986],[-88.12658299989977,44.474191000309006],[-88.11759599957419,44.46734800031646],[-88.12670300044867,44.468908999936815],[-88.12460500037396,44.463699999989025],[-88.12980800027876,44.46371999980392],[-88.12984000006581,44.4597169998462],[-88.1215370003538,44.45967599981147],[-88.13288200014672,44.445399999951796],[-88.10947500033537,44.44518200021898],[-88.0950390000577,44.45052600011864],[-88.09512500027142,44.45485599972959],[-88.07899900034806,44.45718099997146],[-88.07095600002873,44.466095000103586],[-88.05777099990394,44.46212400008779],[-88.02632800034424,44.49188100021742],[-88.01570400007643,44.51831300004624],[-88.02685999972348,44.52172700024849],[-88.02356300027274,44.526550000210044],[-88.02634500006266,44.53112000029733],[-88.04749499979069,44.548052000124],[-88.05299300014659,44.53995700003196],[-88.06679400021451,44.54475799992881],[-88.07675200031046,44.53009100027654],[-88.09439499962716,44.53769399973268],[-88.09947200003356,44.523951000226255],[-88.11955100043208,44.52386600016539],[-88.11977599966465,44.51664999991561],[-88.12975999969987,44.51658999978914],[-88.12992499955632,44.52379499984616],[-88.13980400000955,44.523859999681676],[-88.13978499974297,44.50586599970086],[-88.13588200039483,44.50222700016268],[-88.14987900028136,44.501328999990896]]]},"properties":{"NAME":"Assembly District 89","GEOID":"55089"}},{"type":"Feature","geometry":{"type":"MultiPolygon","coordinates":[[[[-87.91378699956599,44.57789600011642],[-87.89598500024064,44.57467200015548],[-87.89613199965542,44.55485999976803],[-87.8890759998983,44.55473799969204],[-87.90065900024092,44.538648999943376],[-87.90692499997763,44.538713999851026],[-87.90685600038066,44.531562000315574],[-87.8792340001533,44.52749600017389],[-87.87919800016829,44.523898999932484],[-87.88681700016512,44.52263499974846],[-87.88715000025104,44.41481200014339],[-87.7653159997238,44.41450299998643],[-87.7660260002766,44.32718400023492],[-87.54361199960552,44.32751300017836],[-87.51706800017699,44.37665699982094],[-87.5172020000713,44.396986999842476],[-87.50257099979997,44.43296299993737],[-87.49901900008113,44.460789999744435],[-87.49226899974744,44.465551999946065],[-87.48369599969867,44.51135399996265],[-87.4718289996739,44.543669999810916],[-87.45233400032981,44.57234800007983],[-87.43749399982111,44.6050670003069],[-87.43185900009618,44.60763899972193],[-87.43575899996958,44.61010399976998],[-87.4316630002776,44.60881499978255],[-87.40496199959193,44.62766300000387],[-87.382388000357,44.657276999781125],[-87.37703800013911,44.67396299986597],[-87.34397399963235,44.71851299979301],[-87.33521800018379,44.749940999761755],[-87.31902600013821,44.77151600019923],[-87.32027599956785,44.786307999754655],[-87.3108459995515,44.79166399990355],[-87.31442099973489,44.79317899971622],[-87.30680799958584,44.80295600025865],[-87.2825570002257,44.81472199988073],[-87.26708900007827,44.84700800004373],[-87.20493500035467,44.87537500023865],[-87.20618899998226,44.88597300030336],[-87.21713600029025,44.89770500020959],[-87.21541899998208,44.907591999791926],[-87.17166099978563,44.9314050002733],[-87.175059000417,44.93990400016915],[-87.18823299977281,44.948173000117116],[-87.189401000085,44.96852599975578],[-87.16425400039923,45.004343000182],[-87.13897799994369,45.012803000281494],[-87.12489999986633,45.042641000173596],[-87.1241659999224,45.05757799984655],[-87.09082399958132,45.051072999784395],[-87.09114199959863,45.05588399971645],[-87.07965200004072,45.0581420001157],[-87.08384800019013,45.0659089998904],[-87.07990099956275,45.07357000020593],[-87.08289900016105,45.07080600022893],[-87.08510000016791,45.079174000005295],[-87.09702300026916,45.08342500015331],[-87.0907170003495,45.09445800014023],[-87.08178000025265,45.09596800002224],[-87.07580900006873,45.087525999966545],[-87.06670600029054,45.08431300008933],[-87.06632999964859,45.07851500014742],[-87.05655099965279,45.0935730002476],[-87.04768899989902,45.087953000040464],[-87.04861100016392,45.09479400013829],[-87.05344099979982,45.096205999876965],[-87.04859199989734,45.108802999828036],[-87.05102200023308,45.11656600012346],[-87.05745100017639,45.12482600006214],[-87.07501400002545,45.127877999918596],[-87.08415100013883,45.14536999972085],[-87.07771799999756,45.14754899970221],[-87.07961199985775,45.155841000152144],[-87.06905600026033,45.15789399976502],[-87.04678699972561,45.13487799972213],[-87.03202499993304,45.141620000087826],[-87.03155499957975,45.150439000298675],[-87.04528100020292,45.15827800020486],[-87.046342000385,45.17247899982057],[-87.03818400043792,45.199447999900116],[-87.04116600024437,45.21105299978542],[-87.03273100028785,45.21333600021719],[-87.03161999987708,45.2186560002592],[-87.03777199981094,45.22110600020862],[-87.03209799972797,45.22317200023713],[-87.04096500040293,45.22936100013678],[-87.02223599989148,45.23318300029359],[-87.00826099974628,45.22423300007061],[-87.00278699967983,45.211590999719334],[-86.98182799974754,45.2181569996975],[-86.97822900017302,45.22764400016728],[-86.98597500039143,45.23587800030848],[-86.97272800034237,45.246167999779146],[-86.98189700024282,45.24826600015394],[-86.98506800019514,45.261027999860694],[-86.97043899957366,45.277762000297656],[-86.97536799984208,45.28796199997914],[-86.98399799979225,45.29554400016972],[-87.00752699980237,45.29450799978722],[-87.01641600021861,45.2993150000445],[-87.0230750003157,45.293851999998935],[-87.02348700004435,45.286427999758246],[-87.04341300028199,45.28475499978636],[-87.05242099962562,45.28656700006434],[-87.05922799986072,45.29853799980847],[-87.06810899988106,45.29545699990304],[-87.07827899968912,45.2650030002773],[-87.0748270004277,45.25393499986299],[-87.10623099962935,45.258336000040806],[-87.11717899976225,45.240409999694236],[-87.12337199970402,45.22282100018884],[-87.11938899998995,45.19153299984809],[-87.14566899982783,45.19208999992353],[-87.1493849995782,45.185445999748026],[-87.16677900027119,45.183533999700224],[-87.17536400001552,45.173047000291305],[-87.16992500010916,45.153668999947186],[-87.17513499968666,45.15005300016836],[-87.18673999977061,45.15050700008364],[-87.19595399987688,45.163261999973756],[-87.22305899989527,45.16517800024909],[-87.22219100005705,45.17493599970577],[-87.23844599985183,45.16660999978864],[-87.25798299992705,45.17718299981568],[-87.26695099998602,45.17370600011692],[-87.27081300022456,45.166619999830424],[-87.2679069996878,45.15727100017619],[-87.24023799960479,45.15429299992384],[-87.2395339997981,45.12849099970253],[-87.24865800039099,45.132251000034664],[-87.25755500030488,45.12178100009111],[-87.26303199984605,45.083907000258485],[-87.28154600027234,45.07370900030571],[-87.28210100011611,45.04800899985154],[-87.29360499991772,45.04586200005993],[-87.30191000017788,45.05369000001898],[-87.30977199984896,45.043057999751056],[-87.3212510004345,45.03835300005892],[-87.32976699968356,45.018784000305786],[-87.34260700002685,45.012221000304194],[-87.34718899996562,45.00062699968395],[-87.36086199998705,44.98718700017022],[-87.37547200034196,44.956028000278245],[-87.39390499967908,44.933838000151674],[-87.39837899966282,44.92471699983228],[-87.39518400031935,44.920735000092236],[-87.41144199958886,44.905825000100016],[-87.39361799962391,44.89856499999704],[-87.383959000177,44.88718000030151],[-87.38463200002158,44.837775999710296],[-87.37557799974887,44.82933400015319],[-87.35260600013068,44.82154700016042],[-87.34613500035456,44.82766799989732],[-87.3429970000142,44.81746100011865],[-87.3301290000818,44.80609199994762],[-87.34164399975407,44.80622500027468],[-87.33771499956835,44.80823700031848],[-87.37738600029364,44.82453599974707],[-87.38288700012428,44.83330699979894],[-87.39006099988218,44.83108099969091],[-87.40479400026076,44.85939300026933],[-87.41993699981984,44.875693000289026],[-87.4204909998387,44.887489999840156],[-87.43362400008496,44.892921999728365],[-87.46091900007414,44.87728399968589],[-87.48712100009422,44.85418599973587],[-87.49923900018915,44.85680199983401],[-87.49879300012533,44.86444900015941],[-87.51477599993355,44.86998300027018],[-87.5039800001366,44.86099299983261],[-87.50357199970759,44.8551919999092],[-87.51874000027934,44.849290999696926],[-87.5306270003956,44.85099599996659],[-87.53343900032272,44.85788899969531],[-87.53240800027788,44.8503579999532],[-87.54130000016889,44.832024000247],[-87.55388900044201,44.82673400006316],[-87.55274000039638,44.823276999867474],[-87.5604940001124,44.824947999899045],[-87.5549599997715,44.83634899968488],[-87.56510600018842,44.82572199994554],[-87.56861600007448,44.82913200020105],[-87.56492899973811,44.82944100000504],[-87.55883000040599,44.84625400004082],[-87.55062399988003,44.847115000198976],[-87.54979600022476,44.851219999762456],[-87.58120799982234,44.851868000157104],[-87.61522300000799,44.83416600012257],[-87.64596000011117,44.7987669998703],[-87.66145099982481,44.788400999776314],[-87.66418099973619,44.7790139997529],[-87.72001500019476,44.72546799987965],[-87.7195749999787,44.693523999930306],[-87.74853700004739,44.66764699985426],[-87.75603200019563,44.64912799986035],[-87.77516000001692,44.63928100002694],[-87.80916299960872,44.63616599980831],[-87.8408350003956,44.61905299990236],[-87.85700300015174,44.6195280001474],[-87.86768400032095,44.60774699998295],[-87.88015600041821,44.602880999849255],[-87.88838499961207,44.591316000277835],[-87.91378699956599,44.57789600011642]]],[[[-86.7649580003614,45.39204399986513],[-86.76440000014458,45.39524699996741],[-86.7649580003614,45.39204399986513]]],[[[-86.7807760003132,45.36815500012471],[-86.7807760003132,45.36815500012471]]],[[[-86.83395299975702,45.403014000307834],[-86.80566699990592,45.40693099997282],[-86.80973800038187,45.422073999719665],[-86.83010300011233,45.428027999770556],[-86.82914499986242,45.408009999932794],[-86.83395299975702,45.403014000307834]]],[[[-86.8519540001723,45.357488999958335],[-86.8519540001723,45.357488999958335]]],[[[-86.85967199990331,45.41075299984228],[-86.85967199990331,45.41075299984228]]],[[[-86.89624399974798,45.29365699980389],[-86.89624399974798,45.29365699980389]]],[[[-86.92031199970836,45.28422400020057],[-86.92031199970836,45.28422400020057]]],[[[-86.93397800005707,45.3351650000746],[-86.91829700037265,45.317093000030496],[-86.90737400035408,45.31233000003626],[-86.90115100027509,45.29857100007162],[-86.90465399959015,45.29687699987738],[-86.89773299955223,45.294941999774615],[-86.89891099991017,45.30898100029802],[-86.90895199984679,45.3168359999323],[-86.91859500029847,45.33630899969189],[-86.92265099980747,45.33094400015333],[-86.93092599993042,45.33365600028618],[-86.93091300040994,45.3393430000049],[-86.93397800005707,45.3351650000746]]],[[[-86.95674600035906,45.34782100031297],[-86.95395000032545,45.339582000154465],[-86.94081000040651,45.33373999979836],[-86.9361980003305,45.338338999685035],[-86.93991999992866,45.346474000152206],[-86.9344099998772,45.343834999942345],[-86.93398899992772,45.351500999963136],[-86.92017299979118,45.35443099997191],[-86.9030309998916,45.33414199993367],[-86.89126000012631,45.33825200005944],[-86.88027900038142,45.33118899985216],[-86.87176900008185,45.331912000131126],[-86.86521000044219,45.33902200010033],[-86.86950100012784,45.34989899989496],[-86.86405800002353,45.36417300001707],[-86.84875200025782,45.37043399989143],[-86.83757200032132,45.394018000016885],[-86.86066500031333,45.41173399982863],[-86.87735699995112,45.413690000215546],[-86.91553099957792,45.407735999750884],[-86.92347099996512,45.39777299977692],[-86.92855199967119,45.398522000266624],[-86.92749499968707,45.410732999887735],[-86.93646299974606,45.42095400023817],[-86.94278600028248,45.415659999838155],[-86.95505099979218,45.3839090000235],[-86.94364999992274,45.356758000239594],[-86.94801699977637,45.355810999907945],[-86.94325200043781,45.35286099977653],[-86.95289800036421,45.3523289998643],[-86.95560200033633,45.35695100010618],[-86.95674600035906,45.34782100031297]]],[[[-86.96054699959994,45.31121500028067],[-86.95653899977152,45.30372199981617],[-86.94409000013881,45.30224000025034],[-86.94767399964469,45.31288299979613],[-86.95634600032598,45.31495999990957],[-86.96054699959994,45.31121500028067]]],[[[-86.96298799980632,45.25359499982306],[-86.96298799980632,45.25359499982306]]],[[[-87.14386000035643,45.222395000004234],[-87.14072700003894,45.22107499993666],[-87.14386000035643,45.222395000004234]]],[[[-87.14923899998836,45.22399499976079],[-87.14486299991387,45.22286500019834],[-87.14923899998836,45.22399499976079]]],[[[-87.31903700000886,45.103141999994776],[-87.31477899993517,45.101328999983494],[-87.31903700000886,45.103141999994776]]],[[[-87.37755100015008,45.183612999871954],[-87.37641499962496,45.17766300002729],[-87.3268400001287,45.15642399983148],[-87.33828700002888,45.1709679997585],[-87.33462300015704,45.1928809997568],[-87.33738599968038,45.201978000167664],[-87.33234400033237,45.206383999825775],[-87.33537200016958,45.21136900017981],[-87.35298900044532,45.198033000023706],[-87.36516799974129,45.20314000023129],[-87.37661200016676,45.19817299979287],[-87.37755100015008,45.183612999871954]]],[[[-87.52087599998887,44.87019200013147],[-87.51501500030814,44.87199000015799],[-87.52087599998887,44.87019200013147]]]]},"properties":{"NAME":"Assembly District 1","GEOID":"55001"}},{"type":"Feature","geometry":{"type":"Polygon","coordinates":[[[-88.35511000014667,44.256330999703394],[-88.35403499972088,44.24385399978337],[-88.04324000009005,44.241018000128676],[-88.04365000016887,44.153497000095456],[-87.96397200005593,44.153397999830304],[-87.96361200020583,44.145802000117605],[-87.95470199987315,44.1450499997948],[-87.93353000040383,44.14585100030592],[-87.93358499975712,44.14977699982141],[-87.94381400001471,44.153334000156484],[-87.66055700004732,44.15365699999704],[-87.66052699991008,44.19708600029318],[-87.60011300006087,44.19757300022667],[-87.60011399988578,44.24050899989733],[-87.51281099992822,44.24038299993011],[-87.54150699985813,44.29406300023651],[-87.54361199960552,44.32751300017836],[-87.7660260002766,44.32718400023492],[-87.7653159997238,44.41450299998643],[-87.88715000025104,44.41481200014339],[-87.88711799956569,44.443853000080814],[-87.91284599993283,44.44048700009787],[-87.91241199956457,44.444107999707974],[-87.92491499962395,44.44415400027674],[-87.91928699957171,44.44050800007414],[-87.92771900005349,44.44056300006786],[-87.92776500008424,44.44417600006189],[-87.97926699995098,44.44494099971172],[-87.9863369999518,44.434491999978114],[-88.01677399958102,44.44505100027946],[-88.01361900042052,44.44270600010464],[-88.01691900024429,44.43749499972579],[-88.0468260001441,44.439531999888935],[-88.04627399977505,44.43377299989785],[-88.0342390004191,44.42814699994919],[-88.05708600036384,44.43089099985154],[-88.03752900019714,44.4209469998501],[-88.04221099969503,44.411343999994216],[-88.05278300008429,44.41505899992316],[-88.06478300017845,44.40472199973574],[-88.06478200035353,44.396213000017376],[-88.05972000001573,44.39744699994999],[-88.05972800041165,44.39381900003199],[-88.06980100013531,44.386561999926286],[-88.06987899995313,44.364705999757795],[-88.04961100030704,44.36472799989951],[-88.04956799975103,44.35743799981035],[-88.19147199955763,44.35692800001315],[-88.1926030000599,44.31608800002649],[-88.2214110001428,44.30967800003795],[-88.24207700017213,44.28535300031697],[-88.24989000033771,44.29292099972455],[-88.25673799968237,44.29308700028314],[-88.2736140003415,44.27526400029076],[-88.2737979995662,44.264283000287314],[-88.27845300019823,44.26073400029272],[-88.2930669998528,44.26013899988412],[-88.29296800011859,44.27493900008985],[-88.29699100001564,44.271537000171726],[-88.33860500010663,44.27896799982773],[-88.35486400009937,44.276762000072594],[-88.35511000014667,44.256330999703394]]]},"properties":{"NAME":"Assembly District 2","GEOID":"55002"}},{"type":"Feature","geometry":{"type":"Polygon","coordinates":[[[-88.40440199978569,44.2094749998002],[-88.37892100018907,44.208831999883955],[-88.34456100022193,44.19954599972997],[-88.31385300043105,44.18489699969124],[-88.3003319998473,44.1742330002781],[-88.29761500035471,44.16560900020115],[-88.29405600006486,44.167271999911414],[-88.297452999973,44.16517599981852],[-88.2944679997935,44.160471999931296],[-88.3198820003413,44.1248430000399],[-88.32820900034277,44.1008889999425],[-88.32513499957649,44.08675599978059],[-88.33034400022738,44.06936099968251],[-88.32123700025123,44.034486000295644],[-88.3277399998144,43.983299000275615],[-88.3194899998058,43.96773199970895],[-88.31494800005,43.9376650002026],[-88.16165400024461,43.93768300007296],[-88.16227400038571,43.891511000133185],[-88.04179399994351,43.891691999902285],[-88.0418290001036,43.90649599982148],[-88.04679000015908,43.906515000005],[-88.0468479998854,43.919625000204334],[-88.05192199991878,43.92506399994264],[-88.04559300043287,43.927906999930066],[-88.04201999989932,43.92130600007533],[-88.04213799990009,43.9791700000326],[-87.80162399997783,43.979151999797395],[-87.80154899963478,44.1531449996873],[-87.94381400001471,44.153334000156484],[-87.93358499975712,44.14977699982141],[-87.93353000040383,44.14585100030592],[-87.95432100010665,44.14504500018318],[-87.96361200020583,44.145802000117605],[-87.96397200005593,44.153397999830304],[-88.04365000016887,44.153497000095456],[-88.04324000009005,44.241018000128676],[-88.404070000423,44.24410199984619],[-88.40440199978569,44.2094749998002]]]},"properties":{"NAME":"Assembly District 3","GEOID":"55003"}},{"type":"Feature","geometry":{"type":"Polygon","coordinates":[[[-88.00831500023338,42.959641000054994],[-87.96856400004044,42.95939599975243],[-87.96882799963109,42.944895999917385],[-87.96274099999455,42.94315799974509],[-87.92941799992002,42.94475600004293],[-87.9292110002308,42.95926899984226],[-87.94872300019163,42.95940800029982],[-87.94851300012934,42.97393600029476],[-87.95605299958513,42.975005000053606],[-87.95325699955153,42.98106100019383],[-87.95826199998791,42.97783999992053],[-87.96094699969346,42.99333700007326],[-87.97785199976657,42.988419999786366],[-87.97638100040399,43.01019599999176],[-87.98206200015969,43.01017699981655],[-87.98259299971403,43.018347000007836],[-87.96950499967362,43.02070000031208],[-87.96788899964776,43.038820000326666],[-87.98872200008167,43.0370270002909],[-87.98505499983679,43.032094999840666],[-87.9936870003351,43.02962199994482],[-87.99242100011361,43.02414500032825],[-87.99999900010256,43.024168000251024],[-87.99749299959885,42.99905000015473],[-88.00189399978765,42.999015999926335],[-88.00212499976634,42.98682400011436],[-87.998080000128,42.97047200006282],[-88.00807400020896,42.969939000222844],[-88.00831500023338,42.959641000054994]]]},"properties":{"NAME":"Assembly District 7","GEOID":"55007"}},{"type":"Feature","geometry":{"type":"Polygon","coordinates":[[[-87.982668999882,43.01178899975801],[-87.97638100040399,43.01019599999176],[-87.97785199976657,42.988419999786366],[-87.96049099958387,42.99292199987278],[-87.95826199998791,42.97783999992053],[-87.95325699955153,42.98106100019383],[-87.95605299958513,42.975005000053606],[-87.94851300012934,42.97393600029476],[-87.94872300019163,42.95940800029982],[-87.92653200037304,42.959252000232986],[-87.9291140001464,42.97376999994917],[-87.91934900039429,42.97377200001145],[-87.91922800002048,42.981610000024226],[-87.9265149997563,42.98105699988619],[-87.91900299988959,42.99195799973504],[-87.9287119995652,42.991930999975644],[-87.93357999973423,42.99720799979408],[-87.938385999979,42.99571600004269],[-87.9382510002598,43.00301399979598],[-87.94805899966958,43.00316700024557],[-87.9478829999425,43.01697300032695],[-87.94223599962369,43.01702300022052],[-87.94362800024186,43.02243300024473],[-87.9329920002785,43.02299000000627],[-87.93292399960811,43.03549700010091],[-87.96845699991033,43.03359200005488],[-87.96950499967362,43.02070000031208],[-87.98259299971403,43.018347000007836],[-87.982668999882,43.01178899975801]]]},"properties":{"NAME":"Assembly District 9","GEOID":"55009"}},{"type":"Feature","geometry":{"type":"MultiPolygon","coordinates":[[[[-88.04749499979069,44.548052000124],[-88.02634500006266,44.53112000029733],[-88.02356300027274,44.526550000210044],[-88.02685999972348,44.52172700024849],[-88.01570400007643,44.51831300004624],[-88.02375200041864,44.49848399988119],[-87.98995099959492,44.48599599968539],[-87.98852799991292,44.47567999968926],[-87.98253400016279,44.47349200005773],[-87.98673000031218,44.47775300013025],[-87.98182899963287,44.47881700022056],[-87.97862500006856,44.487736000144366],[-87.9568030003209,44.47343299972397],[-87.887182999863,44.472937000209185],[-87.88681700016512,44.52263499974846],[-87.87919800016829,44.523898999932484],[-87.8792340001533,44.52749600017389],[-87.90685600038066,44.531562000315574],[-87.90692499997763,44.538713999851026],[-87.90065900024092,44.538648999943376],[-87.8890759998983,44.55473799969204],[-87.89613199965542,44.55485999976803],[-87.89598500024064,44.57467200015548],[-87.90080300018099,44.5744699998164],[-87.92432299997026,44.5402160003095],[-87.94379599957304,44.52954299994816],[-87.97085999958357,44.53017899981608],[-87.99931899968699,44.54051000026667],[-87.99590099986244,44.53737099987617],[-88.00123000016394,44.53975400003002],[-88.0062199996334,44.532888000094985],[-88.01010600016141,44.53415300022825],[-88.01389600042995,44.5375830000693],[-88.00797399975153,44.53621200010552],[-88.0064859997722,44.540645999731574],[-88.0325349996314,44.56099599984749],[-88.0393009998586,44.55970200031245],[-88.04749499979069,44.548052000124]]],[[[-87.98946500024643,44.538775999892316],[-87.98040199975289,44.53683100031901],[-87.98946500024643,44.538775999892316]]]]},"properties":{"NAME":"Assembly District 90","GEOID":"55090"}},{"type":"Feature","geometry":{"type":"Polygon","coordinates":[[[-91.51475100006088,44.85735999999793],[-91.49405200041957,44.8353230002478],[-91.49666400033017,44.83031000027415],[-91.50679099958221,44.835371000278585],[-91.5124449995737,44.83150300029739],[-91.50559800005398,44.81280900020534],[-91.47697599974391,44.8001270001707],[-91.48223800009826,44.79410399996358],[-91.47841500021777,44.79441400028217],[-91.47832300015627,44.77624400002573],[-91.48337899974797,44.77798099999673],[-91.48346400013678,44.771167999819056],[-91.45931300033573,44.77115700013572],[-91.45883499958654,44.76442499995837],[-91.43287199994107,44.76586800028933],[-91.42809699965842,44.76006400008739],[-91.42294800018031,44.76005099987588],[-91.42283400037749,44.76471900016634],[-91.41363699998965,44.75975899985029],[-91.41782999976601,44.75665100003206],[-91.40728800041228,44.760006000151634],[-91.4139719997254,44.76337699978748],[-91.41231700023981,44.76670200015026],[-91.40716000036576,44.76497300022167],[-91.35213299964605,44.720760000256405],[-91.3293750002881,44.683170999815395],[-91.28572699969651,44.68350599970435],[-91.28645300014283,44.5967989998383],[-90.9223499997503,44.596292999767684],[-90.92266899959253,44.944428000192396],[-91.11090999989419,44.94433200009933],[-91.11100000030589,44.95207300010227],[-91.11981699985381,44.94644000022436],[-91.13662599966747,44.959272000010714],[-91.13665699962962,44.96600999988408],[-91.1657119995847,44.96625800008877],[-91.1655989996068,44.95179000027699],[-91.1759900002461,44.95170600001085],[-91.18402099997158,44.944857000116976],[-91.19885899993214,44.949064000162046],[-91.20133199992556,44.94418399969429],[-91.21791300013358,44.94270299991613],[-91.22770999967274,44.948997000213595],[-91.22682900031404,44.856930000292486],[-91.51475100006088,44.85735999999793]]]},"properties":{"NAME":"Assembly District 91","GEOID":"55091"}},{"type":"Feature","geometry":{"type":"Polygon","coordinates":[[[-91.97509399960948,44.81492200028381],[-91.97407500015852,44.68384400018575],[-91.65036099964338,44.68363300008815],[-91.65024799966548,44.59664900022122],[-91.5291010001248,44.59619700009132],[-91.52892000037484,44.509439000301526],[-91.1660000003631,44.50986300018203],[-91.1656189996983,44.5969869998265],[-91.28645300014283,44.5967989998383],[-91.28572699969651,44.68350599970435],[-91.3293750002881,44.683170999815395],[-91.35213299964605,44.720760000256405],[-91.40716000036576,44.76497300022167],[-91.41231700023981,44.76670200015026],[-91.4139719997254,44.76337699978748],[-91.40728800041228,44.760006000151634],[-91.41782999976601,44.75665100003206],[-91.41363699998965,44.75975899985029],[-91.42283400037749,44.76471900016634],[-91.42294800018031,44.76005099987588],[-91.42809699965842,44.76006400008739],[-91.43287199994107,44.76586800028933],[-91.45883499958654,44.76442499995837],[-91.45931300033573,44.77115700013572],[-91.48346400013678,44.771167999819056],[-91.48337899974797,44.77798099999673],[-91.47832300015627,44.77624400002573],[-91.47841500021777,44.79441400028217],[-91.48223800009826,44.79410399996358],[-91.47697599974391,44.8001270001707],[-91.50559800005398,44.81280900020534],[-91.5124449995737,44.83150300029739],[-91.50679099958221,44.835371000278585],[-91.49666400033017,44.83031000027415],[-91.49405200041957,44.8353230002478],[-91.51475100006088,44.85735999999793],[-91.8336069995544,44.85741899993652],[-91.83243599976748,44.81413499975526],[-91.97509399960948,44.81492200028381]]]},"properties":{"NAME":"Assembly District 93","GEOID":"55093"}},{"type":"Feature","geometry":{"type":"Polygon","coordinates":[[[-89.84540300021152,44.858127999953275],[-89.84525099987555,44.815251999719194],[-89.80907099966805,44.81510699973641],[-89.80871800038895,44.77138800006131],[-89.72740099978562,44.7717199997331],[-89.72669899962872,44.68483500018265],[-89.6696549999235,44.6823309999835],[-89.66789099975963,44.67534500025695],[-89.67798199992497,44.66451500012215],[-89.67735699976099,44.65628500001284],[-89.65883900003506,44.66756499971189],[-89.65068799976068,44.66560000010807],[-89.63745599978023,44.63938100014047],[-89.64447599955234,44.621245999848114],[-89.63633900041997,44.60339700004768],[-89.6390030002091,44.5987649998155],[-89.48940500006262,44.59900300011739],[-89.48938800034416,44.55623600021858],[-89.34524599982247,44.54754100023541],[-89.34532899966314,44.50406300018888],[-89.2233310000027,44.50398399991398],[-89.22366800028658,44.41744299979274],[-89.1028449997127,44.417544000022765],[-89.10271400019145,44.50378100010347],[-88.85930200012832,44.503013000288284],[-88.8581179999226,44.76783800000008],[-88.98173499998195,44.76794299973685],[-88.98158299964601,44.85568100030274],[-88.9916510002451,44.85578399987831],[-88.9935529996029,44.86958700022765],[-88.98148300008688,44.87015199988167],[-88.98131900005535,44.942745000294096],[-89.49175699968221,44.94566200031364],[-89.49074999992682,44.85841699989402],[-89.56670399989348,44.85826500017875],[-89.59232699978031,44.85846199995479],[-89.59295100011938,44.887433999767936],[-89.58247699963941,44.887308000042516],[-89.58257299989887,44.89105799987154],[-89.60923199985344,44.89451399972239],[-89.60874499978172,44.90898299981679],[-89.59260999963753,44.91285400018997],[-89.589784000365,44.921428000056565],[-89.59521599970034,44.92408400025579],[-89.59409799961686,44.92913499972941],[-89.61744599987702,44.930709999692944],[-89.61420499960447,44.9291810002304],[-89.61913600042102,44.919049999824566],[-89.6441349999688,44.92976099998524],[-89.65267799988034,44.943897999927025],[-89.72704299958532,44.94420699996269],[-89.72744699981637,44.85816900001773],[-89.84540300021152,44.858127999953275]]]},"properties":{"NAME":"Assembly District 87","GEOID":"55087"}},{"type":"Feature","geometry":{"type":"Polygon","coordinates":[[[-88.49289099959879,44.50693499979535],[-88.49312699960036,44.50173700024381],[-88.3714260000408,44.501260000056895],[-88.37502100031568,44.32884299985891],[-88.34298799985378,44.328672000056336],[-88.34319700009115,44.307038999904506],[-88.35348499989999,44.307164999748586],[-88.35547599984456,44.27696199989398],[-88.32361900000805,44.279132999853886],[-88.29699100001564,44.271537000171726],[-88.29296800011859,44.27493900008985],[-88.2930669998528,44.26013899988412],[-88.2737979995662,44.264283000287314],[-88.2736140003415,44.27526400029076],[-88.25673799968237,44.29308700028314],[-88.24989000033771,44.29292099972455],[-88.24207700017213,44.28535300031697],[-88.2214110001428,44.30967800003795],[-88.1926030000599,44.31608800002649],[-88.19147199955763,44.35692800001315],[-88.14408299999963,44.357239999932645],[-88.13896799995838,44.36751999981027],[-88.12164299976068,44.37894400011496],[-88.08914300021686,44.416709999890486],[-88.10935800015949,44.40061099995377],[-88.11406800014481,44.40320399970708],[-88.12413900021863,44.395793999803175],[-88.14077399995503,44.40693599990893],[-88.13195200038423,44.40994699999985],[-88.13413199957637,44.41295499988378],[-88.12860399998155,44.41302500002768],[-88.13309200020902,44.41545100004795],[-88.10857399998686,44.43066299975199],[-88.11178299957403,44.43069500023602],[-88.09083399968748,44.4509040002727],[-88.09930200015425,44.45207500031283],[-88.10947500033537,44.44518200021898],[-88.13288200014672,44.445399999951796],[-88.1215370003538,44.45967599981147],[-88.12984000006581,44.4597169998462],[-88.12980800027876,44.46371999980392],[-88.12460500037396,44.463699999989025],[-88.12670300044867,44.468908999936815],[-88.11759599957419,44.46734800031646],[-88.12658299989977,44.474191000309006],[-88.12232300017625,44.4777890000986],[-88.12076400005179,44.474191000309006],[-88.10951700016817,44.47419300025185],[-88.10659800011089,44.48553499982695],[-88.12971399966912,44.48862999992484],[-88.12969699995068,44.49359299992349],[-88.14986300038784,44.50055000006902],[-88.1378570004459,44.49912900023988],[-88.13980400000955,44.523859999681676],[-88.12992499955632,44.52379499984616],[-88.12975800005005,44.53333300021727],[-88.12142500020079,44.53412700015838],[-88.1222839998182,44.541627000118986],[-88.0970869999037,44.546878999704305],[-88.19445099988936,44.58662400017528],[-88.48875600044708,44.58951000000742],[-88.49289099959879,44.50693499979535]]]},"properties":{"NAME":"Assembly District 5","GEOID":"55005"}},{"type":"Feature","geometry":{"type":"Polygon","coordinates":[[[-88.77780899979788,42.91559999967298],[-88.77092899976786,42.906865000218254],[-88.76292399998167,42.914256000170326],[-88.72755300006116,42.91096999973688],[-88.7223109997983,42.90400299976936],[-88.71527699978247,42.901638000271355],[-88.71456200010512,42.90577600011466],[-88.6980930000501,42.893994000309945],[-88.6735439998658,42.899085999690364],[-88.66860799992469,42.89507099998573],[-88.66012100008965,42.901788000281066],[-88.6592790001907,42.84254100004272],[-88.42410200006753,42.84258700003911],[-88.42427299977174,42.878759000329154],[-88.39032500043157,42.87565299969494],[-88.38526200026885,42.89343699979334],[-88.35533299972943,42.87651300032552],[-88.3553450003233,42.88288400026809],[-88.33556700022369,42.88256900008673],[-88.32732899991065,42.87522299982258],[-88.31473100031502,42.885790999846186],[-88.3109490004424,42.87534599999559],[-88.30614900004542,42.875701000003076],[-88.30656699962185,42.91457399972168],[-88.29746999969144,42.91468100030859],[-88.29753099979081,42.921966999897734],[-88.28762399974848,42.92209000027163],[-88.28754000008291,42.92961399967545],[-88.30684199998146,42.929992999833544],[-88.30372000043293,43.10500999987373],[-88.32800099993031,43.10519499997346],[-88.32485900029027,43.10334200005697],[-88.33341999974517,43.082792999940935],[-88.34354299969756,43.08301100001074],[-88.36291300026649,43.07252400015446],[-88.3595489999703,43.105553999784384],[-88.39805599968305,43.09940099974769],[-88.39061199958843,43.096831999735684],[-88.3903639998913,43.09188600030014],[-88.39758899970282,43.08917400020519],[-88.39773099999304,43.080011000256505],[-88.4134479996625,43.07983700023059],[-88.41273999965783,43.105989000263676],[-88.42193500039585,43.103071000281574],[-88.45498399993568,43.10977500002079],[-88.4835769999334,43.106953999835795],[-88.47732100024244,43.10496400030102],[-88.4666519997688,43.08738500002437],[-88.45208900016786,43.0835259999268],[-88.45174000018841,43.069789000035186],[-88.44633100041928,43.06975300003898],[-88.4472419999152,43.0625479999501],[-88.4713400000128,43.069346000032745],[-88.47162799989289,43.05750099994449],[-88.4816040004305,43.05767900029036],[-88.48082600010565,43.08149999971683],[-88.48863000005039,43.07895199986059],[-88.50561399976621,43.084751999948104],[-88.5056120001164,43.07711600021999],[-88.5205660004279,43.07740299978978],[-88.52066099996414,43.08461800020571],[-88.54004099968051,43.08054100011864],[-88.53961899990614,43.10760500031935],[-88.65692900022091,43.10789800021998],[-88.66016299992243,42.97440899977235],[-88.77715100002193,42.97543300001372],[-88.77780899979788,42.91559999967298]]]},"properties":{"NAME":"Assembly District 97","GEOID":"55097"}},{"type":"Feature","geometry":{"type":"Polygon","coordinates":[[[-87.9570779997822,43.090216000262124],[-87.9370550003585,43.08959899981101],[-87.93745200001854,43.0696259997741],[-87.91979499955983,43.07117500021749],[-87.9170110001201,43.067574000161656],[-87.90529999973094,43.06749300016646],[-87.90524600020258,43.07294799972222],[-87.89779999955981,43.07109200021194],[-87.89754199981695,43.081971999810044],[-87.87040599983641,43.082924999949455],[-87.87635000025615,43.09890900025516],[-87.90705700022211,43.10031400011995],[-87.91199499981303,43.10612599967507],[-87.91216200021762,43.13253499997965],[-87.90776299967862,43.14290799980957],[-87.90831800042072,43.1498630000091],[-87.91432499969133,43.15031399979],[-87.91329299982158,43.16223900024905],[-87.9151530002449,43.14263400019865],[-87.91973799965841,43.14055299970826],[-87.92806200018516,43.14415800012286],[-87.93512700016312,43.15902900016213],[-87.94646299973522,43.160243999816046],[-87.9454330004136,43.14837099988218],[-87.95475799994965,43.148488000023434],[-87.94600099977785,43.128232999751305],[-87.94578300021797,43.112256000263116],[-87.93849700030708,43.11538099979522],[-87.94004999968544,43.11902899987622],[-87.93308900036287,43.1152629998874],[-87.92083499982552,43.118703999928506],[-87.9309519999301,43.10799299993591],[-87.92505100006639,43.10030999970907],[-87.93133900044272,43.104321000231316],[-87.95456600032902,43.10459899978562],[-87.9570779997822,43.090216000262124]]]},"properties":{"NAME":"Assembly District 10","GEOID":"55010"}},{"type":"Feature","geometry":{"type":"Polygon","coordinates":[[[-88.41926599968554,43.27495899990649],[-88.41798699994357,43.19469699977134],[-88.30008499997508,43.19313900023748],[-88.30154399964209,43.15714499974481],[-88.32641199966862,43.155850000292126],[-88.32665199986813,43.152474999991355],[-88.32742699981995,43.13056800032454],[-88.30277700025162,43.12678999992752],[-88.30372100025782,43.104957000277466],[-88.18573399990053,43.10466199968138],[-88.18222800021245,43.1925710002703],[-88.13640899975121,43.19200300025611],[-88.14268200005893,43.196060000295404],[-88.14262699980735,43.20907700025638],[-88.15699000029007,43.2213199998203],[-88.1621959996696,43.22137100018286],[-88.16229799977685,43.20842600028338],[-88.16860000039686,43.21107600005945],[-88.1821699995878,43.20709699980482],[-88.18166400014785,43.28078400012969],[-88.1888069999436,43.280804000019764],[-88.18723500029866,43.288059000140514],[-88.19156899964203,43.28805399978401],[-88.18918600006026,43.28080499994866],[-88.3004309995815,43.28135099989205],[-88.29931599987107,43.32855299971297],[-88.3093640003787,43.3247099997264],[-88.3092880002107,43.32822499996544],[-88.31923100023805,43.328752000218635],[-88.31877299958032,43.34633299991948],[-88.32622000004801,43.346396000033124],[-88.32609899967417,43.353652000010335],[-88.31655499985503,43.357566000042944],[-88.31850599961662,43.353579999897356],[-88.30625100015267,43.35372300000182],[-88.30635599973465,43.34829500029923],[-88.29889200044686,43.35020300014017],[-88.29857699990427,43.36953299997793],[-88.41843899985518,43.370175000052434],[-88.41926599968554,43.27495899990649]]]},"properties":{"NAME":"Assembly District 98","GEOID":"55098"}},{"type":"Feature","geometry":{"type":"Polygon","coordinates":[[[-88.1460310002865,43.09067799981164],[-88.14597199983695,43.06133100024788],[-88.107506999957,43.06048000010047],[-88.10706699974095,43.03593199972311],[-88.0582179997927,43.035966999875654],[-88.05827300004428,43.04004100006978],[-88.04731800023868,43.04108299981944],[-88.04704100022924,43.035080999719696],[-88.0333580001621,43.03522000016552],[-88.03148799969301,43.03878099999892],[-88.0193000001762,43.038577000305075],[-88.02061999992605,43.04581900016636],[-88.00317599990267,43.05226299971917],[-87.98755200011966,43.049987000012834],[-87.98917800019126,43.0676119997579],[-88.03841200010397,43.06758800022289],[-88.0352240004332,43.07187699972951],[-88.03838699998963,43.07515200004094],[-88.03386799980002,43.076138000146344],[-88.03873900034212,43.078913000117375],[-88.03822899980587,43.08915999982683],[-88.04770200037824,43.090213000279235],[-88.04270000031488,43.09066599996966],[-88.03757900042585,43.10440999970931],[-88.06602500011049,43.10422099970542],[-88.06614399993617,43.09828899989897],[-88.07124599955864,43.0964260001856],[-88.07629500037598,43.09662699997131],[-88.07610100020723,43.10463899976857],[-88.1390619996697,43.104621000172976],[-88.1460310002865,43.09067799981164]]]},"properties":{"NAME":"Assembly District 13","GEOID":"55013"}},{"type":"Feature","geometry":{"type":"Polygon","coordinates":[[[-91.34774099967805,43.911964000016894],[-91.33928300015532,43.89866099999611],[-91.31898799984674,43.88674399970216],[-91.31099099955814,43.86738100023668],[-91.28413800033316,43.847064999836704],[-91.27308499971994,43.818682000218665],[-91.26200500024086,43.80968500021035],[-91.23904500031824,43.80870999995906],[-91.23763299960858,43.79782699982982],[-91.22828899980595,43.80146200011477],[-91.20279599961545,43.7907660002988],[-91.21432000040686,43.805948000286485],[-91.20407000023286,43.811791000161755],[-91.19517599979372,43.81161200000934],[-91.20258899992622,43.80761800012717],[-91.19444500022284,43.80522800023735],[-91.19287799970249,43.81190200018596],[-91.03116700038224,43.812249999835565],[-91.03092600035782,43.725004999731745],[-90.60705699984626,43.72598500003323],[-90.60702199968617,43.729610000218194],[-90.59978900037704,43.730010999930144],[-90.5872129996244,43.72952599993194],[-90.58720699977661,43.72582700006711],[-90.55245500017232,43.725648999918306],[-90.5516590003041,43.8992410001993],[-90.67010900044367,43.899044000298495],[-90.67136100042144,43.985752999969606],[-90.79173999968302,43.98586900012646],[-90.7916829997816,44.02899999976491],[-90.91319599991847,44.02883900024333],[-90.91291800008412,44.07152199972844],[-90.95306799958692,44.07113500020173],[-90.95275799996551,44.00696099997134],[-90.97268699967788,44.00691100009963],[-90.9722020001543,43.9853280000101],[-91.03244000027642,43.98528799975081],[-91.03116599965901,43.86285000001482],[-91.14962800039248,43.86276400022986],[-91.14967500024812,43.86716899990762],[-91.15698700009828,43.864001999798816],[-91.16404299985541,43.86823400017242],[-91.16470999985218,43.8641750002113],[-91.17790599984762,43.862781000061645],[-91.17474099974305,43.8555679999819],[-91.20479499995596,43.85829400000749],[-91.20980500041523,43.847783999827875],[-91.21402900015372,43.847503000286345],[-91.20971699965337,43.84052300002013],[-91.22024300001188,43.84805999991026],[-91.2481170001343,43.84136100002142],[-91.24251699967114,43.844746000140375],[-91.24258000031865,43.85276500021119],[-91.23336600021238,43.85282599983135],[-91.22927999966782,43.86981400014282],[-91.24287499987145,43.86982100016061],[-91.24036099987013,43.88207799976426],[-91.25516500039382,43.88734900020222],[-91.25512400038595,43.89799800013889],[-91.28964500001156,43.89782899987032],[-91.2902740003735,43.91218100003975],[-91.34774099967805,43.911964000016894]]]},"properties":{"NAME":"Assembly District 95","GEOID":"55095"}},{"type":"Feature","geometry":{"type":"Polygon","coordinates":[[[-88.0389279995897,43.082263999781865],[-88.03386799980002,43.076138000146344],[-88.03838699998963,43.07515200004094],[-88.03740100015061,43.06712199984156],[-88.00239699975292,43.06946499996427],[-87.98917800019126,43.0676119997579],[-87.98754399972374,43.06070300010807],[-87.97756100041175,43.060657000072844],[-87.97477100022591,43.08245999995303],[-87.96723500006979,43.08250699993096],[-87.9669909996723,43.09685000030936],[-87.95684599997861,43.096537999674396],[-87.95456600032902,43.10459899978562],[-87.98648699973963,43.10471299979936],[-87.98619100036193,43.11203599986567],[-87.99484200022852,43.11214299994311],[-87.99377400037375,43.104824999870736],[-88.01719500042883,43.10498400017648],[-88.01758299986803,43.08974499983479],[-88.02265600007648,43.08966500006262],[-88.02322599998887,43.083240999947684],[-88.0389279995897,43.082263999781865]]]},"properties":{"NAME":"Assembly District 17","GEOID":"55017"}},{"type":"Feature","geometry":{"type":"Polygon","coordinates":[[[-88.0236300002199,43.03592100032764],[-88.0235730003185,43.03117500009712],[-88.01623100033112,43.03133399982157],[-88.01607800017024,43.03600500001867],[-87.99676700005085,43.03407299970272],[-87.97637300000807,43.0387900002788],[-87.96788899964776,43.038820000326666],[-87.96845699991033,43.03359200005488],[-87.9621819999528,43.03228299970433],[-87.93291299973745,43.036108000287975],[-87.94161499965767,43.037491000290544],[-87.93664199990663,43.04024799995166],[-87.93777400023382,43.04859899975293],[-87.95766399958812,43.04588699999127],[-87.95684599997861,43.096537999674396],[-87.9669909996723,43.09685000030936],[-87.96723500006979,43.08250699993096],[-87.97477100022591,43.08245999995303],[-87.97756100041175,43.060657000072844],[-87.98754399972374,43.06070300010807],[-87.98755200011966,43.049987000012834],[-88.00317599990267,43.05226299971917],[-88.02061999992605,43.04581900016636],[-88.0193000001762,43.038577000305075],[-88.0236300002199,43.03592100032764]]]},"properties":{"NAME":"Assembly District 18","GEOID":"55018"}},{"type":"Feature","geometry":{"type":"MultiPolygon","coordinates":[[[[-87.91091100006474,42.993740999717055],[-87.90948199963664,42.98103799990004],[-87.90063699960132,42.97831900000281],[-87.9029170001492,42.98243399988793],[-87.89442100009333,42.98240099988636],[-87.89405899969508,42.96619000005085],[-87.8896809999708,42.9592410002513],[-87.88325000037764,42.95912799984721],[-87.88784900003488,42.93003399968659],[-87.88139199960416,42.93003200017567],[-87.88210200015695,42.89357699983174],[-87.84736399989802,42.893129000038115],[-87.83925899965439,42.91307999975241],[-87.84597200017815,42.9293160000793],[-87.8450170003013,42.961082999723196],[-87.85329200042425,42.976242999975916],[-87.87133399994909,42.988070999780305],[-87.88858700017676,42.98822000014202],[-87.89292100041844,42.997422000064944],[-87.91091100006474,42.993740999717055]]],[[[-87.84306999983934,42.904792999675855],[-87.84306999983934,42.904792999675855]]]]},"properties":{"NAME":"Assembly District 20","GEOID":"55020"}},{"type":"Feature","geometry":{"type":"Polygon","coordinates":[[[-88.00369599958636,43.20840200029942],[-87.98384600041504,43.20710499975347],[-87.9839579996697,43.192541000187305],[-87.99417100003376,43.19255000014826],[-87.99367200026649,43.18584099999303],[-87.98444200026667,43.18494799996452],[-87.98469599981159,43.17037900028319],[-87.9946150004478,43.17048599985299],[-87.99475799966461,43.16318800019264],[-87.97485999991437,43.16313200019859],[-87.97528900025978,43.14859300031238],[-87.96548199977657,43.14858399977036],[-87.96519800009446,43.15586799989018],[-87.95750700012759,43.15581499978435],[-87.95811600039805,43.16308700031824],[-87.93512700016312,43.15902900016213],[-87.92826399985152,43.1444179999187],[-87.92144599974579,43.140535000188166],[-87.9151530002449,43.14263400019865],[-87.91544600014787,43.16228099971664],[-87.91174999959065,43.161934000175705],[-87.91432499969133,43.15031399979],[-87.90831800042072,43.1498630000091],[-87.90776299967862,43.14290799980957],[-87.91216200021762,43.13253499997965],[-87.91199499981303,43.10612599967507],[-87.90705700022211,43.10031400011995],[-87.87635000025615,43.09890900025516],[-87.89381400037101,43.11463200019785],[-87.90117300007682,43.129662999772286],[-87.88092899982188,43.1705809999936],[-87.89637500022798,43.19757599985871],[-87.89677799973579,43.214475999709336],[-87.91106599987545,43.239369999931085],[-87.91128400033364,43.253711999785054],[-87.90277599968388,43.280315000103684],[-87.94174299970418,43.28003799992682],[-87.94875499997869,43.276367999849505],[-87.94902799979018,43.270798000214334],[-87.94232000018759,43.267291000143885],[-87.94753599961287,43.26644799980128],[-87.94743400040392,43.25550300028985],[-87.9323319999544,43.24164999980859],[-87.964187999966,43.232968000024684],[-87.96893200028649,43.243348000177896],[-87.98876999976227,43.24345300030955],[-87.98967699995853,43.221715000307526],[-88.00361000027095,43.221760000184055],[-88.00369599958636,43.20840200029942]]]},"properties":{"NAME":"Assembly District 23","GEOID":"55023"}},{"type":"Feature","geometry":{"type":"Polygon","coordinates":[[[-88.18565299970967,43.10471900031198],[-88.07610100020723,43.10463899976857],[-88.07629500037598,43.09662699997131],[-88.06614399993617,43.09828899989897],[-88.06378700029371,43.22112299972623],[-88.08366499995245,43.22104699996509],[-88.08393500028919,43.23554600011859],[-88.18216700011308,43.236179999711645],[-88.1821699995878,43.20709699980482],[-88.16860000039686,43.21107600005945],[-88.16229799977685,43.20842600028338],[-88.1621959996696,43.22137100018286],[-88.15699000029007,43.2213199998203],[-88.14262699980735,43.20907700025638],[-88.14268200005893,43.196060000295404],[-88.13640899975121,43.19200300025611],[-88.18222800021245,43.1925710002703],[-88.18565299970967,43.10471900031198]]]},"properties":{"NAME":"Assembly District 24","GEOID":"55024"}},{"type":"Feature","geometry":{"type":"Polygon","coordinates":[[[-87.92240700036874,43.978996000116254],[-87.92225300038295,43.89202800011475],[-87.80149199973336,43.8919240002361],[-87.80014199984628,43.7449540002452],[-87.79498400014732,43.744912999901835],[-87.79500699971355,43.76026299989958],[-87.77977499956768,43.760198999706546],[-87.78011900042259,43.79010199994355],[-87.7640960004314,43.789920999741106],[-87.7792890002192,43.80504299972376],[-87.72422600041278,43.805713999796126],[-87.72956099966375,43.82895799980305],[-87.7282269996702,43.85123999979387],[-87.73596100019307,43.88043000002766],[-87.71904400042438,43.93777600017881],[-87.69892099964493,43.96594199986519],[-87.69549899962243,43.989589999685016],[-87.68335999961108,44.02026699993151],[-87.65513599968432,44.05291599977251],[-87.65423799970885,44.08185599987306],[-87.64366700004281,44.09136800008781],[-87.6577750002574,44.09260300005124],[-87.65185900032508,44.09235600031519],[-87.64858700009039,44.099700000159984],[-87.64365699999706,44.09262400015885],[-87.64763499968826,44.103818999705],[-87.61862300028919,44.12371100020486],[-87.56067700041052,44.14264499977752],[-87.52952199983258,44.16747300028902],[-87.5170539999333,44.18283100018211],[-87.50756299981758,44.20689500025259],[-87.50713900039337,44.22397800020578],[-87.51281099992822,44.24038299993011],[-87.60011399988578,44.24050899989733],[-87.60011300006087,44.19757300022667],[-87.66052699991008,44.19708600029318],[-87.66055700004732,44.15365699999704],[-87.80154899963478,44.1531449996873],[-87.80162399997783,43.979151999797395],[-87.92240700036874,43.978996000116254]]]},"properties":{"NAME":"Assembly District 25","GEOID":"55025"}},{"type":"Feature","geometry":{"type":"Polygon","coordinates":[[[-92.8084149997232,44.751860000069264],[-92.79233599965552,44.73936200002839],[-92.73204300018013,44.71434499999391],[-92.66098800034467,44.66089999997222],[-92.6320210002531,44.649186999955084],[-92.62021500032772,44.63419400004061],[-92.62164200020769,44.614929000208015],[-92.601608000015,44.612038000233504],[-92.58621600003559,44.60008800003348],[-92.57715599991509,44.60503700007851],[-92.56894600008948,44.6033719998859],[-92.54982699959072,44.581097999864184],[-92.5488890003306,44.568251999763085],[-92.51921800043236,44.57527499968985],[-92.49371699984593,44.566052000066385],[-92.4809860001809,44.56844899984663],[-92.45889599974632,44.56274499998621],[-92.43862599955212,44.5526390000174],[-92.41567499985032,44.560506000000096],[-92.33611399991322,44.55400399985991],[-92.31407100023264,44.538013999885415],[-92.30304600010683,44.518645999697235],[-92.30221500007852,44.50029800011322],[-92.2910050000048,44.48546400023262],[-92.23085599957115,44.444496000023435],[-92.19537800041884,44.43379200031891],[-92.12451299965585,44.42211499982602],[-92.07860500040447,44.404869000161696],[-92.0564859996576,44.40272899997856],[-92.0381470000318,44.388731000069654],[-91.96359999985364,44.362112000090356],[-91.94131100012575,44.34097799972629],[-91.92559000025835,44.33354800002757],[-91.91862499983951,44.32267100019306],[-91.91357400027067,44.31039200011726],[-91.92461299974187,44.29181500021648],[-91.89638799999017,44.27468999996861],[-91.89600800004855,44.26287099985447],[-91.88703999998958,44.25177200017315],[-91.89269800017904,44.231105000232596],[-91.87742900022327,44.21292100027039],[-91.8751579998962,44.200575000013394],[-91.82916699990585,44.17834999987519],[-91.8080640000335,44.1592620000754],[-91.75174699970117,44.13478599999397],[-91.72155199992129,44.130341999930366],[-91.71059700011568,44.12048000012863],[-91.70749099956234,44.10390599981942],[-91.68152999956669,44.09740000023129],[-91.64787299958134,44.06410900003621],[-91.61048700032512,44.04931000029134],[-91.59561800040242,44.03332500020877],[-91.58260399998187,44.02738099981611],[-91.50712100019341,44.01898000006348],[-91.48086999976954,44.00814500025253],[-91.46351500033292,44.009040999930086],[-91.43411100039836,43.99786799974006],[-91.42518799964691,43.98432200010472],[-91.40091100034749,43.98422899979103],[-91.40590800038797,43.992188999740875],[-91.40581600032645,44.01317300021988],[-91.41090299988032,44.01317100004763],[-91.4112390003393,44.06390999995385],[-91.39126600024599,44.063715000009175],[-91.39631599998992,44.07732100018999],[-91.39632299966262,44.09167499998648],[-91.39130499970572,44.09166900032109],[-91.39243899968275,44.164840999940196],[-91.38372199969395,44.16486499981781],[-91.38368599970893,44.17212499973897],[-91.3737650003212,44.17214999985308],[-91.3736459995972,44.18658100006731],[-91.36331500013068,44.186600999894395],[-91.36371000014088,44.21529500020015],[-91.35345199957096,44.21516600000852],[-91.35446900027043,44.24727000000439],[-91.16554799955318,44.24744500009906],[-91.1658799998142,44.509756000018186],[-91.52892000037484,44.509439000301526],[-91.5291010001248,44.59619700009132],[-91.65024799966548,44.59664900022122],[-91.65036099964338,44.68363300008815],[-92.13520200022097,44.68437400011064],[-92.1363229997792,44.77152699981424],[-92.77546400009267,44.77575500021555],[-92.7767260001162,44.764832999922525],[-92.79941700042532,44.76845599980664],[-92.8064010002124,44.76456700014147],[-92.8084149997232,44.751860000069264]]]},"properties":{"NAME":"Assembly District 29","GEOID":"55029"}},{"type":"Feature","geometry":{"type":"Polygon","coordinates":[[[-92.80601799989778,44.76628899971518],[-92.7767260001162,44.764832999922525],[-92.77546400009267,44.77575500021555],[-92.4970660000735,44.7757310002591],[-92.49698599970756,44.94920100001244],[-92.61926499957542,44.94926199998911],[-92.61939099997211,45.07889100026014],[-92.7925809998779,45.07879399976269],[-92.80216300023021,45.06755500023182],[-92.79708099980091,45.05064799993464],[-92.76205999968478,45.02432000022205],[-92.77123100013335,45.00137800001128],[-92.76944500022819,44.972149999761854],[-92.75460300006965,44.95576699975117],[-92.75064499957165,44.93729899998399],[-92.75870100030977,44.90897899994505],[-92.77457100014009,44.89808399990537],[-92.76341100029508,44.87414000004994],[-92.76950100030469,44.86200100013429],[-92.76593199996908,44.835630999856804],[-92.78075400003611,44.812299999950696],[-92.78562200020517,44.7918869999466],[-92.80601799989778,44.76628899971518]]]},"properties":{"NAME":"Assembly District 30","GEOID":"55030"}},{"type":"Feature","geometry":{"type":"Polygon","coordinates":[[[-88.42373200017167,42.57979499982616],[-88.41493099961896,42.567450000119564],[-88.42347199988068,42.56731300002153],[-88.42332899976553,42.56003800000691],[-88.41899100022422,42.55941300012877],[-88.42330200000136,42.55480799984614],[-88.4224960000874,42.494526000057355],[-87.80047699958203,42.49191999993365],[-87.81095799973471,42.51593599983669],[-87.82328900026496,42.51475400027292],[-87.82397800000304,42.5220699997586],[-87.85382100032875,42.52245699982584],[-87.85407800024669,42.53118000030927],[-87.86625099969488,42.530988000165955],[-87.86484599955622,42.537181000093014],[-87.91240800026492,42.53417299995579],[-87.91317999984368,42.5377099998068],[-87.93335700015147,42.53176099971279],[-87.93264599977378,42.53800699983274],[-87.943511000066,42.54495100019926],[-87.93340999985493,42.55087600008941],[-87.93384900024607,42.567535999819775],[-87.95259399975271,42.56752799985265],[-87.95341999975814,42.669566999821946],[-88.18830599962817,42.66970899974036],[-88.18817299955877,42.61145599991014],[-88.30589100030257,42.610817000156224],[-88.30557599975997,42.5816600000899],[-88.42373200017167,42.57979499982616]]]},"properties":{"NAME":"Assembly District 32","GEOID":"55032"}},{"type":"Feature","geometry":{"type":"Polygon","coordinates":[[[-90.0452539997217,45.806193999689285],[-90.04341400028817,45.55508199992466],[-89.79590700035797,45.555594000129105],[-89.79581500029649,45.64501699972979],[-89.6727959997386,45.645000999819835],[-89.67229399959827,45.55570300023499],[-89.42825800009439,45.55535299986579],[-89.4248240003763,45.467166000113615],[-89.34425999998348,45.470014999695046],[-89.04648999974553,45.46443900029878],[-89.04779500032507,45.98234500016508],[-88.93322199959437,45.982275999945955],[-88.93275700016227,46.073667999711404],[-89.09163800001203,46.13844699999744],[-89.92915799974986,46.29974799984219],[-89.92883700025781,45.98196699978254],[-90.0439580002613,45.98194800022528],[-90.0452539997217,45.806193999689285]]]},"properties":{"NAME":"Assembly District 34","GEOID":"55034"}},{"type":"Feature","geometry":{"type":"Polygon","coordinates":[[[-89.71762199978981,43.98195299983638],[-89.71750200013922,43.73089599987659],[-89.59904100012899,43.73080100013113],[-89.59954699956897,43.642635999927684],[-89.2452840001699,43.64308299984127],[-89.2463110000168,43.55603699995125],[-89.12760999980708,43.55665600032465],[-89.12636799987503,43.45676699998381],[-89.00611699976167,43.45875899986148],[-89.00673899955261,43.53167599987822],[-89.01451499990826,43.53859600026871],[-89.01337000006059,43.54557399972256],[-89.00791600008563,43.54731600027762],[-89.0171150001233,43.549088000018145],[-89.00707699966141,43.54928200020847],[-89.00684800023087,43.633045000098086],[-88.76539000030239,43.63308199972359],[-88.76535500014229,43.642470000184645],[-88.77325199997345,43.64243699975425],[-88.77319099987409,43.647572000097085],[-88.76525499968487,43.64759899997457],[-88.7650949998513,43.7203060000052],[-88.52318699966101,43.71933900008426],[-88.52400699981868,43.89371099975333],[-88.76483899975825,43.8948990002592],[-88.76489200036002,43.97491999990715],[-88.78505700007395,43.97509199996836],[-88.78504500037837,43.98262099989538],[-88.92647800000678,43.983407999820145],[-88.92650700031909,43.99015999991928],[-88.93153500032172,43.98801299990005],[-88.93163599970576,43.997948000077756],[-88.9409479997213,43.99796799982219],[-88.95082100032675,43.98334199976401],[-89.71762199978981,43.98195299983638]]]},"properties":{"NAME":"Assembly District 39","GEOID":"55039"}},{"type":"Feature","geometry":{"type":"Polygon","coordinates":[[[-90.19332200005606,43.16517400009081],[-90.18245500011402,43.157104000016844],[-90.15898300000532,43.16679400014778],[-90.11372599995889,43.16034399986288],[-90.08621800043267,43.16219800000765],[-90.05865999977942,43.14529100030166],[-90.05183099980302,43.149303000154504],[-90.04932500019764,43.16637600015662],[-90.00012300007197,43.1946239999256],[-89.90527599956235,43.18802399973733],[-89.85129400002948,43.19843600008937],[-89.83695599966113,43.20684900022299],[-89.80585399968496,43.2386849999208],[-89.75959999992887,43.24100199989082],[-89.74895499974465,43.24875100022378],[-89.73138199984984,43.25249099989691],[-89.71327599985258,43.281882000192766],[-89.72695200024705,43.300329000199724],[-89.72363200033179,43.3144510001809],[-89.70383199959252,43.3302959997591],[-89.67926900006285,43.36018500020842],[-89.63137300034164,43.36539500015089],[-89.56804499955972,43.39070699985792],[-89.5043359999096,43.43294400001068],[-89.48354500020677,43.45524100031611],[-89.44767299997086,43.46781800028361],[-89.36385200031026,43.468414999684754],[-89.36376400044671,43.45553299985094],[-89.24491099990101,43.45660600024769],[-89.2452840001699,43.64308299984127],[-89.65967300043643,43.642832000012746],[-89.65937499961225,43.56733800007161],[-89.71898599992058,43.56829699995324],[-89.71852499978813,43.55407400026796],[-89.75811899962223,43.5541349998892],[-89.7585119999826,43.51088000011734],[-89.83722500017296,43.51127299969067],[-89.83674300012412,43.38046300031243],[-90.1919379998338,43.380083000110695],[-90.19332200005606,43.16517400009081]]]},"properties":{"NAME":"Assembly District 40","GEOID":"55040"}},{"type":"Feature","geometry":{"type":"Polygon","coordinates":[[[-90.6859320004183,43.50584900009941],[-90.68503500026777,43.49865799974488],[-90.6700979996747,43.49997500001224],[-90.66678600015535,43.17177699996462],[-90.60860799957479,43.18537199972394],[-90.58816000000365,43.20099899997125],[-90.5454079997377,43.21145500006528],[-90.43928599975536,43.199630999993296],[-90.33657599974974,43.20978200007853],[-90.29504700004757,43.20759200005042],[-90.27964199964936,43.194121000211375],[-90.26007699998505,43.19768900013602],[-90.220887000382,43.174236000223665],[-90.19381400015067,43.16446399986021],[-90.1919379998338,43.380083000110695],[-89.83674300012412,43.38046300031243],[-89.83722500017296,43.51127299969067],[-89.7585119999826,43.51088000011734],[-89.75811899962223,43.5541349998892],[-89.71852499978813,43.55407400026796],[-89.71898599992058,43.56829699995324],[-89.65937499961225,43.56733800007161],[-89.65967300043643,43.642832000012746],[-89.59954699956897,43.642635999927684],[-89.59904100012899,43.73080100013113],[-89.71750200013922,43.73089599987659],[-89.7166850003546,43.89439700018836],[-89.8374889997636,43.89425299986154],[-89.8373339999529,43.85464199987483],[-89.85770500042946,43.85478700024233],[-89.85774800008717,43.84739699985721],[-89.87772600020334,43.847443000042134],[-89.8777520001426,43.818514000027946],[-89.91369600034857,43.81841400004499],[-89.90184600004224,43.813266000189756],[-89.88977800017602,43.796714000257836],[-89.86513199990735,43.78341400021625],[-89.8489859998925,43.76309699974217],[-89.85083999956974,43.76748699980522],[-89.87785800044782,43.76751200020858],[-89.87779899999826,43.773465000130635],[-89.92072199996845,43.76745100032189],[-89.9513290003753,43.78506000003474],[-89.95500699959253,43.78442599988954],[-89.9551310003394,43.73102700011886],[-90.26137300034377,43.731521000218855],[-90.26605900003963,43.729229999962655],[-90.26139599991,43.724435999814006],[-90.26795600027287,43.72301899979439],[-90.26909600009768,43.731533999961485],[-90.31219399997003,43.73146599972864],[-90.31106900021385,43.55399100026794],[-90.67165199977627,43.55285600009277],[-90.67071799981582,43.513029999831204],[-90.68063499990387,43.513075999758456],[-90.6859320004183,43.50584900009941]]]},"properties":{"NAME":"Assembly District 41","GEOID":"55041"}},{"type":"Feature","geometry":{"type":"Polygon","coordinates":[[[-89.24711600010583,43.02007600028318],[-89.1302450001822,43.02151900028984],[-89.13169399980347,42.933997999815666],[-89.08790100034524,42.93426100022563],[-89.08335399966825,42.9058570002952],[-89.0322669999032,42.84756299977737],[-88.77707599967889,42.842693999726485],[-88.7774089997648,42.94641299978897],[-88.82205900008893,42.948168000167996],[-88.79818000027444,42.990729999701465],[-88.80925100043099,42.98550499983423],[-88.81386799963157,42.98637899993154],[-88.81258300004181,42.99069700021066],[-88.81808600042058,42.97658699983814],[-88.8327030004482,42.97997399984722],[-88.83495999963326,42.9919120000648],[-88.82681500010497,42.995008999962],[-88.82744399956859,43.02218700032478],[-88.81866700020363,43.02121599987768],[-88.80858000023626,43.071420999968886],[-88.81610399979853,43.07200800021488],[-88.81555900000049,43.08637899979044],[-88.89356400018617,43.087861999770695],[-88.89053700017388,43.19791300010189],[-89.12672000022754,43.195561000050766],[-89.12958800023117,43.108747000108195],[-89.19891800026083,43.10857100012486],[-89.19370600013521,43.119236999907265],[-89.20159200009572,43.12274499996123],[-89.20864700002791,43.12254499993711],[-89.21396799993349,43.11524800020514],[-89.19913599982074,43.11491600030735],[-89.20711300001784,43.112163000096196],[-89.20185200038671,43.108239000075315],[-89.24703400009007,43.107206999982836],[-89.24711600010583,43.02007600028318]]]},"properties":{"NAME":"Assembly District 46","GEOID":"55046"}},{"type":"Feature","geometry":{"type":"Polygon","coordinates":[[[-89.48689299971115,43.008511000218796],[-89.4854969997933,42.94342000029289],[-89.36821199959287,42.94296599984554],[-89.3689029998791,42.917545000267786],[-89.36516799986214,42.910156000143665],[-89.3689880002679,42.9099580001642],[-89.36906899956044,42.85954400010065],[-89.35623400013834,42.85294000008332],[-89.36348099969118,42.84973800014165],[-89.36301899973381,42.845140999964805],[-89.05553599962234,42.847520000181255],[-89.06744000035532,42.856021999954166],[-89.06304099981632,42.860281999906235],[-89.05835099992251,42.86026300017267],[-89.0590470002316,42.85459300026324],[-89.0531530000406,42.86022999985904],[-89.04047799955374,42.854793999835216],[-89.05448600020921,42.85480500003209],[-89.0530569997811,42.847533999685425],[-89.0322669999032,42.84756299977737],[-89.08335399966825,42.9058570002952],[-89.08790100034524,42.93426100022563],[-89.13169399980347,42.933997999815666],[-89.1302450001822,43.02151900028984],[-89.26678000040265,43.0193629997485],[-89.26708900019914,43.015055999871755],[-89.28368999960033,43.0156529998402],[-89.30711800022641,43.00856800030224],[-89.30458199958547,43.01855699971127],[-89.36530900032746,43.018249999930504],[-89.36483999979909,43.028495999944504],[-89.38172999980358,43.02679900004516],[-89.37957300017766,43.03104599986928],[-89.38971100019866,43.032857000328114],[-89.39514799955687,43.023606000298976],[-89.40510499982791,43.02457900010231],[-89.4081250001675,43.03139099973401],[-89.41689200038505,43.03146500025561],[-89.41355800022608,43.026808000112254],[-89.4303999996517,43.02318499969178],[-89.43529700013308,43.02456699979568],[-89.43486600013784,43.03164600021478],[-89.44501699967932,43.03167799996343],[-89.44714900008921,43.027885000147315],[-89.45789399983252,43.03177499983816],[-89.45831999980487,43.022597000081575],[-89.4615519998566,43.02256299975097],[-89.46115500019656,43.03106099981813],[-89.46798300034804,43.03184400019728],[-89.4663759996447,43.02705600020169],[-89.48386099967597,43.02666400019367],[-89.48689299971115,43.008511000218796]]]},"properties":{"NAME":"Assembly District 47","GEOID":"55047"}},{"type":"Feature","geometry":{"type":"Polygon","coordinates":[[[-89.32450100015042,43.116963999941404],[-89.31628600030193,43.106539999843704],[-89.26671599993023,43.10555200007805],[-89.26657700001306,43.08489900023415],[-89.25523499969484,43.08562899974528],[-89.25538700003081,43.09226599992399],[-89.25219500016208,43.08632199979977],[-89.24696700014292,43.088057999744976],[-89.24703400009007,43.107206999982836],[-89.20185200038671,43.108239000075315],[-89.20711300001784,43.112163000096196],[-89.19913599982074,43.11491600030735],[-89.21396799993349,43.11524800020514],[-89.20864700002791,43.12254499993711],[-89.19370600013521,43.119236999907265],[-89.19891800026083,43.10857100012486],[-89.12958800023117,43.108747000108195],[-89.12672000022754,43.195561000050766],[-88.89057599963363,43.19791300010189],[-88.89096200032131,43.37192600006383],[-89.00882800030479,43.37163699989982],[-89.0091389997511,43.28482999992188],[-89.24540600036865,43.282114999988636],[-89.2441900003759,43.205990999758015],[-89.2500850003918,43.20957299993715],[-89.2540050003567,43.202310000061956],[-89.26381799978937,43.20229600003296],[-89.26405999963869,43.19504199976281],[-89.29647700024017,43.194672000246676],[-89.29237700035023,43.19015400021974],[-89.30441599990414,43.17730099970188],[-89.30469799993644,43.171380000211244],[-89.29479000006921,43.172032000134976],[-89.2947909998941,43.164772000012064],[-89.27515300043488,43.16505900017051],[-89.27539799975894,43.15604500013299],[-89.32450100015042,43.116963999941404]]]},"properties":{"NAME":"Assembly District 48","GEOID":"55048"}},{"type":"Feature","geometry":{"type":"Polygon","coordinates":[[[-91.2150560000006,43.367185000313775],[-91.20396399992765,43.349852000064885],[-91.13734299989297,43.32975699989099],[-91.10723699980153,43.313644999901754],[-91.07371000041083,43.274746000095476],[-91.07264900022875,43.26212900001983],[-91.05791800039832,43.25536600002259],[-91.06639799966236,43.23929300005809],[-91.12217000019666,43.19725500023596],[-91.14619999962386,43.15240499967719],[-91.17525299992913,43.13466499999594],[-91.17945699957613,43.06742700031004],[-91.15656199995085,42.97822600030071],[-91.14593500020831,42.96076999988506],[-91.14988000028754,42.941954999918906],[-91.14380000032368,42.92287700029582],[-91.14561499964286,42.90800600013706],[-91.11741099980755,42.89583700028688],[-91.10056500018396,42.883078000216855],[-91.09765600017246,42.859871000136536],[-91.09140200013132,42.849859999989604],[-91.09406000007267,42.830812999805794],[-91.07866499972019,42.82767799993532],[-91.06954900042152,42.76962800011304],[-91.0602609997971,42.761846999680664],[-91.06578300044242,42.75338699995389],[-91.05629700034957,42.74734099984299],[-91.05373300011956,42.738238000322234],[-91.03541799988493,42.73733999992793],[-91.02678600028491,42.724227999887084],[-91.00012800015526,42.71618899976297],[-90.97773499977198,42.69681599996949],[-90.94921000044462,42.685569000321074],[-90.9211549996739,42.685406000187925],[-90.8874299999165,42.672470000312394],[-90.70920399961216,42.636078000316175],[-90.6939990001288,42.61450900014062],[-90.68697500015872,42.591774000168925],[-90.66152700017406,42.56799899980691],[-90.65412699956204,42.54989999995724],[-90.64468700039828,42.54131699991232],[-90.63582899994415,42.517927999713635],[-90.64284299986848,42.508481000028475],[-90.42637699981509,42.507172999848464],[-90.42623200005013,42.52537900007548],[-90.44602199984531,42.525469000188],[-90.44570600037615,42.54361699971686],[-90.43444199987574,42.54668600023619],[-90.43594200044896,42.53994599990469],[-90.42611800024731,42.53994599990469],[-90.42588100042084,42.59480400007935],[-90.44074199994763,42.59498199994786],[-90.44067800037352,42.61310300019779],[-90.42580400042796,42.61295700023251],[-90.42736199982917,42.85624899988403],[-90.54638100005623,42.856787999794705],[-90.54707499981718,43.031437000050985],[-90.66591400011916,43.03196999985356],[-90.66662799997161,43.16217799983198],[-90.65673599999792,43.167721000128225],[-90.66669300026895,43.16773600004615],[-90.66856100018988,43.422994000191565],[-91.18810199959493,43.422991999794036],[-91.18814199977791,43.43437799967427],[-91.18344100001343,43.437019000209276],[-91.20156799992712,43.436683999893795],[-91.1962729999608,43.440492999856936],[-91.19799100009392,43.44423599970167],[-91.20594300017665,43.43862600023144],[-91.20315200016591,43.43668499986631],[-91.2089509999224,43.43671299974324],[-91.20182800021811,43.42294899971243],[-91.20554999981627,43.42294899971243],[-91.19766999970356,43.39533399987053],[-91.2060720000481,43.37497599996412],[-91.2150560000006,43.367185000313775]]]},"properties":{"NAME":"Assembly District 49","GEOID":"55049"}},{"type":"Feature","geometry":{"type":"Polygon","coordinates":[[[-89.72698200038427,44.52568500014293],[-89.7247460002173,44.24767800006423],[-89.71706600012112,44.24755699993791],[-89.71733100043498,44.1557589996915],[-89.59769899973952,44.15607300011192],[-89.59797999994692,44.24572500005862],[-89.48754200016455,44.244042999744366],[-89.48777499979306,44.33863200030157],[-89.34571500035085,44.33124100004337],[-89.3455150003343,44.41784900025562],[-89.22366800028658,44.41744299979274],[-89.2233310000027,44.50398399991398],[-89.34532899966314,44.50406300018888],[-89.34524599982247,44.54754100023541],[-89.48938800034416,44.55623600021858],[-89.48940500006262,44.59900300011739],[-89.63836499962633,44.5987649998155],[-89.65705300012989,44.59073600020215],[-89.65836200000908,44.579060000267475],[-89.64997399990823,44.57266100028819],[-89.64974200010464,44.563328999804874],[-89.63846199971071,44.55806499991085],[-89.64444799996325,44.54898999996937],[-89.62244600029054,44.54628099973278],[-89.62415799967754,44.53943600010239],[-89.6073420001912,44.53360899999197],[-89.60728899958943,44.526242000302304],[-89.72698200038427,44.52568500014293]]]},"properties":{"NAME":"Assembly District 71","GEOID":"55071"}},{"type":"Feature","geometry":{"type":"Polygon","coordinates":[[[-90.31803100025964,44.248791000107516],[-90.31268000021683,44.24875000023555],[-90.31224000000078,43.894465999790015],[-90.07231400043257,43.894080000015414],[-90.07201300013368,43.86196199995242],[-89.95843399963792,43.86195300022325],[-89.92230799985707,43.83846800030867],[-89.915171999734,43.82009699998483],[-89.9066930002949,43.8183869999366],[-89.8777520001426,43.818514000027946],[-89.87772600020334,43.847443000042134],[-89.85774800008717,43.84739699985721],[-89.85770500042946,43.85478700024233],[-89.8373339999529,43.85464199987483],[-89.8374889997636,43.89425299986154],[-89.7166850003546,43.89439700018836],[-89.71706600012112,44.24755699993791],[-89.7247460002173,44.24767800006423],[-89.72638999983225,44.4493499997413],[-89.75042799965539,44.449147000238014],[-89.75730600003558,44.44182699985891],[-89.78878999960318,44.433153000088595],[-89.78954299981366,44.426327999706686],[-89.80485899962511,44.42356200002887],[-89.82235600025025,44.42354499988456],[-89.82247599990087,44.42718099993834],[-89.83738400018161,44.42717900030958],[-89.83732899993004,44.42355699968504],[-90.31596199959894,44.42458299981921],[-90.31803100025964,44.248791000107516]]]},"properties":{"NAME":"Assembly District 72","GEOID":"55072"}},{"type":"Feature","geometry":{"type":"MultiPolygon","coordinates":[[[[-92.2923080000362,46.66508599984848],[-92.29185500029968,46.53277800023968],[-92.18265299970328,46.532843000026794],[-92.18230000042416,46.503869000104245],[-92.05648300018284,46.50339899981718],[-92.05607999977671,46.57567000029451],[-91.93143400022066,46.57599200001011],[-91.93071399962211,46.503599000251796],[-91.92573000000043,46.503596999991395],[-91.92574699971885,46.47501399993303],[-91.73862699987372,46.47399499973018],[-91.73842699985717,46.48861299978452],[-91.71777099987358,46.489136000165104],[-91.716104999619,46.474694000053915],[-91.67549800018173,46.4745110001995],[-91.67623299995057,46.502785000106584],[-91.55344199989665,46.50281900008461],[-91.55182300039606,46.46100400015331],[-91.42714599997954,46.45963199993465],[-91.42717899959149,46.50291399981958],[-90.7991469999677,46.5015970001807],[-90.79882999977531,46.457290999899456],[-90.75870000036402,46.457600000082486],[-90.75909500037422,46.4431440000099],[-90.73812100037331,46.44307599971035],[-90.73772200016514,46.457581999837515],[-90.69585000033128,46.45783000007573],[-90.69548499956,46.414301000112474],[-90.54884900002678,46.41404100024146],[-90.54986099980505,46.58359299986978],[-90.65287399975936,46.63858800023736],[-90.75386300015711,46.70373700003295],[-90.75940900019357,46.703310999744076],[-90.69022300010397,46.660247000279725],[-90.71426199975201,46.667301999900594],[-90.75410900020441,46.6690410000572],[-90.76369999987922,46.65997299991328],[-90.74172199959764,46.66449999973384],[-90.72034199971587,46.66149299979994],[-90.74338299982934,46.66017300005211],[-90.74018400028793,46.654524999728885],[-90.79275599965924,46.62587500014005],[-90.82477300022761,46.61916199975802],[-90.86687299966708,46.60191399980078],[-90.87618899988061,46.6039399998299],[-90.87721499990259,46.598548000122484],[-90.88250300019622,46.60308600004204],[-90.87841699965166,46.59840799992623],[-90.88829799975473,46.59584899972424],[-90.88556199999556,46.59319900003724],[-90.88946299969388,46.59088400028625],[-90.8954709996877,46.59252800024018],[-90.89303799987725,46.5898849998774],[-90.89696700006296,46.58724500005896],[-90.90316199965454,46.588596000284625],[-90.90671099989866,46.58310599976407],[-90.94454999978973,46.58768800007432],[-90.94812999999597,46.598422000147266],[-90.95147599985052,46.59703299974066],[-90.9212869999184,46.628305000142355],[-90.91102500004884,46.663632000119904],[-90.88391500000758,46.66765900024022],[-90.88140199983118,46.67499900020817],[-90.8537570000376,46.69344999996894],[-90.85298700010866,46.70010399977948],[-90.87438899973175,46.72996800022851],[-90.88513000017542,46.75646199974651],[-90.86236600007139,46.76821699994288],[-90.85928700018056,46.7738699997764],[-90.86377700005782,46.78028099983386],[-90.85690299987557,46.78899599988457],[-90.83576099964517,46.7896199998887],[-90.82536599970624,46.80432199999194],[-90.8125630000712,46.80800500005556],[-90.81187199978496,46.813624000095025],[-90.79827599975644,46.824241000169174],[-90.78507399991322,46.84227900025389],[-90.78879399986155,46.853016999829464],[-90.77023699977758,46.87442799988104],[-90.77694699992828,46.88487999996983],[-90.75836499972995,46.88340300019571],[-90.75114300029148,46.887599999879356],[-90.75142600014868,46.89452700027867],[-90.76180900039208,46.90464199999212],[-90.78273200033937,46.9109030002508],[-90.78357800043628,46.92216699973174],[-90.79279699966712,46.93442499976053],[-90.80336099966047,46.93816299981862],[-90.81401800043857,46.93145900016274],[-90.82483799962662,46.9330319999534],[-90.83062600041076,46.93620299973352],[-90.82848899997799,46.945864999963625],[-90.8328750000982,46.95503599977379],[-90.8559890000066,46.96240299991992],[-90.87964000021543,46.95824699980837],[-90.88283999958179,46.950084000188355],[-90.90817200011381,46.94153600023805],[-90.92054499957855,46.93149400030109],[-90.97147200040833,46.942896999879096],[-90.99553699999565,46.917555000258076],[-91.03481700001038,46.90325900018456],[-91.03812400040516,46.89179800026762],[-91.04981700035265,46.88317600015909],[-91.06505299979816,46.878482999837026],[-91.09125700036637,46.882871999793004],[-91.09725600013937,46.86125400001088],[-91.10770200013195,46.85706300008803],[-91.13547800034507,46.85922899989336],[-91.13378799980106,46.871250999781104],[-91.13921300036203,46.87337299990825],[-91.15037700040502,46.85704100002181],[-91.1909360001617,46.84853700023857],[-91.20484099998671,46.85989699998316],[-91.19374899991375,46.87377900016823],[-91.18149799974944,46.880519999818034],[-91.1809110001186,46.885630000038056],[-91.1870710004484,46.88635399983294],[-91.20472899983372,46.86917299993387],[-91.23208599974718,46.860807000068185],[-91.25722499993536,46.83662299994352],[-91.31375499980473,46.82755200012833],[-91.33822899964595,46.81781899973222],[-91.36976099979243,46.79360499974553],[-91.38857399996945,46.789108000007964],[-91.40781300011882,46.794828999738954],[-91.43937799987728,46.775857000036844],[-91.49276199990865,46.766556000267094],[-91.5117530003609,46.75728899980932],[-91.58942700011048,46.75452199987584],[-91.79112899982316,46.694434999898014],[-91.83398599967109,46.68954299991638],[-91.86646500019684,46.69205799971893],[-91.94815900036872,46.68006400023771],[-91.988224000381,46.693535999852195],[-92.008825000113,46.70641800001315],[-92.00642800028757,46.71025900015218],[-92.01698800008297,46.704440000072466],[-91.97338399987231,46.685268000127316],[-91.98299600036185,46.68030600002716],[-91.9923779997993,46.67999000001949],[-91.98998199979876,46.684067999884455],[-92.00378600023974,46.68166199996251],[-92.01493699986393,46.68399300002414],[-92.01293000002582,46.69742299983214],[-92.0143359999894,46.68781500026648],[-92.01824900028157,46.700562000275966],[-92.01849299978073,46.691770000287114],[-92.02356500016428,46.69417599981164],[-92.02375099993712,46.702465999765046],[-92.02463999969174,46.69576899995334],[-92.02448300023121,46.70285299977339],[-92.02482299998985,46.69468199999843],[-92.03024699982758,46.69653899969719],[-92.02626599976334,46.69953099990212],[-92.03486800012443,46.6968189999064],[-92.02763999993986,46.702189000077325],[-92.03429800021203,46.700047000035],[-92.03143299968313,46.703381999922996],[-92.03694600010763,46.70676699999322],[-92.04059800028394,46.70375599988796],[-92.03924699967362,46.70843200018039],[-92.04829400027363,46.70947899986939],[-92.04523299992616,46.712502999811264],[-92.04956700016783,46.71049700012457],[-92.06347500036587,46.720680000152186],[-92.04942300022778,46.71493800017533],[-92.06375700039817,46.72071999989254],[-92.07060599956775,46.72541099991358],[-92.06913199983212,46.72909400017148],[-92.07478099980075,46.7286010002855],[-92.07135600030351,46.730965000036655],[-92.07831300032643,46.73089800020169],[-92.07693599977685,46.734889000094746],[-92.10113799963153,46.74905900011489],[-92.09885200013416,46.73787900026977],[-92.10112799958578,46.74291499971257],[-92.10465400026368,46.73589899995669],[-92.10642400027531,46.74514699999216],[-92.1099929997126,46.73920300008109],[-92.11466699971288,46.742595000268764],[-92.11130900016279,46.74382500027342],[-92.122355000205,46.74057400000095],[-92.1224759996805,46.733387999717095],[-92.12469500012904,46.7398679997458],[-92.1271639999245,46.73122600021763],[-92.14333800042674,46.73159600024424],[-92.13497399971703,46.72890200003847],[-92.13900900020795,46.728390999821166],[-92.13429199965165,46.72283000003972],[-92.14673000031202,46.71579400015771],[-92.16729099986108,46.71994100006151],[-92.19149100006591,46.71624100006402],[-92.2046910002593,46.704040999991335],[-92.2051919996764,46.698340999773045],[-92.182999000208,46.695651999937134],[-92.17587499978049,46.68646599991195],[-92.20409200003459,46.666941000088144],[-92.20159200027699,46.65664099998668],[-92.2070920002827,46.651941000061356],[-92.24249300034045,46.64924099984774],[-92.25659200033422,46.65874099993269],[-92.27059199969545,46.650741000299746],[-92.27439200000974,46.65744099977644],[-92.28619200008734,46.66034200015684],[-92.28739200018659,46.66734300024767],[-92.2923080000362,46.66508599984848]]],[[[-90.44450499955366,46.90646300027054],[-90.44450499955366,46.90646300027054]]],[[[-90.46979199987985,46.989196999992544],[-90.45970599973738,46.996982999727734],[-90.43329600020316,47.00092900003299],[-90.42176700028722,47.012512000163696],[-90.40955499958262,47.016884999887786],[-90.4032860003712,47.026659000149145],[-90.40734400042835,47.03816600013012],[-90.39458899957556,47.059020000217544],[-90.39338500017666,47.07578399969659],[-90.40877200013323,47.07381100009854],[-90.41727800023483,47.07746400010115],[-90.44914900031505,47.065940000152295],[-90.45707999958309,47.04397500005209],[-90.45729600039147,47.013537000241406],[-90.46979199987985,46.989196999992544]]],[[[-90.51707199965792,46.87618399988205],[-90.50018000000358,46.87110599992211],[-90.48416200003527,46.87229999983226],[-90.44867899996176,46.897133000185846],[-90.45097500040319,46.89973100025772],[-90.4965760004062,46.88617799991679],[-90.51707199965792,46.87618399988205]]],[[[-90.57561799958621,47.03340300029945],[-90.57002700024219,47.02631500021653],[-90.56450600032007,46.99534499971105],[-90.55222500001854,46.99997900001663],[-90.5464839999884,47.00532700021283],[-90.54566200018093,47.01768800010611],[-90.56694800035137,47.031712000168056],[-90.56266500016332,47.040714000232846],[-90.57561799958621,47.03340300029945]]],[[[-90.59085399993002,47.06557099983726],[-90.58943100024801,47.05894499987893],[-90.58353700005699,47.069250000084125],[-90.58666799982636,47.075732999853365],[-90.59085399993002,47.06557099983726]]],[[[-90.6272500000476,47.00288899992384],[-90.61771700009908,46.989713999935695],[-90.60252099993824,46.999228999905796],[-90.610509000006,47.008467000254015],[-90.6272500000476,47.00288899992384]]],[[[-90.65207799989115,47.030910000121374],[-90.64185000035678,47.02538599998398],[-90.63711400043219,47.037747000129535],[-90.6453080003643,47.04040900022174],[-90.65207799989115,47.030910000121374]]],[[[-90.65480899962742,46.919534999887894],[-90.64334300035898,46.907668000233315],[-90.63618200012155,46.906557000194624],[-90.61501599960171,46.91221600020547],[-90.60865299978062,46.921058999882305],[-90.59010699956731,46.91552799985719],[-90.56751700043884,46.924858999875816],[-90.55144000002099,46.91714700023457],[-90.55210600019284,46.90801699981559],[-90.54429700022523,46.90847099977877],[-90.53838200011779,46.91220999988248],[-90.54582899968719,46.91872299982373],[-90.54488899987894,46.93095500017394],[-90.52489099967126,46.933629999697025],[-90.52259299958004,46.944028000278045],[-90.50767799962658,46.95822500015262],[-90.52959099961083,46.96872900015518],[-90.5525100004239,46.960501000260486],[-90.59855800031565,46.95340300010894],[-90.63677100030054,46.94218900010126],[-90.65480899962742,46.919534999887894]]],[[[-90.67846700040728,46.9563509998443],[-90.6721899999016,46.94985600020152],[-90.66132200013465,46.95338799979506],[-90.63672100007183,46.96889700025914],[-90.63414599997114,46.979742000282826],[-90.65469099962667,46.97658700006503],[-90.67846700040728,46.9563509998443]]],[[[-90.69300300024405,47.02608100019882],[-90.67893900041038,47.019318000282716],[-90.6695970002576,47.04185900009997],[-90.64677999955178,47.054576000208655],[-90.65725200038194,47.05287799973355],[-90.66550400004036,47.04532600009664],[-90.68799000031005,47.043869000284324],[-90.69300300024405,47.02608100019882]]],[[[-90.70276799999615,46.88452300013415],[-90.68543899960049,46.87990900029324],[-90.67320800042599,46.883814999907344],[-90.66744099955827,46.89135500005654],[-90.67790599981741,46.89585800023761],[-90.70276799999615,46.88452300013415]]],[[[-90.71189300041398,46.98826400020845],[-90.70678599987032,46.98343300010599],[-90.69499900021151,46.98359199984996],[-90.67003599975043,46.999947999928224],[-90.67918299990954,47.00645000028564],[-90.69551999972009,47.00832800028228],[-90.7032070003873,47.004193999705],[-90.71189300041398,46.98826400020845]]],[[[-90.73195099999776,47.07780499995478],[-90.72962199994438,47.06427899979832],[-90.72197299981033,47.06320900016461],[-90.72296700004526,47.07576900007163],[-90.72921500023861,47.08077000003276],[-90.73195099999776,47.07780499995478]]],[[[-90.76366100041949,46.831935000095015],[-90.74935400001326,46.8342590003026],[-90.73276899960729,46.847561999961506],[-90.72061399970242,46.86521099974405],[-90.72635100043294,46.872312999974184],[-90.73509900038388,46.87305399978633],[-90.74896999987371,46.862964999737315],[-90.76366100041949,46.831935000095015]]],[[[-90.76485499977262,46.94707399970651],[-90.75407499986922,46.929599000305245],[-90.73668500027252,46.91396399982421],[-90.68933500017424,46.918383000068175],[-90.69365799964694,46.93575300029026],[-90.71530799986546,46.95855000013859],[-90.74277699993193,46.96354800015699],[-90.76485499977262,46.94707399970651]]],[[[-90.7766029999717,47.024018000121416],[-90.76605499987187,47.0018329998924],[-90.74814200021845,46.99963700004169],[-90.73909399979352,47.01201699986728],[-90.745697999639,47.026580999739316],[-90.75933499967542,47.03491200019326],[-90.7766029999717,47.024018000121416]]],[[[-90.79165099999454,46.785052999873315],[-90.78205399957362,46.76953599992174],[-90.78930900042067,46.75957200015824],[-90.78818200011638,46.75302399994549],[-90.7656120001811,46.75439399969855],[-90.71805200002055,46.78515099971468],[-90.69894000009278,46.781934000113],[-90.65721899987167,46.788711000205446],[-90.65289300002593,46.79794199996329],[-90.6693660002789,46.799047000241515],[-90.67450700025944,46.80362500013676],[-90.67362799965224,46.81989999999282],[-90.61470099995745,46.837716999866615],[-90.57926999976247,46.84111799999828],[-90.56884999970917,46.848132999964136],[-90.60324200036167,46.8731700001617],[-90.62101799974778,46.873665999743345],[-90.65697799984724,46.843579999917765],[-90.7167039997833,46.81900699973343],[-90.7281940002395,46.81046999991775],[-90.73259500042833,46.800497000257764],[-90.79165099999454,46.785052999873315]]],[[[-90.80594199960895,46.971855000264384],[-90.7897250003473,46.969995000007366],[-90.7844959996049,46.97823399989106],[-90.79635799960681,46.98035799994342],[-90.80594199960895,46.971855000264384]]],[[[-90.81082999986947,46.728706999886896],[-90.78523799994475,46.72597399999716],[-90.76534199984437,46.711478000162344],[-90.78179300035603,46.728607000198785],[-90.81082999986947,46.728706999886896]]],[[[-90.8785310003528,46.98900399991713],[-90.85901699984382,46.975964999940324],[-90.85121100024922,46.98500400025184],[-90.86941099995786,46.98557999970349],[-90.87653899968498,46.99179099992495],[-90.8785310003528,46.98900399991713]]],[[[-90.98340700020516,46.98306499975575],[-90.97945600027815,46.97156900015501],[-90.97211299956751,46.971623999964756],[-90.96582699973935,46.96219099993197],[-90.93403199982713,46.96243800006268],[-90.9309050002557,46.96855400017535],[-90.93470700021982,46.98187500030166],[-90.92363199986531,46.98870099989466],[-90.9312640002809,47.00183699974395],[-90.93767300013275,47.00355199993349],[-90.93761399968321,46.99684299999198],[-90.9446820000342,46.9918259998321],[-90.97139200004239,46.9890619997114],[-90.98340700020516,46.98306499975575]]],[[[-91.04020599968803,46.943240999773174],[-91.03525300002846,46.93986399985322],[-91.03205699996178,46.94623199972339],[-91.04020599968803,46.943240999773174]]],[[[-92.11154500016434,46.74888600024623],[-92.11154500016434,46.74888600024623]]]]},"properties":{"NAME":"Assembly District 73","GEOID":"55073"}},{"type":"Feature","geometry":{"type":"Polygon","coordinates":[[[-92.46458300024811,45.98363199972683],[-92.03340400043454,45.98386999990793],[-92.0314169997896,45.63992799976439],[-90.67874900043958,45.63826399994511],[-90.67696799965898,45.98155399998623],[-89.92883700025781,45.98196699978254],[-89.92915799974986,46.29974799984219],[-90.1212610002901,46.33733999986631],[-90.11798400003256,46.34150499969934],[-90.12365100044286,46.346264999918894],[-90.11685199970539,46.35065100021513],[-90.11870299990788,46.35934500030827],[-90.13398600010736,46.37178900026254],[-90.13217699973767,46.381119999764145],[-90.158368999712,46.40945399996268],[-90.15729800038248,46.42112199994373],[-90.16741999961165,46.441705000015645],[-90.1783500002012,46.44046499984289],[-90.17832500008684,46.45740799984456],[-90.19079200016122,46.45981599969995],[-90.19361400013412,46.463379000082234],[-90.18883399982862,46.468919000264904],[-90.20421199956434,46.47830899981378],[-90.21681099988321,46.50176799971764],[-90.23091800027288,46.501528999911606],[-90.23123600029021,46.50989300014626],[-90.26154800024595,46.502561999741765],[-90.26656700002775,46.50785500000962],[-90.27255099973213,46.5045119998336],[-90.27044099996188,46.51168300013092],[-90.27762300011568,46.51481000023606],[-90.27179599987181,46.51926500010745],[-90.27694000022538,46.52444700021029],[-90.28446399978765,46.51871500018894],[-90.29458900028817,46.521659999923905],[-90.31655400015096,46.51689599992806],[-90.30944099959412,46.53728499990318],[-90.3322299998125,46.55343199995757],[-90.34353299977266,46.552454999877654],[-90.33940399957041,46.54928799993986],[-90.34680599983226,46.54934999970713],[-90.35068399996435,46.5403249999909],[-90.36822900027005,46.54113200007919],[-90.39326200015302,46.53243300011486],[-90.41761700016856,46.565796999893514],[-90.43943100041861,46.56147800027104],[-90.50572000019228,46.58971600006235],[-90.53696600010849,46.581133999696284],[-90.54988000007162,46.58355200025264],[-90.54884900002678,46.41404100024146],[-90.69548499956,46.414301000112474],[-90.69585000033128,46.45783000007573],[-90.73772200016514,46.457581999837515],[-90.73812100037331,46.44307599971035],[-90.75909500037422,46.4431440000099],[-90.75870000036402,46.457600000082486],[-90.79882999977531,46.457290999899456],[-90.7991469999677,46.5015970001807],[-91.42717899959149,46.50291399981958],[-91.42714599997954,46.45963199993465],[-91.55182300039606,46.46100400015331],[-91.55344199989665,46.50281900008461],[-91.67623299995057,46.502785000106584],[-91.67549800018173,46.4745110001995],[-91.716104999619,46.474694000053915],[-91.71777099987358,46.489136000165104],[-91.73842699985717,46.48861299978452],[-91.73862699987372,46.47399499973018],[-91.92574699971885,46.47501399993303],[-91.92573000000043,46.503596999991395],[-91.93071399962211,46.503599000251796],[-91.93143400022066,46.57599200001011],[-92.05607999977671,46.57567000029451],[-92.0566970004431,46.50335100017223],[-92.18230000042416,46.503869000104245],[-92.18265299970328,46.532843000026794],[-92.29185500029968,46.53277800023968],[-92.294032999842,46.07437700003594],[-92.33291199999876,46.06269700016009],[-92.35088699957646,46.0160760000935],[-92.37130699955851,46.0139509999581],[-92.41001400018612,46.02725099975979],[-92.42069600018026,46.02676900020246],[-92.44225900036012,46.01617699984269],[-92.45337300017438,45.99291300023007],[-92.46458300024811,45.98363199972683]]]},"properties":{"NAME":"Assembly District 74","GEOID":"55074"}},{"type":"Feature","geometry":{"type":"Polygon","coordinates":[[[-89.40902999981566,43.03150600013349],[-89.40475599984845,43.03072199994925],[-89.40510499982791,43.02457900010231],[-89.39784300020646,43.02363400013556],[-89.38971100019866,43.032857000328114],[-89.37957300017766,43.03104599986928],[-89.38172999980358,43.02679900004516],[-89.36483999979909,43.028495999944504],[-89.36530900032746,43.018249999930504],[-89.30458199958547,43.01855699971127],[-89.30728300008285,43.00857699975739],[-89.28368999960033,43.0156529998402],[-89.26708900019914,43.015055999871755],[-89.26678000040265,43.0193629997485],[-89.24711799975566,43.01994499984324],[-89.24696700014292,43.088057999744976],[-89.25219500016208,43.08632199979977],[-89.25538700003081,43.09226599992399],[-89.25523499969484,43.08562899974528],[-89.26657700001306,43.08489900023415],[-89.26671599993023,43.10555200007805],[-89.31628600030193,43.106539999843704],[-89.3113560002086,43.08396299985659],[-89.34811200017629,43.089104000249634],[-89.38935499964819,43.0639179997955],[-89.3989379998254,43.063004000091006],[-89.40902999981566,43.03150600013349]]]},"properties":{"NAME":"Assembly District 78","GEOID":"55078"}},{"type":"Feature","geometry":{"type":"Polygon","coordinates":[[[-89.48376600013971,43.093810000195994],[-89.46996400024686,43.08066299975969],[-89.46086800014137,43.081125999768695],[-89.4636010004258,43.07531400002272],[-89.43620500015427,43.07416499978169],[-89.43796900031812,43.05531400026735],[-89.45861600008088,43.03958299998373],[-89.44360200039323,43.03492699995876],[-89.44512700018248,43.03167699988945],[-89.43486600013784,43.03164600021478],[-89.43529700013308,43.02456699979568],[-89.42981100037105,43.0232259998466],[-89.40886099976126,43.031715000062356],[-89.40018300013051,43.04995299975653],[-89.4040279997523,43.05673900029321],[-89.3989379998254,43.063004000091006],[-89.38940800024996,43.063917000247024],[-89.39512699964048,43.066997999839046],[-89.38887799962221,43.07136100024859],[-89.39047699992963,43.07948999995932],[-89.37638499960856,43.08775199979151],[-89.36712700001966,43.1045480002285],[-89.37269200032273,43.11232800012603],[-89.38267800000776,43.11412000031885],[-89.37974899990476,43.11903600025759],[-89.42265799963124,43.11910300021418],[-89.42324400033546,43.10438000026817],[-89.48296600007355,43.10445999983834],[-89.48376600013971,43.093810000195994]]]},"properties":{"NAME":"Assembly District 77","GEOID":"55077"}},{"type":"Feature","geometry":{"type":"Polygon","coordinates":[[[-90.31691099962804,44.757341999695925],[-90.31596199959894,44.42458299981921],[-89.83732899993004,44.42355699968504],[-89.83738400018161,44.42717900030958],[-89.82728899981832,44.427189999870635],[-89.8038150000598,44.42369799972213],[-89.78954299981366,44.426327999706686],[-89.78878999960318,44.433153000088595],[-89.75730600003558,44.44182699985891],[-89.75042799965539,44.449147000238014],[-89.72638999983225,44.4493499997413],[-89.72698200038427,44.52568500014293],[-89.60728899958943,44.526242000302304],[-89.6073420001912,44.53360899999197],[-89.62415799967754,44.53943600010239],[-89.62244600029054,44.54628099973278],[-89.64444799996325,44.54898999996937],[-89.63846199971071,44.55806499991085],[-89.64974200010464,44.563328999804874],[-89.64997399990823,44.57266100028819],[-89.65836200000908,44.579060000267475],[-89.65705300012989,44.59073600020215],[-89.63623099956662,44.60256799987058],[-89.64446499968169,44.62082300029893],[-89.63745599978023,44.63938100014047],[-89.65068799976068,44.66560000010807],[-89.65883900003506,44.66756499971189],[-89.67735699976099,44.65628500001284],[-89.67798199992497,44.66451500012215],[-89.66789099975963,44.67534500025695],[-89.6696549999235,44.6823309999835],[-89.72669899962872,44.68483500018265],[-89.72740099978562,44.7717199997331],[-89.80871800038895,44.77138800006131],[-89.80907099966805,44.81510699973641],[-89.84525099987555,44.815251999719194],[-89.84540300021152,44.858127999953275],[-89.72744699981637,44.85816900001773],[-89.72704299958532,44.94420699996269],[-89.77028600012096,44.94418399969429],[-89.74180600010112,44.95099799996653],[-89.74720099962654,44.949696999715044],[-89.74208200028565,44.95139700028976],[-89.74734600028981,44.96229200003101],[-89.76795399969453,44.9587360001252],[-89.76297000007285,44.9678170003029],[-89.72705600000411,44.969455000094186],[-89.72702300039215,45.03227400021839],[-89.96386800041971,45.03289100017526],[-89.96394700006242,44.94426900030861],[-90.07923799994522,44.94533799980374],[-90.0790749997386,44.858727000306814],[-90.19809700033868,44.85877999984881],[-90.19884999965089,44.77173900027511],[-90.31686299994745,44.77205200004732],[-90.31691099962804,44.757341999695925]]]},"properties":{"NAME":"Assembly District 86","GEOID":"55086"}},{"type":"Feature","geometry":{"type":"Polygon","coordinates":[[[-92.01474799971804,44.851697999876485],[-92.01438200002015,44.81484399978218],[-91.83243599976748,44.81413499975526],[-91.8336069995544,44.85741899993652],[-91.22682900031404,44.856930000292486],[-91.22770999967274,44.948997000213595],[-91.2407950002384,44.94938699992636],[-91.25204399977187,44.943606999841876],[-91.25555500038115,44.95128800006734],[-91.26507300026105,44.95374999997987],[-91.27058499996232,44.946343000204514],[-91.32833300037258,44.97853499997875],[-91.34212400039478,44.977511999823534],[-91.34704600009219,44.96655699972746],[-91.36803099996375,44.965923000145146],[-91.37073999995873,44.956781000004945],[-91.3782769999398,44.966223999790955],[-91.37840300033649,44.95537199975241],[-91.38736700019751,44.955413999760744],[-91.38742099972588,44.951756000305174],[-91.39870399959453,44.95897600021862],[-91.39854700013402,44.966223999790955],[-91.40754699998004,44.96612799992554],[-91.40389900000174,44.9516999998963],[-91.41787499997184,44.95524099975597],[-91.42044599987456,44.944385000263274],[-91.4329730002234,44.94795399985091],[-91.43330100028646,44.94431799993984],[-91.65102199979236,44.94282699997462],[-92.01456100012028,44.9444450001259],[-92.01474799971804,44.851697999876485]]]},"properties":{"NAME":"Assembly District 92","GEOID":"55092"}},{"type":"Feature","geometry":{"type":"Polygon","coordinates":[[[-88.30684199998146,42.929992999833544],[-88.2579289995608,42.93016900006854],[-88.25751099998436,42.97006100032744],[-88.24894399978336,42.967548999961416],[-88.24763200042946,42.971362999798],[-88.2484380003434,42.9557269997532],[-88.24295900025406,42.95469900012155],[-88.2462289999406,42.95918800019231],[-88.2405749999491,42.9592440000672],[-88.24037900013053,42.966415999690085],[-88.23361700010128,42.96652199979911],[-88.2326610003995,42.97270799976604],[-88.22339500041468,42.97775400024472],[-88.22397299982468,42.984634999871574],[-88.21711700008412,42.98788299990667],[-88.22124999958601,42.98849199994588],[-88.2176100000036,42.99754300020143],[-88.22198799972789,42.99744600011641],[-88.22169900002288,43.00802799970533],[-88.19974900022872,43.00964399997397],[-88.20063999963317,43.01391499983382],[-88.22177600001578,43.01467999979436],[-88.22206999974365,43.04311900023023],[-88.23144000038386,43.04840400006295],[-88.24834799993171,43.047009999830244],[-88.2514650003557,43.05960699981437],[-88.26549800022721,43.059423000115274],[-88.27084900027002,43.04691100009609],[-88.28242699969145,43.05207299988298],[-88.29210000028037,43.04483899995642],[-88.2865269995814,43.04226200004261],[-88.29107599990822,43.03738099984947],[-88.28579199981257,43.0372580000897],[-88.28559500016908,43.03206000010633],[-88.30465900041627,43.03186499972023],[-88.30684199998146,42.929992999833544]]]},"properties":{"NAME":"Assembly District 82","GEOID":"55082"}},{"type":"Feature","geometry":{"type":"Polygon","coordinates":[[[-89.83862600011365,42.77202600011008],[-89.83758699967288,42.50571000006724],[-89.365798000049,42.50007799976698],[-89.36688799964507,42.607722000253105],[-89.36114999998799,42.607701999999314],[-89.3669119999345,42.60980400013955],[-89.36701499986667,42.62630999978301],[-89.35954599965768,42.624453999803094],[-89.35956300027443,42.628370999988256],[-89.36704099980595,42.62931500032971],[-89.36912800000998,42.845036000197155],[-89.35608600000033,42.8501149999949],[-89.36906899956044,42.85954400010065],[-89.3689880002679,42.9099580001642],[-89.36516799986214,42.910156000143665],[-89.3689029998791,42.917545000267786],[-89.36821199959287,42.94296599984554],[-89.6029429996522,42.94441500025179],[-89.60156699982585,43.03109500003869],[-89.72051900010577,43.03199799981501],[-89.72052999997642,43.017341999975535],[-89.71614399985621,43.017347000199386],[-89.7201130002249,43.01368999977052],[-89.7114539999624,43.013709999882515],[-89.71239999961843,43.00958200003334],[-89.70226800034354,43.00561500028855],[-89.7205149999078,43.00074200004339],[-89.72056000011364,42.944734999672626],[-89.83856699966411,42.944728999941276],[-89.83862600011365,42.77202600011008]]]},"properties":{"NAME":"Assembly District 50","GEOID":"55050"}},{"type":"Feature","geometry":{"type":"Polygon","coordinates":[[[-90.66669300026895,43.16773600004615],[-90.65693000016665,43.17037499986702],[-90.65687200044034,43.16511499970863],[-90.66662799997161,43.16217799983198],[-90.66591400011916,43.03196999985356],[-90.54707499981718,43.031437000050985],[-90.54638100005623,42.856787999794705],[-90.42736199982917,42.85624899988403],[-90.42580400042796,42.61295700023251],[-90.44067800037352,42.61310300019779],[-90.44074199994763,42.59498199994786],[-90.42588100042084,42.59480400007935],[-90.42611800024731,42.53994599990469],[-90.43594200044896,42.53994599990469],[-90.43444199987574,42.54668600023619],[-90.44570600037615,42.54361699971686],[-90.44602199984531,42.525469000188],[-90.42623200005013,42.52537900007548],[-90.42637799963998,42.507076000074036],[-89.83758699967288,42.50571000006724],[-89.83856699966411,42.944728999941276],[-89.72056000011364,42.944734999672626],[-89.7205149999078,43.00074200004339],[-89.70226800034354,43.00561500028855],[-89.71239999961843,43.00958200003334],[-89.7114539999624,43.013709999882515],[-89.7201130002249,43.01368999977052],[-89.71614399985621,43.017347000199386],[-89.72052999997642,43.017341999975535],[-89.71964500041975,43.11886400020928],[-89.83796300031484,43.11857700015776],[-89.83813499984397,43.20605700017184],[-89.85888899973686,43.195580999772886],[-89.880081000196,43.19592099994042],[-89.90527599956235,43.18802399973733],[-90.00012300007197,43.1946239999256],[-90.04932500019764,43.16637600015662],[-90.05183099980302,43.149303000154504],[-90.05865999977942,43.14529100030166],[-90.08793900004049,43.16237899989098],[-90.11372599995889,43.16034399986288],[-90.15898300000532,43.16679400014778],[-90.1832710000737,43.1571339998205],[-90.25871600022732,43.19722999979462],[-90.27964199964936,43.194121000211375],[-90.29504700004757,43.20759200005042],[-90.33657599974974,43.20978200007853],[-90.43928599975536,43.199630999993296],[-90.5454079997377,43.21145500006528],[-90.58231199984338,43.2032669998523],[-90.60860799957479,43.18537199972394],[-90.66661600027605,43.17176000022117],[-90.66669300026895,43.16773600004615]]]},"properties":{"NAME":"Assembly District 51","GEOID":"55051"}},{"type":"Feature","geometry":{"type":"Polygon","coordinates":[[[-88.49614399956691,44.28493100002808],[-88.47628799964947,44.2759279999306],[-88.47601300018817,44.26220900013266],[-88.44588500035543,44.26186800004929],[-88.44669000044448,44.25500699994551],[-88.4508959997413,44.255016999826],[-88.45011900013967,44.24411699987353],[-88.42490700015655,44.24538600030842],[-88.39946500001967,44.25916699968453],[-88.390454000303,44.24989199968182],[-88.38191600041432,44.24993799977308],[-88.38197599979047,44.24404699992767],[-88.35403499972088,44.24385399978337],[-88.35740400003995,44.287349999712625],[-88.35333500011215,44.28720599995564],[-88.35348499989999,44.307164999748586],[-88.34319700009115,44.307038999904506],[-88.34298799985378,44.328672000056336],[-88.3951790003569,44.32898999997838],[-88.3951230002804,44.316307999755985],[-88.37498000030781,44.312775000058046],[-88.37485700028415,44.2982489997364],[-88.39548200030562,44.29848200024775],[-88.3957910001021,44.28722900019949],[-88.40322199977794,44.28725700020468],[-88.4055140000214,44.29859900003711],[-88.4201290003992,44.29880499992948],[-88.41807900000506,44.294661000063954],[-88.42997799981688,44.291285000309585],[-88.42999000041075,44.28754199991125],[-88.44642699978043,44.28783099994126],[-88.44628200001547,44.28099899968093],[-88.45671999961212,44.28494599993027],[-88.45594499966032,44.295178000147196],[-88.46352000017451,44.2949690002786],[-88.46636600043685,44.288011999858895],[-88.49614399956691,44.28493100002808]]]},"properties":{"NAME":"Assembly District 52","GEOID":"55052"}},{"type":"Feature","geometry":{"type":"MultiPolygon","coordinates":[[[[-88.88675199992821,44.241214000205396],[-88.88608699958127,44.14851000012696],[-88.76488899998697,44.14810800032111],[-88.76474199967387,44.069468000303466],[-88.78483199994304,44.06938300007935],[-88.78474699955422,44.03344700011922],[-88.76460899960449,44.033290000039884],[-88.76462500039632,43.99686899970423],[-88.74502499967362,43.9968540001034],[-88.74487999990866,43.974952000016415],[-88.76489200036002,43.97491999990715],[-88.76483899975825,43.8948990002592],[-88.4674469998121,43.89352100015293],[-88.46466400019727,43.902097999956894],[-88.47355299971522,43.90994999980912],[-88.46796300019614,43.920460999953804],[-88.47523300021349,43.9220519998662],[-88.47043700001447,43.928406999718035],[-88.47767500024479,43.92213499980504],[-88.47422800010791,43.92746699979719],[-88.48070800010485,43.925542000252044],[-88.47293699977209,43.93386100001254],[-88.47867699997731,43.934087999705866],[-88.47797399999551,43.94453300020456],[-88.48936900001718,43.94922000016637],[-88.49216199967775,43.93997799970982],[-88.49772100013301,43.94874399977354],[-88.50399199989258,43.94642700013925],[-88.51464600029762,43.95604800011096],[-88.52853799970383,43.97611400022031],[-88.52763700025363,43.98925600005653],[-88.53615400022592,43.99206400020219],[-88.5374349996177,44.002105000002764],[-88.53335999984213,44.00432799986601],[-88.56255000041475,44.00442699981124],[-88.5690300004117,44.006216999983884],[-88.56935699975153,44.01060899990847],[-88.58209199961452,44.01083000029808],[-88.58234799970755,43.99643199995613],[-88.603197000035,43.996378999795915],[-88.60294400031499,44.02524599980026],[-88.59776499980134,44.02523899997657],[-88.59482300017785,44.03274499990969],[-88.58334600014042,44.03274299975187],[-88.58277200003008,44.04515599997302],[-88.64298900023581,44.06920000010887],[-88.64330200023025,44.097497000293465],[-88.54333499965651,44.09747300012001],[-88.54397599971401,44.156102999904526],[-88.52373700038025,44.15627000027596],[-88.52383299974139,44.19984599998623],[-88.49525099961431,44.199860000192736],[-88.49520799995662,44.19265100000604],[-88.47449800044465,44.192699999934675],[-88.47460899987443,44.20211399971514],[-88.46733200018436,44.2144089996928],[-88.46082600024815,44.21563599988981],[-88.46161700009348,44.22125899979506],[-88.43909900003675,44.24428600008906],[-88.45160299992104,44.24745599996632],[-88.44588500035543,44.26186800004929],[-88.47601300018817,44.26220900013266],[-88.47628799964947,44.2759279999306],[-88.49616399965838,44.28334599970756],[-88.4968180001347,44.244099999756436],[-88.88675199992821,44.241214000205396]]],[[[-88.49417600008685,43.94491099989046],[-88.49170599956817,43.94807000025424],[-88.49417600008685,43.94491099989046]]]]},"properties":{"NAME":"Assembly District 55","GEOID":"55055"}},{"type":"Feature","geometry":{"type":"Polygon","coordinates":[[[-88.85987700006359,44.32990699999508],[-88.73801099974929,44.330572999776265],[-88.73856499976816,44.31603799985611],[-88.61606499996736,44.31614900002247],[-88.61840900008936,44.24368300015349],[-88.4968180001347,44.244099999756436],[-88.49612100000068,44.28706600031786],[-88.46636600043685,44.288011999858895],[-88.46352000017451,44.2949690002786],[-88.45594499966032,44.295178000147196],[-88.45671999961212,44.28494599993027],[-88.44628200001547,44.28099899968093],[-88.44642699978043,44.28783099994126],[-88.42999000041075,44.28754199991125],[-88.42997799981688,44.291285000309585],[-88.41807900000506,44.294661000063954],[-88.4201290003992,44.29880499992948],[-88.4055140000214,44.29859900003711],[-88.40322199977794,44.28725700020468],[-88.3957910001021,44.28722900019949],[-88.39548200030562,44.29848200024775],[-88.37485700028415,44.2982489997364],[-88.37498000030781,44.312775000058046],[-88.3951230002804,44.316307999755985],[-88.3951790003569,44.32898999997838],[-88.37502100031568,44.32884299985891],[-88.3714260000408,44.501260000056895],[-88.49312699960036,44.50173700024381],[-88.48875600044708,44.58951000000742],[-88.8597809998041,44.59042200015293],[-88.85987700006359,44.32990699999508]]]},"properties":{"NAME":"Assembly District 56","GEOID":"55056"}},{"type":"Feature","geometry":{"type":"Polygon","coordinates":[[[-89.71802000017307,44.03996400027152],[-89.71762199978981,43.98195299983638],[-88.95082100032675,43.98334199976401],[-88.9409479997213,43.99796799982219],[-88.93163599970576,43.997948000077756],[-88.93153500032172,43.98801299990005],[-88.92650700031909,43.99015999991928],[-88.92647800000678,43.983407999820145],[-88.78504500037837,43.98262099989538],[-88.78505700007395,43.97509199996836],[-88.74490599984793,43.97469000006914],[-88.74502499967362,43.9968540001034],[-88.76462500039632,43.99686899970423],[-88.76460899960449,44.033290000039884],[-88.78474699955422,44.03344700011922],[-88.78483199994304,44.06938300007935],[-88.76474199967387,44.069468000303466],[-88.76488899998697,44.14810800032111],[-88.88608699958127,44.14851000012696],[-88.88667300028548,44.24262199979273],[-88.61840900008936,44.24368300015349],[-88.61606499996736,44.31614900002247],[-88.73856499976816,44.31603799985611],[-88.73801099974929,44.330572999776265],[-88.85987700006359,44.329807000031025],[-88.85930200012832,44.503013000288284],[-89.10271400019145,44.50378100010347],[-89.1028449997127,44.417544000022765],[-89.3455150003343,44.41784900025562],[-89.34571500035085,44.33124100004337],[-89.48777499979306,44.33863200030157],[-89.48754200016455,44.244042999744366],[-89.59797999994692,44.24572500005862],[-89.59769899973952,44.15607300011192],[-89.71733100043498,44.1557589996915],[-89.71802000017307,44.03996400027152]]]},"properties":{"NAME":"Assembly District 57","GEOID":"55057"}},{"type":"Feature","geometry":{"type":"Polygon","coordinates":[[[-88.3261139997428,43.35268800019476],[-88.32622000004801,43.346396000033124],[-88.31877299958032,43.34633299991948],[-88.31923100023805,43.328752000218635],[-88.3092880002107,43.32822499996544],[-88.3093640003787,43.3247099997264],[-88.29931599987107,43.32855299971297],[-88.3004309995815,43.28135099989205],[-88.18918600006026,43.28080499994866],[-88.19156899964203,43.28805399978401],[-88.18723500029866,43.288059000140514],[-88.1888069999436,43.280804000019764],[-88.06329199982608,43.27888099967924],[-88.06242599963767,43.36728899984302],[-88.04012600003911,43.36731299990999],[-88.04096600028825,43.427895000164035],[-88.0325060002174,43.424701999797016],[-88.03953100001237,43.42934400017988],[-88.02871699977376,43.432677000033024],[-88.04099200022752,43.43242100000378],[-88.04070099997438,43.45448099974886],[-88.16158099955136,43.454943999713564],[-88.1615620001831,43.44111900004044],[-88.16652499988838,43.44111499979099],[-88.16664399971408,43.44852899987929],[-88.17654499990861,43.44585100031489],[-88.17663899961995,43.45214100013163],[-88.17166000002113,43.45401200007902],[-88.18167199964543,43.45394999994221],[-88.18156299986549,43.448734000077806],[-88.1864979999817,43.44720700008343],[-88.19367199973959,43.452358000302155],[-88.186639000447,43.44132300001794],[-88.20086999978695,43.44206600028539],[-88.20112000003218,43.427088000199525],[-88.20822099999515,43.427179000319825],[-88.20857199962444,43.41629200005332],[-88.21652200005735,43.41505700002527],[-88.2159060001142,43.42005499975331],[-88.22122299982182,43.42003500002351],[-88.22118699983682,43.41341299982527],[-88.22605599983076,43.413616999884404],[-88.22618899990016,43.427348999934274],[-88.23149899993508,43.427402000107904],[-88.2314789998436,43.423765999955044],[-88.24089299996642,43.423844000059674],[-88.24045600012342,43.42746900002709],[-88.28170699999124,43.42746299993021],[-88.28099999981151,43.36936300002455],[-88.29857699990427,43.36953299997793],[-88.29889200044686,43.35020300014017],[-88.30388199991633,43.348326000263434],[-88.30625100015267,43.35372300000182],[-88.31850599961662,43.353579999897356],[-88.31655499985503,43.357566000042944],[-88.3261139997428,43.35268800019476]]]},"properties":{"NAME":"Assembly District 58","GEOID":"55058"}},{"type":"Feature","geometry":{"type":"Polygon","coordinates":[[[-88.52180300033709,43.457394000277745],[-88.40068000018753,43.45678100016742],[-88.4015439998278,43.37007100024732],[-88.39806099970593,43.369991999692225],[-88.28099999981151,43.36936300002455],[-88.28170699999124,43.42746299993021],[-88.24045600012342,43.42746900002709],[-88.24089299996642,43.423844000059674],[-88.2314789998436,43.423765999955044],[-88.23149899993508,43.427402000107904],[-88.22618899990016,43.427348999934274],[-88.22605599983076,43.413616999884404],[-88.22118699983682,43.41341299982527],[-88.22122299982182,43.42003500002351],[-88.2159060001142,43.42005499975331],[-88.21652200005735,43.41505700002527],[-88.20857199962444,43.41629200005332],[-88.20822099999515,43.427179000319825],[-88.20112000003218,43.427088000199525],[-88.20086999978695,43.44206600028539],[-88.186639000447,43.44132300001794],[-88.19367199973959,43.452358000302155],[-88.1864979999817,43.44720700008343],[-88.18156299986549,43.448734000077806],[-88.18167199964543,43.45394999994221],[-88.17166000002113,43.45401200007902],[-88.17663899961995,43.45214100013163],[-88.17654499990861,43.44585100031489],[-88.16664399971408,43.44852899987929],[-88.16652499988838,43.44111499979099],[-88.1615620001831,43.44111900004044],[-88.16158099955136,43.454943999713564],[-88.04070099997438,43.45448099974886],[-88.04099200022752,43.43242100000378],[-88.02871699977376,43.432677000033024],[-88.03953100001237,43.42934400017988],[-88.0325060002174,43.424701999797016],[-88.04096600028825,43.427895000164035],[-88.04012600003911,43.36731299990999],[-87.95107900000919,43.367829999836296],[-87.95290699974716,43.360141999954664],[-87.94772499975876,43.36038700002067],[-87.94874999995581,43.36785699975182],[-87.9202210004305,43.36825300017919],[-87.92055399961811,43.38498499970578],[-87.91556400014863,43.38292699977901],[-87.92058299993043,43.38702699999525],[-87.92053199987679,43.455843999917526],[-87.81019299982866,43.45588900006517],[-87.80430700003353,43.46310299989799],[-87.79110400036541,43.49289500003396],[-87.79410000041557,43.52513300018326],[-87.79037999956891,43.56152600010152],[-87.74155200043538,43.62946099983634],[-87.76943099968236,43.63029100006437],[-87.77030500026667,43.61572699995913],[-87.8003829998707,43.61510099997812],[-87.8093459999068,43.6194210002452],[-87.80519599978815,43.6303410003153],[-88.15997499957125,43.63045000018491],[-88.16115200010427,43.804496999903186],[-88.28126400030047,43.80463300031094],[-88.28070799973345,43.71765099990272],[-88.40179499989797,43.71842800016559],[-88.40042599974433,43.54353199968253],[-88.52128600012813,43.5439390003234],[-88.52180300033709,43.457394000277745]]]},"properties":{"NAME":"Assembly District 59","GEOID":"55059"}},{"type":"Feature","geometry":{"type":"Polygon","coordinates":[[[-88.52430200026977,43.83551099970943],[-88.52318699966101,43.71933900008426],[-88.28070799973345,43.71765099990272],[-88.28124500003388,43.79005900015647],[-88.36637100027403,43.79077499974316],[-88.37149299998796,43.79966800030227],[-88.38141900029687,43.79634299990006],[-88.38201599997343,43.804691999809975],[-88.39494099980722,43.8033989998959],[-88.38402500035967,43.79436599995377],[-88.40208000030333,43.79460600004464],[-88.40218099968736,43.80649999980639],[-88.421193000056,43.804268000071005],[-88.42213000038953,43.79965700002446],[-88.438940999853,43.794800999814036],[-88.43780699987599,43.79798399992324],[-88.4687499998435,43.80730499990294],[-88.45643699975491,43.79864800023752],[-88.46093000000523,43.7959199997649],[-88.46503499991803,43.79911999973931],[-88.46188999990497,43.80041300019637],[-88.46634600034537,43.799294999891515],[-88.47061600011462,43.80854600009711],[-88.45888999965685,43.870434000099905],[-88.4638299997959,43.87799899986131],[-88.46146999978039,43.88855399968015],[-88.46756999983575,43.893414999969345],[-88.52400699981868,43.89371099975333],[-88.52430200026977,43.83551099970943]]]},"properties":{"NAME":"Assembly District 60","GEOID":"55060"}},{"type":"Feature","geometry":{"type":"Polygon","coordinates":[[[-88.06949499981357,42.92997999971404],[-88.02851799958214,42.930296000172326],[-88.02884200034555,42.91973699978263],[-88.01651400018834,42.91963000008064],[-88.01637600009609,42.92477899972917],[-88.00655199989443,42.92132200007812],[-87.97921800044547,42.92562199981535],[-87.97952300004401,42.9159990001943],[-87.97104700007964,42.91610700026211],[-87.95957500006509,42.92340099986128],[-87.95927799996416,42.928162999984394],[-87.96371099994002,42.93039400004755],[-87.96450699980822,42.94488499999985],[-87.96882799963109,42.944895999917385],[-87.96856400004044,42.95939599975243],[-88.0083239995559,42.9592550000484],[-88.00807400020896,42.969939000222844],[-87.998080000128,42.97047200006282],[-88.00209399980422,42.98831699967625],[-88.04219499980151,42.98808599971401],[-88.0473900002087,42.980828000076905],[-88.06862000030266,42.980960000068215],[-88.06949499981357,42.92997999971404]]]},"properties":{"NAME":"Assembly District 61","GEOID":"55061"}},{"type":"Feature","geometry":{"type":"Polygon","coordinates":[[[-87.90033200000278,42.75728100029673],[-87.84630100006612,42.755425999812445],[-87.84609900039976,42.71890000011168],[-87.84166999972354,42.71713199982672],[-87.8475949998767,42.71537900029881],[-87.81618300027914,42.71695900030466],[-87.81612899985245,42.709114999906795],[-87.80851700042665,42.707409999980435],[-87.79979500041496,42.71246999968988],[-87.80012400030293,42.71994000015757],[-87.79382199968292,42.71996599978687],[-87.79377900002521,42.71549099990122],[-87.77808200044726,42.71890900031315],[-87.78124699965349,42.749373999787174],[-87.77819399970193,42.7624230002167],[-87.75730500008981,42.781627000308966],[-87.77633900019977,42.79495300023845],[-87.78200499988687,42.76998299967116],[-87.78684000044393,42.77358400021662],[-87.8028190000542,42.77002599978784],[-87.80907300009535,42.784599000233406],[-87.81905600030564,42.78459699996331],[-87.82169699963025,42.75531900015693],[-87.83644500007742,42.755298999867925],[-87.83626500015237,42.769746000286645],[-87.85101299970124,42.77000700000067],[-87.84595899975936,42.77714099973455],[-87.8559229997031,42.777296999834874],[-87.85583599966445,42.7846090002643],[-87.89503200001359,42.78516000026027],[-87.89517400030383,42.763440999962555],[-87.90033200000278,42.75728100029673]]]},"properties":{"NAME":"Assembly District 62","GEOID":"55062"}},{"type":"Feature","geometry":{"type":"Polygon","coordinates":[[[-88.07176600014064,42.75713000016372],[-87.90082900012024,42.75626899985293],[-87.89517400030383,42.763440999962555],[-87.89503200001359,42.78516000026027],[-87.85583599966445,42.7846090002643],[-87.8559229997031,42.777296999834874],[-87.84595899975936,42.77714099973455],[-87.85101299970124,42.77000700000067],[-87.83626500015237,42.769746000286645],[-87.83644500007742,42.755298999867925],[-87.82169699963025,42.75531900015693],[-87.81905600030564,42.78459699996331],[-87.80907300009535,42.784599000233406],[-87.8028190000542,42.77002599978784],[-87.78684000044393,42.77358400021662],[-87.78200499988687,42.76998299967116],[-87.77633900019977,42.79495300023845],[-87.8152159998084,42.82573599991852],[-87.82630600023153,42.84222899970712],[-87.95190400018973,42.84354599975338],[-87.94938099996756,42.93037200029051],[-87.95929600040583,42.93039699995403],[-87.95957500006509,42.92340099986128],[-87.97952300004401,42.9159990001943],[-87.97921800044547,42.92562199981535],[-88.00655199989443,42.92132200007812],[-88.01637600009609,42.92477899972917],[-88.01651400018834,42.91963000008064],[-88.02884200034555,42.91973699978263],[-88.02851799958214,42.930296000172326],[-88.06949599963849,42.92995499988127],[-88.07176600014064,42.75713000016372]]]},"properties":{"NAME":"Assembly District 63","GEOID":"55063"}},{"type":"Feature","geometry":{"type":"Polygon","coordinates":[[[-87.95341999975814,42.669566999821946],[-87.95259399975271,42.56752799985265],[-87.91910599982174,42.567015000150356],[-87.91855699982575,42.574323000166416],[-87.91187900036041,42.574101999937234],[-87.91173899971999,42.567035999903716],[-87.88030799985586,42.56666499969155],[-87.87951899966033,42.57380100006868],[-87.86957300015828,42.57362199968433],[-87.86821700042343,42.58309600029329],[-87.84064899972445,42.58076700021854],[-87.82911599961054,42.58469399977474],[-87.82592100026704,42.59084699996808],[-87.83565599988192,42.594834999944375],[-87.83594799995997,42.602438999974645],[-87.82595399987902,42.602579999984506],[-87.81522000000636,42.596089999771515],[-87.81978699987653,42.62209900022841],[-87.80559800036939,42.66789999998438],[-87.95341999975814,42.669566999821946]]]},"properties":{"NAME":"Assembly District 64","GEOID":"55064"}},{"type":"Feature","geometry":{"type":"Polygon","coordinates":[[[-87.94348199975369,42.54506099975077],[-87.93264599977378,42.53800699983274],[-87.93335700015147,42.53176099971279],[-87.91317999984368,42.5377099998068],[-87.91240800026492,42.53417299995579],[-87.86484599955622,42.537181000093014],[-87.86625099969488,42.530988000165955],[-87.85407800024669,42.53118000030927],[-87.85382100032875,42.52245699982584],[-87.82397800000304,42.5220699997586],[-87.82328900026496,42.51475400027292],[-87.81095799973471,42.51593599983669],[-87.81385199967761,42.57864899971523],[-87.80740699984078,42.58818100022401],[-87.81861299971654,42.58755099988198],[-87.81723400041547,42.59499700022565],[-87.81611600033199,42.58839100024584],[-87.8084999998099,42.58888900028496],[-87.82052199964536,42.59618300004648],[-87.82054599993481,42.60071899990734],[-87.83594799995997,42.602438999974645],[-87.83565599988192,42.594834999944375],[-87.82592100026704,42.59084699996808],[-87.82911599961054,42.58469399977474],[-87.84064899972445,42.58076700021854],[-87.86821700042343,42.58309600029329],[-87.86957300015828,42.57362199968433],[-87.87951899966033,42.57380100006868],[-87.88030799985586,42.56666499969155],[-87.91173899971999,42.567035999903716],[-87.91187900036041,42.574101999937234],[-87.91929300031781,42.574164999956665],[-87.91910599982174,42.567015000150356],[-87.93385799956857,42.56777599967909],[-87.93340999985493,42.55087600008941],[-87.94348199975369,42.54506099975077]]]},"properties":{"NAME":"Assembly District 65","GEOID":"55065"}},{"type":"Feature","geometry":{"type":"Polygon","coordinates":[[[-87.95398399982274,42.756909999761284],[-87.95328400021403,42.66956599981207],[-87.80559800036939,42.66789999998438],[-87.78244099990496,42.70748499988369],[-87.78040800012758,42.720016999814995],[-87.79377900002521,42.71549099990122],[-87.79382199968292,42.71996599978687],[-87.80012400030293,42.71994000015757],[-87.79979500041496,42.71246999968988],[-87.80851700042665,42.707409999980435],[-87.81612899985245,42.709114999906795],[-87.81618300027914,42.71695900030466],[-87.8475949998767,42.71537900029881],[-87.84166999972354,42.71713199982672],[-87.84609900039976,42.71890000011168],[-87.84630100006612,42.755425999812445],[-87.95398399982274,42.756909999761284]]]},"properties":{"NAME":"Assembly District 66","GEOID":"55066"}},{"type":"Feature","geometry":{"type":"Polygon","coordinates":[[[-91.65176699960695,45.0803490003157],[-91.6510179995944,44.943078999965635],[-91.43330100028646,44.94431799993984],[-91.4329730002234,44.94795399985091],[-91.42044599987456,44.944385000263274],[-91.41787499997184,44.95524099975597],[-91.40389900000174,44.9516999998963],[-91.40754699998004,44.96612799992554],[-91.39854700013402,44.966223999790955],[-91.39870399959453,44.95897600021862],[-91.38742099972588,44.951756000305174],[-91.38736700019751,44.955413999760744],[-91.37840300033649,44.95537199975241],[-91.3782769999398,44.966223999790955],[-91.37073999995873,44.956781000004945],[-91.36803099996375,44.965923000145146],[-91.34704600009219,44.96655699972746],[-91.34212400039478,44.977511999823534],[-91.32833300037258,44.97853499997875],[-91.27058499996232,44.946343000204514],[-91.26629000007873,44.9533089998753],[-91.26058800040663,44.95375799984669],[-91.25204399977187,44.943606999841876],[-91.24036300041827,44.94939499976563],[-91.2271790001184,44.94906699972141],[-91.21791300013358,44.94270299991613],[-91.20133199992556,44.94418399969429],[-91.19885899993214,44.949064000162046],[-91.18402099997158,44.944857000116976],[-91.1759900002461,44.95170600001085],[-91.1655989996068,44.95179000027699],[-91.1657119995847,44.96625800008877],[-91.14687300036674,44.966342999791735],[-91.13665699962962,44.96600999988408],[-91.13662599966747,44.959272000010714],[-91.11931800008654,44.94639599978337],[-91.11100000030589,44.95207300010227],[-91.11102299987212,44.96199199993363],[-91.09579900012218,44.96191299982289],[-91.0960760001316,44.97273999984416],[-91.0857769995538,44.97280100021954],[-91.08554800012328,44.983750999809416],[-91.07018600028108,44.987538000282335],[-91.07028099981731,45.00555800010368],[-91.08574399994184,45.0129110002421],[-91.08583099998049,45.016536999978854],[-91.08070800044163,45.01636199986068],[-91.08568600021553,45.0311469999725],[-90.43382900030564,45.03098099986318],[-90.43309700001154,45.204096999927245],[-90.04542299977611,45.20811499972383],[-90.0439580002613,45.98194800022528],[-90.67696799965898,45.98155399998623],[-90.67874900043958,45.63826399994511],[-91.54029399958179,45.63760500016699],[-91.54252499972587,45.201486000095336],[-91.53703999978877,45.19706800018024],[-91.54276599975029,45.19601699984446],[-91.54351800013588,45.12022400002968],[-91.53018300022327,45.12035699986715],[-91.53008699996381,45.114235000117716],[-91.651509999689,45.11290800027032],[-91.65176699960695,45.0803490003157]]]},"properties":{"NAME":"Assembly District 68","GEOID":"55068"}},{"type":"Feature","geometry":{"type":"Polygon","coordinates":[[[-89.25031100034761,42.8407639998531],[-89.24864599991797,42.63517500007829],[-89.24359199997608,42.63235799988272],[-89.2435719998846,42.62769899990579],[-89.2485780001459,42.62734400025125],[-89.24787099996615,42.58538200027429],[-88.89397500008991,42.58232400018069],[-88.89443000037458,42.66993199971103],[-88.96203800007316,42.67090099999511],[-88.98336100005355,42.66605500002771],[-88.98475500032156,42.71701399978918],[-88.99678700020276,42.720205999708966],[-88.99565900007354,42.72745500028387],[-89.00877499970302,42.73558599971168],[-89.00512599989982,42.7368370000408],[-89.00632099997617,42.744352000273246],[-89.01342199993913,42.744575000099864],[-89.01364799989494,42.76018199998626],[-89.13108100023337,42.7595509997485],[-89.13197800038391,42.84706400029403],[-89.25027600018751,42.84591299987734],[-89.25031100034761,42.8407639998531]]]},"properties":{"NAME":"Assembly District 44","GEOID":"55044"}},{"type":"Feature","geometry":{"type":"Polygon","coordinates":[[[-89.72717099963184,43.30130500006299],[-89.72046300002927,43.293084000226834],[-89.48163000043017,43.29409399997596],[-89.48149399998775,43.20670899972866],[-89.36195599990192,43.20682200011526],[-89.36300899968808,43.1437630002455],[-89.35506199962818,43.14356799988779],[-89.36271599978511,43.13655600018254],[-89.34956699964535,43.13618200020385],[-89.35501200029779,43.12154399992473],[-89.32504000010069,43.12105299997632],[-89.32469799979391,43.11683699983787],[-89.27539799975894,43.15604500013299],[-89.27515300043488,43.16505900017051],[-89.2947909998941,43.164772000012064],[-89.29479000006921,43.172032000134976],[-89.30469799993644,43.171380000211244],[-89.30441599990414,43.17730099970188],[-89.29237700035023,43.19015400021974],[-89.29647700024017,43.194672000246676],[-89.26405999963869,43.19504199976281],[-89.26381799978937,43.20229600003296],[-89.2540050003567,43.202310000061956],[-89.2500850003918,43.20957299993715],[-89.2441900003759,43.205990999758015],[-89.24540600036865,43.282114999988636],[-89.0091389997511,43.28482999992188],[-89.00882800030479,43.37163699989982],[-89.00447700034469,43.37496199979053],[-89.00611699976167,43.45875899986148],[-89.12636799987503,43.45676699998381],[-89.12760999980708,43.55665600032465],[-89.2463110000168,43.55603699995125],[-89.24491099990101,43.45660600024769],[-89.36376400044671,43.45553299985094],[-89.36385200031026,43.468414999684754],[-89.44767299997086,43.46781800028361],[-89.48354500020677,43.45524100031611],[-89.5043359999096,43.43294400001068],[-89.56804499955972,43.39070699985792],[-89.63137300034164,43.36539500015089],[-89.65575500012136,43.3598209999224],[-89.67761299985402,43.361197000207596],[-89.70532799996779,43.32875800028938],[-89.71970999981876,43.31974499970048],[-89.72717099963184,43.30130500006299]]]},"properties":{"NAME":"Assembly District 42","GEOID":"55042"}},{"type":"Feature","geometry":{"type":"Polygon","coordinates":[[[-88.54399599980549,42.769396999675656],[-88.54392399983549,42.75697300013324],[-88.42601699984412,42.75625300026328],[-88.4234879997742,42.66944799985443],[-88.43318499975423,42.66955399969223],[-88.43309199986783,42.662065000191596],[-88.43797799958021,42.65997900002928],[-88.43294299990491,42.65210099971751],[-88.44292100009233,42.65215500020263],[-88.44288400028242,42.647635999737524],[-88.4575270002493,42.65142700023987],[-88.45996300043281,42.64645699975275],[-88.45573399977312,42.640538999951794],[-88.47699800020226,42.63350299982922],[-88.45366199963769,42.61223500008203],[-88.46136900039636,42.6116999997627],[-88.45875699958745,42.60644099979237],[-88.46490699987152,42.604987000162296],[-88.4650469996136,42.59912899982703],[-88.4607240001409,42.599113999882626],[-88.46517700020826,42.597350000018025],[-88.46261600035128,42.58280300017575],[-88.45208400014498,42.581141000218345],[-88.44154600009091,42.5913830000975],[-88.43292000033868,42.5865270002912],[-88.4403359999459,42.57455300021678],[-88.48280500035465,42.565776999897146],[-88.48230599968905,42.545614999960776],[-88.42550700020618,42.546709000211116],[-88.41899100022422,42.55941300012877],[-88.42332899976553,42.56003800000691],[-88.42347199988068,42.56731300002153],[-88.41493099961896,42.567450000119564],[-88.42369700001157,42.582443000128094],[-88.30557599975997,42.5816600000899],[-88.30589100030257,42.610817000156224],[-88.18817299955877,42.61145599991014],[-88.18830599962817,42.66970899974036],[-87.95328400021403,42.66956599981207],[-87.95398399982274,42.75699399980325],[-88.19964000044877,42.756381000162655],[-88.2074309999747,42.75290899999301],[-88.20423800028107,42.756315000051764],[-88.21697800016693,42.75615799993515],[-88.22067899984869,42.74656499984344],[-88.22547000002486,42.74593599968494],[-88.2293170001948,42.75600100008032],[-88.30805999962405,42.7554869998231],[-88.3064350002757,42.840675000066845],[-88.3279299997852,42.8184680000592],[-88.33129099970833,42.82446600023484],[-88.32635399994231,42.82442899996031],[-88.32633300002593,42.83528900015509],[-88.33605099992234,42.836265999759874],[-88.336137999961,42.828094000270774],[-88.35322100030933,42.82829900011425],[-88.34382599955478,42.84285099975717],[-88.54144199962123,42.8429950000261],[-88.54399599980549,42.769396999675656]]]},"properties":{"NAME":"Assembly District 33","GEOID":"55033"}},{"type":"Feature","geometry":{"type":"Polygon","coordinates":[[[-88.89459100003306,42.64774700024627],[-88.89458299963715,42.49417499968224],[-88.42251100015602,42.49452899991054],[-88.42330200000136,42.54939499988697],[-88.42871599979335,42.545740999895735],[-88.48230599968905,42.545614999960776],[-88.48280500035465,42.565776999897146],[-88.4403359999459,42.57455300021678],[-88.43292000033868,42.5865270002912],[-88.44154600009091,42.5913830000975],[-88.45208400014498,42.581141000218345],[-88.46261600035128,42.58280300017575],[-88.46517700020826,42.597350000018025],[-88.4607240001409,42.599113999882626],[-88.4650469996136,42.59912899982703],[-88.46490699987152,42.604987000162296],[-88.45875699958745,42.60644099979237],[-88.46136900039636,42.6116999997627],[-88.45366199963769,42.61223500008203],[-88.47699800020226,42.63350299982922],[-88.45573399977312,42.640538999951794],[-88.45996300043281,42.64645699975275],[-88.4575270002493,42.65142700023987],[-88.44288400028242,42.647635999737524],[-88.44292100009233,42.65215500020263],[-88.43294299990491,42.65210099971751],[-88.43797799958021,42.65997900002928],[-88.43309199986783,42.662065000191596],[-88.43318499975423,42.66955399969223],[-88.4234879997742,42.66944799985443],[-88.42601699984412,42.75625300026328],[-88.54392399983549,42.75697300013324],[-88.54144199962123,42.8429950000261],[-88.6592790001907,42.84254100004272],[-88.65910799958814,42.66906900017699],[-88.89443000037458,42.66993199971103],[-88.89459100003306,42.64774700024627]]]},"properties":{"NAME":"Assembly District 31","GEOID":"55031"}},{"type":"Feature","geometry":{"type":"Polygon","coordinates":[[[-89.0171150001233,43.54919499986137],[-89.00791600008563,43.54731600027762],[-89.01337000006059,43.54557399972256],[-89.01448599959595,43.53780599986691],[-89.00673899955261,43.53167599987822],[-89.00468800023188,43.37157099999003],[-88.88384600028975,43.37190499972545],[-88.8839349999782,43.393723999955974],[-88.76332400001473,43.393295000164905],[-88.76476799961314,43.45883399973377],[-88.6278819997634,43.45849400021983],[-88.62121199979568,43.4672640001197],[-88.6246480000619,43.45849400021983],[-88.52180400016199,43.45722100009418],[-88.52128600012813,43.5439390003234],[-88.40042599974433,43.54353199968253],[-88.40179499989797,43.71842800016559],[-88.7650949998513,43.7203060000052],[-88.76525499968487,43.64759899997457],[-88.77319099987409,43.647572000097085],[-88.77325199997345,43.64243699975425],[-88.76535500014229,43.642470000184645],[-88.76539000030239,43.63308199972359],[-89.00684800023087,43.633045000098086],[-89.00707699966141,43.54928200020847],[-89.0171150001233,43.54919499986137]]]},"properties":{"NAME":"Assembly District 37","GEOID":"55037"}},{"type":"Feature","geometry":{"type":"Polygon","coordinates":[[[-90.0465199999432,45.30212499987556],[-90.04368499955152,45.12021400008654],[-89.84448400031967,45.12009099988214],[-89.84447300044901,45.03276199989053],[-89.72702300039215,45.03227400021839],[-89.72705699982903,44.973031999938165],[-89.66090600014762,44.973500999778416],[-89.66084500004825,44.97716099996276],[-89.66609499980873,44.97715799996558],[-89.66271200014428,44.98080600008361],[-89.66621700000745,44.98079400022121],[-89.66659399957601,44.988111999923234],[-89.6574620003838,44.98870899975517],[-89.66613699964152,45.000007999819445],[-89.65855100015496,44.99899199988543],[-89.65840200019205,44.995368000215834],[-89.64922200042098,44.99902499998253],[-89.6461130003929,44.988664999959596],[-89.63123100005143,44.99364099977776],[-89.63366800005983,44.98818900012737],[-89.62126299990973,44.988607999986485],[-89.62742999991221,45.001341000207915],[-89.61091300017662,45.0033890002452],[-89.61076599986353,45.032270000047795],[-89.4921990004464,45.032342999784554],[-89.49175699968221,44.94566200031364],[-88.98131900005535,44.942745000294096],[-88.98245999970506,45.117998000270696],[-88.64115899994971,45.117345999723206],[-88.63817399977022,45.204814999743434],[-88.68006599969554,45.20499399969242],[-88.67924200023825,45.27705200029511],[-88.5553439999715,45.27638699995038],[-88.55435300010961,45.37767199980581],[-88.92602500027026,45.378636999918015],[-88.92306199983206,45.465136999842116],[-89.34425999998348,45.470014999695046],[-89.4248240003763,45.467166000113615],[-89.42825800009439,45.55535299986579],[-89.67229399959827,45.55570300023499],[-89.6727959997386,45.645000999819835],[-89.79581500029649,45.64501699972979],[-89.79590700035797,45.555594000129105],[-90.04341400028817,45.55508199992466],[-90.04222199968653,45.37496500028529],[-90.0465199999432,45.30212499987556]]]},"properties":{"NAME":"Assembly District 35","GEOID":"55035"}}]}