{"type":"FeatureCollection","features":[{"type":"Feature","geometry":{"type":"Polygon","coordinates":[[[-88.06601400023983,43.104655999819],[-88.03757900042585,43.10440999970931],[-88.04270000031488,43.09066599996966],[-88.04770400002805,43.08972300000629],[-88.03822899980587,43.08915999982683],[-88.03554499992524,43.08229799983641],[-88.02322599998887,43.083240999947684],[-88.02265600007648,43.08966500006262],[-88.01758299986803,43.08974499983479],[-88.01719500042883,43.10498400017648],[-87.99377400037375,43.104824999870736],[-87.99484200022852,43.11214299994311],[-87.98619100036193,43.11203599986567],[-87.98648699973963,43.10471299979936],[-87.95456600032902,43.10459899978562],[-87.95709000037607,43.08991699971288],[-87.9370550003585,43.08959899981101],[-87.93745200001854,43.0696259997741],[-87.90529999973094,43.06749300016646],[-87.90524600020258,43.07294799972222],[-87.89779999955981,43.07109200021194],[-87.89754199981695,43.081971999810044],[-87.87040599983641,43.082924999949455],[-87.87635000025615,43.09890900025516],[-87.90705700022211,43.10031400011995],[-87.91199499981303,43.10612599967507],[-87.91216200021762,43.13253499997965],[-87.90776299967862,43.14290799980957],[-87.90831800042072,43.1498630000091],[-87.91432499969133,43.15031399979],[-87.91174999959065,43.161934000175705],[-87.91544600014787,43.16228099971664],[-87.9151530002449,43.14263400019865],[-87.91973799965841,43.14055299970826],[-87.92806200018516,43.14415800012286],[-87.93512700016312,43.15902900016213],[-87.9507910001291,43.16303399992164],[-87.9603099998339,43.16227799998964],[-87.95750700012759,43.15581499978435],[-87.96519800009446,43.15586799989018],[-87.96548199977657,43.14858399977036],[-87.97528900025978,43.14859300031238],[-87.97485999991437,43.16313200019859],[-87.99475799966461,43.16318800019264],[-87.9946150004478,43.17048599985299],[-87.98469599981159,43.17037900028319],[-87.98444200026667,43.18494799996452],[-87.99367200026649,43.18584099999303],[-87.99417100003376,43.19255000014826],[-88.06335299992544,43.19211699979515],[-88.06601400023983,43.104655999819]]]},"properties":{"NAME":"State Senate District 4","GEOID":"55004"}},{"type":"Feature","geometry":{"type":"Polygon","coordinates":[[[-89.83818099987472,43.20336800006561],[-89.83796300031484,43.11857700015776],[-89.71964500041975,43.11886400020928],[-89.72051900010577,43.03199799981501],[-89.60156699982585,43.03109500003869],[-89.6029429996522,42.94441500025179],[-89.4854969997933,42.94342000029289],[-89.48386099967597,43.02666400019367],[-89.4663759996447,43.02705600020169],[-89.46798300034804,43.03184400019728],[-89.46270900029812,43.031809999735025],[-89.45831999980487,43.022597000081575],[-89.45789399983252,43.03177499983816],[-89.44714900008921,43.027885000147315],[-89.44360200039323,43.03492699995876],[-89.45831499978202,43.04137299977245],[-89.43796900031812,43.05531400026735],[-89.4362429997891,43.062564999870844],[-89.43620500015427,43.07416499978169],[-89.4636010004258,43.07531400002272],[-89.46086800014137,43.081125999768695],[-89.46996400024686,43.08066299975969],[-89.48373400035265,43.093525000176435],[-89.48296600007355,43.10445999983834],[-89.42324400033546,43.10438000026817],[-89.42265799963124,43.11910300021418],[-89.37974899990476,43.11903600025759],[-89.37433500011277,43.12414600005881],[-89.39656699993924,43.145748999681196],[-89.37553799968674,43.14833100030347],[-89.37049299996569,43.14485899992028],[-89.37237500013033,43.14094900026387],[-89.3552099997662,43.140282000182125],[-89.35506199962818,43.14356799988779],[-89.36300899968808,43.1437630002455],[-89.36195599990192,43.20682200011526],[-89.48149399998775,43.20670899972866],[-89.48163000043017,43.29409399997596],[-89.72046300002927,43.293084000226834],[-89.71343800023429,43.28100599971796],[-89.73173800040034,43.252203000202165],[-89.74895499974465,43.24875100022378],[-89.75959999992887,43.24100199989082],[-89.80585399968496,43.2386849999208],[-89.83818099987472,43.20336800006561]]]},"properties":{"NAME":"State Senate District 27","GEOID":"55027"}},{"type":"Feature","geometry":{"type":"Polygon","coordinates":[[[-88.30463299957869,43.03393499997918],[-88.28559500016908,43.03206000010633],[-88.28579199981257,43.0372580000897],[-88.29107599990822,43.03738099984947],[-88.28657500016028,43.039558999982425],[-88.29244400023696,43.043217000289495],[-88.29006900015281,43.0465510000741],[-88.28242699969145,43.05207299988298],[-88.27084900027002,43.04691100009609],[-88.26549800022721,43.059423000115274],[-88.25157199958751,43.05964799992177],[-88.24916999973918,43.04739099990249],[-88.23144000038386,43.04840400006295],[-88.22206999974365,43.04311900023023],[-88.22177600001578,43.01467999979436],[-88.2013590004068,43.02066300014098],[-88.19651800000192,43.01645600024902],[-88.0672519999739,43.016399000261124],[-88.06862000030266,42.980960000068215],[-88.05695400011935,42.98083700030934],[-88.0473900002087,42.980828000076905],[-88.04219499980151,42.98808599971401],[-88.00209399980422,42.98831699967625],[-88.00189399978765,42.999015999926335],[-87.99749299959885,42.99905000015473],[-87.99999900010256,43.024168000251024],[-87.99242100011361,43.02414500032825],[-87.9936870003351,43.02962199994482],[-87.98472099992593,43.033158999704376],[-87.9899339998765,43.03689199995472],[-88.01607800017024,43.03600500001867],[-88.01623100033112,43.03133399982157],[-88.0235730003185,43.03117500009712],[-88.02061999992605,43.04581900016636],[-88.00317599990267,43.05226299971917],[-87.98755200011966,43.049987000012834],[-87.98750400043907,43.06437599998542],[-88.00239699975292,43.06946499996427],[-88.03841200010397,43.06758800022289],[-88.0352240004332,43.07187699972951],[-88.03838699998963,43.07515200004094],[-88.03386799980002,43.076138000146344],[-88.03873900034212,43.078913000117375],[-88.03822899980587,43.08915999982683],[-88.04770200037824,43.090213000279235],[-88.04270000031488,43.09066599996966],[-88.03757900042585,43.10440999970931],[-88.06602500011049,43.10422099970542],[-88.06614399993617,43.09828899989897],[-88.07124599955864,43.0964260001856],[-88.07629500037598,43.09662699997131],[-88.07745699994206,43.10470899967587],[-88.27100699955547,43.106180999912624],[-88.30372100025782,43.104957000277466],[-88.30463299957869,43.03393499997918]]]},"properties":{"NAME":"State Senate District 5","GEOID":"55005"}},{"type":"Feature","geometry":{"type":"Polygon","coordinates":[[[-88.0389279995897,43.082263999781865],[-88.03386799980002,43.076138000146344],[-88.03838699998963,43.07515200004094],[-88.03740100015061,43.06712199984156],[-88.00239699975292,43.06946499996427],[-87.98750400043907,43.06437599998542],[-87.98755200011966,43.049987000012834],[-88.00317599990267,43.05226299971917],[-88.02061999992605,43.04581900016636],[-88.0235730003185,43.03117500009712],[-88.01623100033112,43.03133399982157],[-88.01607800017024,43.03600500001867],[-87.99676700005085,43.03407299970272],[-87.97637300000807,43.0387900002788],[-87.96788899964776,43.038820000326666],[-87.96845699991033,43.03359200005488],[-87.9621819999528,43.03228299970433],[-87.94282999982553,43.035699000168584],[-87.9108089999575,43.032063999720506],[-87.91296099956055,43.04722300006927],[-87.89802499969072,43.05683199996463],[-87.89909900029157,43.07291399972887],[-87.90524600020258,43.07294799972222],[-87.90529999973094,43.06749300016646],[-87.93745200001854,43.0696259997741],[-87.9370550003585,43.08959899981101],[-87.95709000037607,43.08991699971288],[-87.95456600032902,43.10459899978562],[-87.98648699973963,43.10471299979936],[-87.98619100036193,43.11203599986567],[-87.99484200022852,43.11214299994311],[-87.99377400037375,43.104824999870736],[-88.01719500042883,43.10498400017648],[-88.01758299986803,43.08974499983479],[-88.02265600007648,43.08966500006262],[-88.02322599998887,43.083240999947684],[-88.0389279995897,43.082263999781865]]]},"properties":{"NAME":"State Senate District 6","GEOID":"55006"}},{"type":"Feature","geometry":{"type":"Polygon","coordinates":[[[-88.42427299977174,42.878759000329154],[-88.42410200006753,42.84258700003911],[-88.34382599955478,42.84285099975717],[-88.35322100030933,42.82829900011425],[-88.336137999961,42.828094000270774],[-88.33605099992234,42.836265999759874],[-88.32633300002593,42.83528900015509],[-88.32635399994231,42.82442899996031],[-88.33129099970833,42.82446600023484],[-88.3279299997852,42.8184680000592],[-88.3064350002757,42.840675000066845],[-88.30805999962405,42.7554869998231],[-88.2293170001948,42.75600100008032],[-88.22547000002486,42.74593599968494],[-88.22067899984869,42.74656499984344],[-88.21697800016693,42.75615799993515],[-88.20423800028107,42.756315000051764],[-88.2074309999747,42.75290899999301],[-88.19964000044877,42.756381000162655],[-88.07176500031572,42.75706099977079],[-88.0672519999739,43.016399000261124],[-88.19651800000192,43.01645600024902],[-88.2013590004068,43.02066300014098],[-88.22177600001578,43.01467999979436],[-88.22206999974365,43.04311900023023],[-88.23144000038386,43.04840400006295],[-88.24834799993171,43.047009999830244],[-88.2514650003557,43.05960699981437],[-88.26549800022721,43.059423000115274],[-88.27084900027002,43.04691100009609],[-88.28242699969145,43.05207299988298],[-88.29210000028037,43.04483899995642],[-88.2865269995814,43.04226200004261],[-88.29107599990822,43.03738099984947],[-88.28579199981257,43.0372580000897],[-88.28559500016908,43.03206000010633],[-88.30465900041627,43.03186499972023],[-88.30684199998146,42.929992999833544],[-88.28753599988494,42.9300169998952],[-88.28762399974848,42.92209000027163],[-88.29753099979081,42.921966999897734],[-88.29746999969144,42.91468100030859],[-88.30656699962185,42.91457399972168],[-88.30614900004542,42.875701000003076],[-88.3109490004424,42.87534599999559],[-88.31473100031502,42.885790999846186],[-88.32732899991065,42.87522299982258],[-88.33556700022369,42.88256900008673],[-88.3553450003233,42.88288400026809],[-88.35533299972943,42.87651300032552],[-88.38526200026885,42.89343699979334],[-88.39032500043157,42.87565299969494],[-88.42427299977174,42.878759000329154]]]},"properties":{"NAME":"State Senate District 28","GEOID":"55028"}},{"type":"Feature","geometry":{"type":"Polygon","coordinates":[[[-90.31691099962804,44.757341999695925],[-90.31596199959894,44.42458299981921],[-89.7914459998947,44.425667999815516],[-89.78878999960318,44.433153000088595],[-89.75730600003558,44.44182699985891],[-89.75042799965539,44.449147000238014],[-89.72638999983225,44.4493499997413],[-89.72698200038427,44.52568500014293],[-89.60728899958943,44.526242000302304],[-89.6073420001912,44.53360899999197],[-89.62415799967754,44.53943600010239],[-89.62244600029054,44.54628099973278],[-89.64444799996325,44.54898999996937],[-89.63846199971071,44.55806499991085],[-89.64974200010464,44.563328999804874],[-89.64997399990823,44.57266100028819],[-89.65836200000908,44.579060000267475],[-89.65705300012989,44.59073600020215],[-89.63836499962633,44.5987649998155],[-89.48940500006262,44.59900300011739],[-89.48938800034416,44.55623600021858],[-89.34524599982247,44.54754100023541],[-89.34532899966314,44.50406300018888],[-89.2233310000027,44.50398399991398],[-89.22366800028658,44.41744299979274],[-89.1028449997127,44.417544000022765],[-89.10271400019145,44.50378100010347],[-88.85930200012832,44.503013000288284],[-88.8581179999226,44.76783800000008],[-88.98173499998195,44.76794299973685],[-88.98158299964601,44.85568100030274],[-88.9916510002451,44.85578399987831],[-88.9935529996029,44.86958700022765],[-88.98148300008688,44.87015199988167],[-88.98131900005535,44.942745000294096],[-89.49175699968221,44.94566200031364],[-89.4921990004464,45.032342999784554],[-89.61076599986353,45.032270000047795],[-89.61091300017662,45.0033890002452],[-89.62742999991221,45.001341000207915],[-89.62126299990973,44.988607999986485],[-89.63366800005983,44.98818900012737],[-89.63123100005143,44.99364099977776],[-89.6461130003929,44.988664999959596],[-89.64922200042098,44.99902499998253],[-89.65840200019205,44.995368000215834],[-89.65855100015496,44.99899199988543],[-89.66613699964152,45.000007999819445],[-89.6574620003838,44.98870899975517],[-89.66659399957601,44.988111999923234],[-89.66621700000745,44.98079400022121],[-89.66271200014428,44.98080600008361],[-89.66609499980873,44.97715799996558],[-89.66084500004825,44.97716099996276],[-89.66090600014762,44.973500999778416],[-89.72705699982903,44.973031999938165],[-89.72702300039215,45.03227400021839],[-89.96386800041971,45.03289100017526],[-89.96394700006242,44.94426900030861],[-90.07923799994522,44.94533799980374],[-90.0790749997386,44.858727000306814],[-90.19809700033868,44.85877999984881],[-90.19884999965089,44.77173900027511],[-90.31686299994745,44.77205200004732],[-90.31691099962804,44.757341999695925]]]},"properties":{"NAME":"State Senate District 29","GEOID":"55029"}},{"type":"Feature","geometry":{"type":"MultiPolygon","coordinates":[[[[-87.96465800031928,42.93884599974122],[-87.96371099994002,42.93039400004755],[-87.94938099996756,42.93037200029051],[-87.95190400018973,42.84354599975338],[-87.82641400018655,42.84222699998279],[-87.82496899986492,42.84615799975074],[-87.83432400043651,42.85459100028059],[-87.84647599996829,42.88401300023294],[-87.84345999982666,42.89019800031257],[-87.84790600022133,42.89709799967355],[-87.83925700000458,42.91304099986265],[-87.84597200017815,42.9293160000793],[-87.84534399964112,42.96212399976934],[-87.85458899970955,42.97798299967312],[-87.8877949996082,43.000588000201056],[-87.88438799965431,43.004861000115014],[-87.89159999994536,43.00715099993234],[-87.89122099982866,43.014478999872516],[-87.89384699998297,43.01228900031625],[-87.89303400039634,43.018103999708],[-87.89728900009696,43.020100000022666],[-87.89468800005702,43.02492800027641],[-87.89882899995484,43.025773000163426],[-87.89401299966431,43.030391000281334],[-87.89487100035511,43.03528699990425],[-87.89826300024039,43.03032700008204],[-87.89697899957724,43.036586999925575],[-87.89377300036313,43.03518900031069],[-87.89500000022656,43.04253500011471],[-87.88179199963724,43.04612199992579],[-87.88989500023104,43.0458600003015],[-87.88712699978652,43.052875999789826],[-87.88022699966501,43.04468200015199],[-87.88196700043774,43.05325799990691],[-87.86384600037182,43.070716000202204],[-87.87082500013607,43.08193800023071],[-87.89754199981695,43.081971999810044],[-87.89802499969072,43.05683199996463],[-87.9131179999194,43.046901999694576],[-87.91081900000324,43.032018999941876],[-87.90381500012465,43.025323000082054],[-87.9077400001124,43.01958100011646],[-87.90351800002375,43.01823899999331],[-87.90752300037744,43.017825999791036],[-87.90285199985186,43.0172819998846],[-87.9088659996935,43.00782299981084],[-87.90948199963664,42.98103799990004],[-87.91922800002048,42.981610000024226],[-87.91934900039429,42.97377200001145],[-87.9291140001464,42.97376999994917],[-87.92941799992002,42.94475600004293],[-87.96450699980822,42.94488499999985],[-87.96465800031928,42.93884599974122]]],[[[-87.84306999983934,42.904792999675855],[-87.84306999983934,42.904792999675855]]]]},"properties":{"NAME":"State Senate District 7","GEOID":"55007"}},{"type":"Feature","geometry":{"type":"Polygon","coordinates":[[[-88.18565299970967,43.10471900031198],[-88.07610100020723,43.10463899976857],[-88.07629500037598,43.09662699997131],[-88.06614399993617,43.09828899989897],[-88.06335299992544,43.19211699979515],[-87.99417100003376,43.19255000014826],[-87.99367200026649,43.18584099999303],[-87.98444200026667,43.18494799996452],[-87.98469599981159,43.17037900028319],[-87.9946150004478,43.17048599985299],[-87.99475799966461,43.16318800019264],[-87.97485999991437,43.16313200019859],[-87.97528900025978,43.14859300031238],[-87.96548199977657,43.14858399977036],[-87.96519800009446,43.15586799989018],[-87.95750700012759,43.15581499978435],[-87.9603099998339,43.16227799998964],[-87.9507910001291,43.16303399992164],[-87.93512700016312,43.15902900016213],[-87.92806200018516,43.14415800012286],[-87.91973799965841,43.14055299970826],[-87.9151530002449,43.14263400019865],[-87.91544600014787,43.16228099971664],[-87.91174999959065,43.161934000175705],[-87.91432499969133,43.15031399979],[-87.90831800042072,43.1498630000091],[-87.90776299967862,43.14290799980957],[-87.91216200021762,43.13253499997965],[-87.91199499981303,43.10612599967507],[-87.90705700022211,43.10031400011995],[-87.87635000025615,43.09890900025516],[-87.90052100014866,43.126043999873914],[-87.90084599983867,43.1366089999454],[-87.8809299996468,43.170597000292425],[-87.89721299992898,43.19965999991324],[-87.89677799973579,43.214475999709336],[-87.90925700040405,43.23338600022863],[-87.91153000038095,43.252448999685505],[-87.90162699963827,43.28418699975038],[-87.8888430002698,43.3070550001013],[-87.8770730003294,43.36937799996281],[-87.8708970001061,43.38172500013342],[-87.86418600013046,43.383492999731345],[-87.87037700042241,43.38719999980542],[-87.8640060002054,43.389773999699266],[-87.8552470003838,43.40576800028863],[-87.81019299982866,43.45588900006517],[-87.92053199987679,43.455843999917526],[-87.92058299993043,43.38702699999525],[-87.91556400014863,43.38292699977901],[-87.92055399961811,43.38498499970578],[-87.9202210004305,43.36825300017919],[-87.94874999995581,43.36785699975182],[-87.94772499975876,43.36038700002067],[-87.95290699974716,43.360141999954664],[-87.95107900000919,43.367829999836296],[-88.06242599963767,43.36728899984302],[-88.06329199982608,43.27888099967924],[-88.18166400014785,43.28078400012969],[-88.1821699995878,43.20709699980482],[-88.16860000039686,43.21107600005945],[-88.16229799977685,43.20842600028338],[-88.1621959996696,43.22137100018286],[-88.15699000029007,43.2213199998203],[-88.14262699980735,43.20907700025638],[-88.14268200005893,43.196060000295404],[-88.13640899975121,43.19200300025611],[-88.18222800021245,43.1925710002703],[-88.18565299970967,43.10471900031198]]]},"properties":{"NAME":"State Senate District 8","GEOID":"55008"}},{"type":"Feature","geometry":{"type":"Polygon","coordinates":[[[-88.40218099968736,43.80649999980639],[-88.40208000030333,43.79460600004464],[-88.38402500035967,43.79436599995377],[-88.39494099980722,43.8033989998959],[-88.38201599997343,43.804691999809975],[-88.38141900029687,43.79634299990006],[-88.37149299998796,43.79966800030227],[-88.36637100027403,43.79077499974316],[-88.3215879998805,43.79030600030645],[-88.28124500003388,43.79005900015647],[-88.28126400030047,43.80463300031094],[-88.16115200010427,43.804496999903186],[-88.15997499957125,43.63045000018491],[-87.80519599978815,43.6303410003153],[-87.8093459999068,43.6194210002452],[-87.8003829998707,43.61510099997812],[-87.77030500026667,43.61572699995913],[-87.76943099968236,43.63029100006437],[-87.74155200043538,43.62946099983634],[-87.70348500004036,43.68469099984685],[-87.7029369998693,43.70827100008974],[-87.7095840002708,43.73746499997595],[-87.70408000006712,43.746803999734404],[-87.69473899973923,43.74857600024367],[-87.70286400007434,43.74858200021345],[-87.70225200032915,43.75309700029489],[-87.69257799991534,43.749476000015164],[-87.7027200001343,43.75498799982414],[-87.69518800017612,43.76453500006188],[-87.70544300037298,43.77334699973477],[-87.72565199956951,43.80838399972023],[-87.72875599957472,43.821924999678956],[-87.7282269996702,43.85123999979387],[-87.73610000011023,43.879652999912246],[-87.71904400042438,43.93777600017881],[-87.70076699982455,43.96168100017584],[-87.69549899962243,43.989589999685016],[-87.68237999961988,44.02214299969979],[-87.65513599968432,44.05291599977251],[-87.65423799970885,44.08185599987306],[-87.64366700004281,44.09136800008781],[-87.6577750002574,44.09260300005124],[-87.65185900032508,44.09235600031519],[-87.64858700009039,44.099700000159984],[-87.64365699999706,44.09262400015885],[-87.64763499968826,44.103818999705],[-87.61862300028919,44.12371100020486],[-87.56067700041052,44.14264499977752],[-87.52952199983258,44.16747300028902],[-87.5170539999333,44.18283100018211],[-87.50756299981758,44.20689500025259],[-87.50713900039337,44.22397800020578],[-87.51281099992822,44.24038299993011],[-87.60011399988578,44.24050899989733],[-87.60011300006087,44.19757300022667],[-87.66052699991008,44.19708600029318],[-87.66055700004732,44.15365699999704],[-87.80154899963478,44.1531449996873],[-87.80162399997783,43.979151999797395],[-88.04213799990009,43.9791700000326],[-88.04201999989932,43.92130600007533],[-88.04559300043287,43.927906999930066],[-88.05192199991878,43.92506399994264],[-88.0468479998854,43.919625000204334],[-88.04679000015908,43.906515000005],[-88.0418290001036,43.90649599982148],[-88.04179399994351,43.891691999902285],[-88.16227400038571,43.891511000133185],[-88.16165400024461,43.93768300007296],[-88.31494800005,43.9376650002026],[-88.31894900020572,43.925229999711156],[-88.33292000015297,43.91595299988373],[-88.3706720000054,43.86438500017596],[-88.37470400012327,43.85281800021394],[-88.387561000185,43.84163200004846],[-88.38904499996637,43.81853700024017],[-88.40218099968736,43.80649999980639]]]},"properties":{"NAME":"State Senate District 9","GEOID":"55009"}},{"type":"Feature","geometry":{"type":"Polygon","coordinates":[[[-92.01474799971804,44.851697999876485],[-92.01438200002015,44.81484399978218],[-91.97509399960948,44.81492200028381],[-91.97407500015852,44.68384400018575],[-91.65036099964338,44.68363300008815],[-91.65024799966548,44.59664900022122],[-91.5291010001248,44.59619700009132],[-91.52892000037484,44.509439000301526],[-91.1660000003631,44.50986300018203],[-91.1656189996983,44.5969869998265],[-90.9223499997503,44.596292999767684],[-90.92266899959253,44.944428000192396],[-91.11090999989419,44.94433200009933],[-91.11100000030589,44.95207300010227],[-91.11981699985381,44.94644000022436],[-91.13662599966747,44.959272000010714],[-91.13665699962962,44.96600999988408],[-91.16192499968922,44.96630999994447],[-91.1657119995847,44.96625800008877],[-91.1655989996068,44.95179000027699],[-91.1759900002461,44.95170600001085],[-91.18402099997158,44.944857000116976],[-91.19885899993214,44.949064000162046],[-91.20133199992556,44.94418399969429],[-91.21791300013358,44.94270299991613],[-91.2271790001184,44.94906699972141],[-91.24036300041827,44.94939499976563],[-91.25204399977187,44.943606999841876],[-91.25555500038115,44.95128800006734],[-91.26222500034889,44.951180999694365],[-91.26011300003049,44.953698000182726],[-91.26629000007873,44.9533089998753],[-91.27058499996232,44.946343000204514],[-91.28435400024323,44.95074699980777],[-91.30124500007263,44.96565799976198],[-91.32833300037258,44.97853499997875],[-91.34212400039478,44.977511999823534],[-91.34704600009219,44.96655699972746],[-91.36803099996375,44.965923000145146],[-91.37073999995873,44.956781000004945],[-91.3782769999398,44.966223999790955],[-91.37840300033649,44.95537199975241],[-91.38736700019751,44.955413999760744],[-91.38742099972588,44.951756000305174],[-91.39870399959453,44.95897600021862],[-91.39854700013402,44.966223999790955],[-91.40754699998004,44.96612799992554],[-91.40389900000174,44.9516999998963],[-91.41787499997184,44.95524099975597],[-91.42044599987456,44.944385000263274],[-91.4329730002234,44.94795399985091],[-91.43330100028646,44.94431799993984],[-91.65102199979236,44.94282699997462],[-92.01456100012028,44.9444450001259],[-92.01474799971804,44.851697999876485]]]},"properties":{"NAME":"State Senate District 31","GEOID":"55031"}},{"type":"Feature","geometry":{"type":"Polygon","coordinates":[[[-89.48689299971115,43.008511000218796],[-89.4854969997933,42.94342000029289],[-89.36821199959287,42.94296599984554],[-89.3689029998791,42.917545000267786],[-89.36516799986214,42.910156000143665],[-89.3689880002679,42.9099580001642],[-89.36906899956044,42.85954400010065],[-89.35623400013834,42.85294000008332],[-89.36348099969118,42.84973800014165],[-89.36301899973381,42.845140999964805],[-89.05553599962234,42.847520000181255],[-89.06744000035532,42.856021999954166],[-89.05835099992251,42.86026300017267],[-89.05825999968592,42.854593999925264],[-89.04821100025168,42.86026499997162],[-89.04047799955374,42.854793999835216],[-89.05448600020921,42.85480500003209],[-89.0530569997811,42.847533999685425],[-88.77707599967889,42.842693999726485],[-88.7774089997648,42.94641299978897],[-88.82205900008893,42.948168000167996],[-88.79818000027444,42.990729999701465],[-88.80925100043099,42.98550499983423],[-88.81386799963157,42.98637899993154],[-88.81258300004181,42.99069700021066],[-88.81808600042058,42.97658699983814],[-88.8327030004482,42.97997399984722],[-88.83495999963326,42.9919120000648],[-88.82681500010497,42.995008999962],[-88.82744399956859,43.02218700032478],[-88.81866700020363,43.02121599987768],[-88.81487899958492,43.038119999765314],[-88.80858000023626,43.071420999968886],[-88.81610399979853,43.07200800021488],[-88.81555900000049,43.08637899979044],[-88.89356400018617,43.087861999770695],[-88.89096200032131,43.37192600006383],[-89.00882800030479,43.37163699989982],[-89.0091389997511,43.28482999992188],[-89.24540600036865,43.282114999988636],[-89.2441900003759,43.205990999758015],[-89.2500850003918,43.20957299993715],[-89.2540050003567,43.202310000061956],[-89.26381799978937,43.20229600003296],[-89.26405999963869,43.19504199976281],[-89.29647700024017,43.194672000246676],[-89.29237700035023,43.19015400021974],[-89.30441599990414,43.17730099970188],[-89.30469799993644,43.171380000211244],[-89.29479000006921,43.172032000134976],[-89.2947909998941,43.164772000012064],[-89.27515300043488,43.16505900017051],[-89.27539799975894,43.15604500013299],[-89.32450100015042,43.116963999941404],[-89.31628600030193,43.106539999843704],[-89.26671599993023,43.10555200007805],[-89.26657700001306,43.08489900023415],[-89.25523499969484,43.08562899974528],[-89.25538700003081,43.09226599992399],[-89.25219500016208,43.08632199979977],[-89.24696700014292,43.088057999744976],[-89.24711799975566,43.01994499984324],[-89.26678000040265,43.0193629997485],[-89.26708900019914,43.015055999871755],[-89.28368999960033,43.0156529998402],[-89.30711800022641,43.00856800030224],[-89.30458199958547,43.01855699971127],[-89.36530900032746,43.018249999930504],[-89.36483999979909,43.028495999944504],[-89.38172999980358,43.02679900004516],[-89.37957300017766,43.03104599986928],[-89.38971100019866,43.032857000328114],[-89.39514799955687,43.023606000298976],[-89.40510499982791,43.02457900010231],[-89.4081250001675,43.03139099973401],[-89.41689200038505,43.03146500025561],[-89.41355800022608,43.026808000112254],[-89.4303999996517,43.02318499969178],[-89.43529700013308,43.02456699979568],[-89.43486600013784,43.03164600021478],[-89.44501699967932,43.03167799996343],[-89.44714900008921,43.027885000147315],[-89.45789399983252,43.03177499983816],[-89.45831999980487,43.022597000081575],[-89.4615519998566,43.02256299975097],[-89.46115500019656,43.03106099981813],[-89.46798300034804,43.03184400019728],[-89.4663759996447,43.02705600020169],[-89.48386099967597,43.02666400019367],[-89.48689299971115,43.008511000218796]]]},"properties":{"NAME":"State Senate District 16","GEOID":"55016"}},{"type":"Feature","geometry":{"type":"Polygon","coordinates":[[[-88.07176600014064,42.75713000016372],[-87.84630100006612,42.755425999812445],[-87.84609900039976,42.71890000011168],[-87.84166999972354,42.71713199982672],[-87.8475949998767,42.71537900029881],[-87.81618300027914,42.71695900030466],[-87.81612899985245,42.709114999906795],[-87.80851700042665,42.707409999980435],[-87.79979500041496,42.71246999968988],[-87.80012400030293,42.71994000015757],[-87.79382199968292,42.71996599978687],[-87.79377900002521,42.71549099990122],[-87.77808200044726,42.71890900031315],[-87.78124699965349,42.749373999787174],[-87.77819399970193,42.7624230002167],[-87.75730500008981,42.781627000308966],[-87.79481799956766,42.807156000305554],[-87.82368699974991,42.83472300016013],[-87.82630600023153,42.84222899970712],[-87.95190400018973,42.84354599975338],[-87.94938099996756,42.93037200029051],[-87.96371099994002,42.93039400004755],[-87.96856400004044,42.95939599975243],[-88.0083239995559,42.9592550000484],[-88.00807400020896,42.969939000222844],[-87.998080000128,42.97047200006282],[-88.00209399980422,42.98831699967625],[-88.04219499980151,42.98808599971401],[-88.0473900002087,42.980828000076905],[-88.06862000030266,42.980960000068215],[-88.07176600014064,42.75713000016372]]]},"properties":{"NAME":"State Senate District 21","GEOID":"55021"}},{"type":"Feature","geometry":{"type":"MultiPolygon","coordinates":[[[[-92.88943299967748,45.64120199999306],[-92.88252900025634,45.610215999933196],[-92.8864419996502,45.598678999772865],[-92.88374900044705,45.57548299996591],[-92.87108200035615,45.567580999775316],[-92.82330899976026,45.56093400004966],[-92.77022299965472,45.56693900008903],[-92.72608200004194,45.54111199986002],[-92.7266770000687,45.51446199991597],[-92.71286299958199,45.50484899980765],[-92.68023400016672,45.464343999753254],[-92.65354900027289,45.455346000007324],[-92.64660200029572,45.44163500021831],[-92.65042000015333,45.39850999984103],[-92.66410400004541,45.39330800017305],[-92.67918700022835,45.37270999991087],[-92.70272299991116,45.35846800023376],[-92.69896699997781,45.33637400018176],[-92.7086749998285,45.32252499993609],[-92.73712100041146,45.30045900018445],[-92.76200399960828,45.28821299995284],[-92.75192000001394,45.26587700021159],[-92.76026399973387,45.25171700025237],[-92.75170800030183,45.21866600001898],[-92.75800800037374,45.20956600007934],[-92.15646499992688,45.20955400009256],[-92.15488800025909,45.63974200004175],[-90.67874900043958,45.63826399994511],[-90.67696799965898,45.98155399998623],[-89.92883700025781,45.98196699978254],[-89.92915799974986,46.29974799984219],[-90.12143000034452,46.33742499976865],[-90.11798400003256,46.34150499969934],[-90.12363499965103,46.34637400011397],[-90.11735700021876,46.3495969998908],[-90.11725699976134,46.356282999761795],[-90.13398600010736,46.37178900026254],[-90.13217699973767,46.381119999764145],[-90.158368999712,46.40945399996268],[-90.15729800038248,46.42112199994373],[-90.16741999961165,46.441705000015645],[-90.1783500002012,46.44046499984289],[-90.17849199959312,46.45764399969355],[-90.19079200016122,46.45981599969995],[-90.19361400013412,46.463379000082234],[-90.18887300018667,46.4689799997468],[-90.20421199956434,46.47830899981378],[-90.21663699980593,46.5016370000446],[-90.23091800027288,46.501528999911606],[-90.23097000015142,46.509841999697805],[-90.26154800024595,46.502561999741765],[-90.26656700002775,46.50785500000962],[-90.27255099973213,46.5045119998336],[-90.27044099996188,46.51168300013092],[-90.27762300011568,46.51481000023606],[-90.27179599987181,46.51926500010745],[-90.27694000022538,46.52444700021029],[-90.28446399978765,46.51871500018894],[-90.29458900028817,46.521659999923905],[-90.31655400015096,46.51689599992806],[-90.30944099959412,46.53728499990318],[-90.3322299998125,46.55343199995757],[-90.34353299977266,46.552454999877654],[-90.33940399957041,46.54928799993986],[-90.34680599983226,46.54934999970713],[-90.35068399996435,46.5403249999909],[-90.36822900027005,46.54113200007919],[-90.39326200015302,46.53243300011486],[-90.39221600003957,46.536047999901484],[-90.4150439997177,46.557672999709936],[-90.41839200012036,46.566099000200886],[-90.43943100041861,46.56147800027104],[-90.50572000019228,46.58971600006235],[-90.53696600010849,46.581133999696284],[-90.55155999967158,46.58408999999063],[-90.62963500017747,46.6249310001416],[-90.75820800026942,46.70527100026504],[-90.7013000001083,46.666762999948915],[-90.70499800031533,46.66636300021965],[-90.69022300010397,46.660247000279725],[-90.71426199975201,46.667301999900594],[-90.75410900020441,46.6690410000572],[-90.76369999987922,46.65997299991328],[-90.74172199959764,46.66449999973384],[-90.72034199971587,46.66149299979994],[-90.74338299982934,46.66017300005211],[-90.74018400028793,46.654524999728885],[-90.79275599965924,46.62587500014005],[-90.82477300022761,46.61916199975802],[-90.86687299966708,46.60191399980078],[-90.87618899988061,46.6039399998299],[-90.87721499990259,46.598548000122484],[-90.88250300019622,46.60308600004204],[-90.87841699965166,46.59840799992623],[-90.88829799975473,46.59584899972424],[-90.88556199999556,46.59319900003724],[-90.88946299969388,46.59088400028625],[-90.8954709996877,46.59252800024018],[-90.89303799987725,46.5898849998774],[-90.89696700006296,46.58724500005896],[-90.90316199965454,46.588596000284625],[-90.90671099989866,46.58310599976407],[-90.94454999978973,46.58768800007432],[-90.95165999997351,46.60075900001725],[-90.93850800035902,46.60843600019732],[-90.9212869999184,46.628305000142355],[-90.91102500004884,46.663632000119904],[-90.88391500000758,46.66765900024022],[-90.88140199983118,46.67499900020817],[-90.8537570000376,46.69344999996894],[-90.85298700010866,46.70010399977948],[-90.87438899973175,46.72996800022851],[-90.88513000017542,46.75646199974651],[-90.86236600007139,46.76821699994288],[-90.85928700018056,46.7738699997764],[-90.86377700005782,46.78028099983386],[-90.85690299987557,46.78899599988457],[-90.83576099964517,46.7896199998887],[-90.82536599970624,46.80432199999194],[-90.8125630000712,46.80800500005556],[-90.81187199978496,46.813624000095025],[-90.79827599975644,46.824241000169174],[-90.78507399991322,46.84227900025389],[-90.78879399986155,46.853016999829464],[-90.77023699977758,46.87442799988104],[-90.77694699992828,46.88487999996983],[-90.75836499972995,46.88340300019571],[-90.75114300029148,46.887599999879356],[-90.75142600014868,46.89452700027867],[-90.76180900039208,46.90464199999212],[-90.78273200033937,46.9109030002508],[-90.78357800043628,46.92216699973174],[-90.79279699966712,46.93442499976053],[-90.80336099966047,46.93816299981862],[-90.81401800043857,46.93145900016274],[-90.82483799962662,46.9330319999534],[-90.83062600041076,46.93620299973352],[-90.82848899997799,46.945864999963625],[-90.8328750000982,46.95503599977379],[-90.8559890000066,46.96240299991992],[-90.87964000021543,46.95824699980837],[-90.88283999958179,46.950084000188355],[-90.90817200011381,46.94153600023805],[-90.92054499957855,46.93149400030109],[-90.97147200040833,46.942896999879096],[-90.99553699999565,46.917555000258076],[-91.03481700001038,46.90325900018456],[-91.03812400040516,46.89179800026762],[-91.04981700035265,46.88317600015909],[-91.06505299979816,46.878482999837026],[-91.09125700036637,46.882871999793004],[-91.09725600013937,46.86125400001088],[-91.10770200013195,46.85706300008803],[-91.13547800034507,46.85922899989336],[-91.13378799980106,46.871250999781104],[-91.13921300036203,46.87337299990825],[-91.15037700040502,46.85704100002181],[-91.1909360001617,46.84853700023857],[-91.20484099998671,46.85989699998316],[-91.19374899991375,46.87377900016823],[-91.18149799974944,46.880519999818034],[-91.1809110001186,46.885630000038056],[-91.1870710004484,46.88635399983294],[-91.20472899983372,46.86917299993387],[-91.23208599974718,46.860807000068185],[-91.25722499993536,46.83662299994352],[-91.31375499980473,46.82755200012833],[-91.33822899964595,46.81781899973222],[-91.36976099979243,46.79360499974553],[-91.38857399996945,46.789108000007964],[-91.40781300011882,46.794828999738954],[-91.43937799987728,46.775857000036844],[-91.49276199990865,46.766556000267094],[-91.5117530003609,46.75728899980932],[-91.58942700011048,46.75452199987584],[-91.64786000006086,46.73402999986512],[-91.72964100027137,46.71510499977521],[-91.79664100042275,46.693309999937625],[-91.8389359998559,46.68944800021455],[-91.86646500019684,46.69205799971893],[-91.94815900036872,46.68006400023771],[-91.988224000381,46.693535999852195],[-92.008825000113,46.70641800001315],[-92.00642800028757,46.71025900015218],[-92.01698800008297,46.704440000072466],[-91.97338399987231,46.685268000127316],[-91.98299600036185,46.68030600002716],[-91.9923779997993,46.67999000001949],[-91.98998199979876,46.684067999884455],[-92.00378600023974,46.68166199996251],[-92.01493699986393,46.68399300002414],[-92.01293000002582,46.69742299983214],[-92.0143359999894,46.68781500026648],[-92.01824900028157,46.700562000275966],[-92.01849299978073,46.691770000287114],[-92.02356500016428,46.69417599981164],[-92.02375099993712,46.702465999765046],[-92.02463999969174,46.69576899995334],[-92.02448300023121,46.70285299977339],[-92.02482299998985,46.69468199999843],[-92.03024699982758,46.69653899969719],[-92.02626599976334,46.69953099990212],[-92.03486800012443,46.6968189999064],[-92.02763999993986,46.702189000077325],[-92.03429800021203,46.700047000035],[-92.03143299968313,46.703381999922996],[-92.03694600010763,46.70676699999322],[-92.04059800028394,46.70375599988796],[-92.03924699967362,46.70843200018039],[-92.04829400027363,46.70947899986939],[-92.04523299992616,46.712502999811264],[-92.04956700016783,46.71049700012457],[-92.06347500036587,46.720680000152186],[-92.04942300022778,46.71493800017533],[-92.06375700039817,46.72071999989254],[-92.07060599956775,46.72541099991358],[-92.06913199983212,46.72909400017148],[-92.07478099980075,46.7286010002855],[-92.07135600030351,46.730965000036655],[-92.07831300032643,46.73089800020169],[-92.07693599977685,46.734889000094746],[-92.10113799963153,46.74905900011489],[-92.09885200013416,46.73787900026977],[-92.10112799958578,46.74291499971257],[-92.10465400026368,46.73589899995669],[-92.10642400027531,46.74514699999216],[-92.1099929997126,46.73920300008109],[-92.11466699971288,46.742595000268764],[-92.11130900016279,46.74382500027342],[-92.122355000205,46.74057400000095],[-92.1224759996805,46.733387999717095],[-92.12469500012904,46.7398679997458],[-92.1271639999245,46.73122600021763],[-92.14333800042674,46.73159600024424],[-92.13497399971703,46.72890200003847],[-92.13900900020795,46.728390999821166],[-92.13429199965165,46.72283000003972],[-92.14673000031202,46.71579400015771],[-92.16729099986108,46.71994100006151],[-92.19149100006591,46.71624100006402],[-92.2046910002593,46.704040999991335],[-92.2051919996764,46.698340999773045],[-92.182999000208,46.695651999937134],[-92.17587499978049,46.68646599991195],[-92.20409200003459,46.666941000088144],[-92.20159200027699,46.65664099998668],[-92.2070920002827,46.651941000061356],[-92.24249300034045,46.64924099984774],[-92.25659200033422,46.65874099993269],[-92.27059199969545,46.650741000299746],[-92.27439200000974,46.65744099977644],[-92.28619200008734,46.66034200015684],[-92.28739200018659,46.66734300024767],[-92.29219199968526,46.66604199987275],[-92.294032999842,46.07437700003594],[-92.33291199999876,46.06269700016009],[-92.35176000033587,46.01568500018976],[-92.37271699972003,46.014197999986074],[-92.41189600035075,46.027478000301784],[-92.42855500037658,46.024240999832244],[-92.44225900036012,46.01617699984269],[-92.45337300017438,45.99291300023007],[-92.46451200010301,45.98503800021645],[-92.46158399982491,45.9788939999129],[-92.46976500023652,45.9735690001656],[-92.52705199961602,45.983245000140705],[-92.54980599967432,45.96798600019629],[-92.55193300006134,45.95165099979701],[-92.61431399956568,45.934528999887995],[-92.63882400029024,45.93416599989237],[-92.63911999966793,45.92455800014451],[-92.65954899987081,45.922937000227435],[-92.67616699988875,45.91207200001791],[-92.6773519999194,45.90581799969988],[-92.71250299973185,45.89170499968864],[-92.73822000022837,45.86203099988928],[-92.73999100006492,45.84628299994091],[-92.7651460001466,45.83018300012579],[-92.75781500002988,45.80657399991358],[-92.77648199971873,45.790003999828905],[-92.78461700009957,45.76419899975649],[-92.80983699958028,45.744172000141106],[-92.8691929996205,45.71756799979607],[-92.87014500002262,45.6967569997031],[-92.88943299967748,45.64120199999306]]],[[[-90.44450499955366,46.90646300027054],[-90.44450499955366,46.90646300027054]]],[[[-90.46979199987985,46.989196999992544],[-90.45970599973738,46.996982999727734],[-90.43329600020316,47.00092900003299],[-90.42176700028722,47.012512000163696],[-90.40955499958262,47.016884999887786],[-90.4032860003712,47.026659000149145],[-90.40734400042835,47.03816600013012],[-90.39458899957556,47.059020000217544],[-90.39338500017666,47.07578399969659],[-90.40877200013323,47.07381100009854],[-90.41727800023483,47.07746400010115],[-90.44914900031505,47.065940000152295],[-90.45707999958309,47.04397500005209],[-90.45729600039147,47.013537000241406],[-90.46979199987985,46.989196999992544]]],[[[-90.51707199965792,46.87618399988205],[-90.50018000000358,46.87110599992211],[-90.48416200003527,46.87229999983226],[-90.44867899996176,46.897133000185846],[-90.45097500040319,46.89973100025772],[-90.4965760004062,46.88617799991679],[-90.51707199965792,46.87618399988205]]],[[[-90.57561799958621,47.03340300029945],[-90.57002700024219,47.02631500021653],[-90.56450600032007,46.99534499971105],[-90.55222500001854,46.99997900001663],[-90.5464839999884,47.00532700021283],[-90.54566200018093,47.01768800010611],[-90.56694800035137,47.031712000168056],[-90.56266500016332,47.040714000232846],[-90.57561799958621,47.03340300029945]]],[[[-90.59085399993002,47.06557099983726],[-90.58943100024801,47.05894499987893],[-90.58353700005699,47.069250000084125],[-90.58666799982636,47.075732999853365],[-90.59085399993002,47.06557099983726]]],[[[-90.6272500000476,47.00288899992384],[-90.61771700009908,46.989713999935695],[-90.60252099993824,46.999228999905796],[-90.610509000006,47.008467000254015],[-90.6272500000476,47.00288899992384]]],[[[-90.65207799989115,47.030910000121374],[-90.64185000035678,47.02538599998398],[-90.63711400043219,47.037747000129535],[-90.6453080003643,47.04040900022174],[-90.65207799989115,47.030910000121374]]],[[[-90.65480899962742,46.919534999887894],[-90.64334300035898,46.907668000233315],[-90.63618200012155,46.906557000194624],[-90.61501599960171,46.91221600020547],[-90.60865299978062,46.921058999882305],[-90.59010699956731,46.91552799985719],[-90.56751700043884,46.924858999875816],[-90.55144000002099,46.91714700023457],[-90.55210600019284,46.90801699981559],[-90.54429700022523,46.90847099977877],[-90.53838200011779,46.91220999988248],[-90.54582899968719,46.91872299982373],[-90.54488899987894,46.93095500017394],[-90.52489099967126,46.933629999697025],[-90.52259299958004,46.944028000278045],[-90.50767799962658,46.95822500015262],[-90.52959099961083,46.96872900015518],[-90.5525100004239,46.960501000260486],[-90.59855800031565,46.95340300010894],[-90.63677100030054,46.94218900010126],[-90.65480899962742,46.919534999887894]]],[[[-90.67846700040728,46.9563509998443],[-90.6721899999016,46.94985600020152],[-90.66132200013465,46.95338799979506],[-90.63672100007183,46.96889700025914],[-90.63414599997114,46.979742000282826],[-90.65469099962667,46.97658700006503],[-90.67846700040728,46.9563509998443]]],[[[-90.69300300024405,47.02608100019882],[-90.67893900041038,47.019318000282716],[-90.6695970002576,47.04185900009997],[-90.64677999955178,47.054576000208655],[-90.65725200038194,47.05287799973355],[-90.66550400004036,47.04532600009664],[-90.68799000031005,47.043869000284324],[-90.69300300024405,47.02608100019882]]],[[[-90.70276799999615,46.88452300013415],[-90.68543899960049,46.87990900029324],[-90.67320800042599,46.883814999907344],[-90.66744099955827,46.89135500005654],[-90.67790599981741,46.89585800023761],[-90.70276799999615,46.88452300013415]]],[[[-90.71189300041398,46.98826400020845],[-90.70678599987032,46.98343300010599],[-90.69499900021151,46.98359199984996],[-90.67003599975043,46.999947999928224],[-90.67918299990954,47.00645000028564],[-90.69551999972009,47.00832800028228],[-90.7032070003873,47.004193999705],[-90.71189300041398,46.98826400020845]]],[[[-90.73195099999776,47.07780499995478],[-90.72962199994438,47.06427899979832],[-90.72197299981033,47.06320900016461],[-90.72296700004526,47.07576900007163],[-90.72921500023861,47.08077000003276],[-90.73195099999776,47.07780499995478]]],[[[-90.76366100041949,46.831935000095015],[-90.74935400001326,46.8342590003026],[-90.73276899960729,46.847561999961506],[-90.72061399970242,46.86521099974405],[-90.72635100043294,46.872312999974184],[-90.73509900038388,46.87305399978633],[-90.74896999987371,46.862964999737315],[-90.76366100041949,46.831935000095015]]],[[[-90.76485499977262,46.94707399970651],[-90.75407499986922,46.929599000305245],[-90.73668500027252,46.91396399982421],[-90.68933500017424,46.918383000068175],[-90.69365799964694,46.93575300029026],[-90.71530799986546,46.95855000013859],[-90.74277699993193,46.96354800015699],[-90.76485499977262,46.94707399970651]]],[[[-90.7766029999717,47.024018000121416],[-90.76605499987187,47.0018329998924],[-90.74814200021845,46.99963700004169],[-90.73909399979352,47.01201699986728],[-90.745697999639,47.026580999739316],[-90.75933499967542,47.03491200019326],[-90.7766029999717,47.024018000121416]]],[[[-90.79165099999454,46.785052999873315],[-90.78205399957362,46.76953599992174],[-90.78930900042067,46.75957200015824],[-90.78818200011638,46.75302399994549],[-90.7656120001811,46.75439399969855],[-90.71805200002055,46.78515099971468],[-90.69894000009278,46.781934000113],[-90.65721899987167,46.788711000205446],[-90.65289300002593,46.79794199996329],[-90.6693660002789,46.799047000241515],[-90.67450700025944,46.80362500013676],[-90.67362799965224,46.81989999999282],[-90.61470099995745,46.837716999866615],[-90.57926999976247,46.84111799999828],[-90.56884999970917,46.848132999964136],[-90.60324200036167,46.8731700001617],[-90.62101799974778,46.873665999743345],[-90.65697799984724,46.843579999917765],[-90.7167039997833,46.81900699973343],[-90.7281940002395,46.81046999991775],[-90.73259500042833,46.800497000257764],[-90.79165099999454,46.785052999873315]]],[[[-90.80594199960895,46.971855000264384],[-90.7897250003473,46.969995000007366],[-90.7844959996049,46.97823399989106],[-90.79635799960681,46.98035799994342],[-90.80594199960895,46.971855000264384]]],[[[-90.81082999986947,46.728706999886896],[-90.78523799994475,46.72597399999716],[-90.76534199984437,46.711478000162344],[-90.78179300035603,46.728607000198785],[-90.81082999986947,46.728706999886896]]],[[[-90.8785310003528,46.98900399991713],[-90.85901699984382,46.975964999940324],[-90.85121100024922,46.98500400025184],[-90.86941099995786,46.98557999970349],[-90.87653899968498,46.99179099992495],[-90.8785310003528,46.98900399991713]]],[[[-90.98340700020516,46.98306499975575],[-90.97945600027815,46.97156900015501],[-90.97211299956751,46.971623999964756],[-90.96582699973935,46.96219099993197],[-90.93403199982713,46.96243800006268],[-90.9309050002557,46.96855400017535],[-90.93470700021982,46.98187500030166],[-90.92363199986531,46.98870099989466],[-90.9312640002809,47.00183699974395],[-90.93767300013275,47.00355199993349],[-90.93761399968321,46.99684299999198],[-90.9446820000342,46.9918259998321],[-90.97139200004239,46.9890619997114],[-90.98340700020516,46.98306499975575]]],[[[-91.04020599968803,46.943240999773174],[-91.03525300002846,46.93986399985322],[-91.03205699996178,46.94623199972339],[-91.04020599968803,46.943240999773174]]],[[[-92.11154500016434,46.74888600024623],[-92.11154500016434,46.74888600024623]]]]},"properties":{"NAME":"State Senate District 25","GEOID":"55025"}},{"type":"Feature","geometry":{"type":"Polygon","coordinates":[[[-88.77780899979788,42.91559999967298],[-88.77092899976786,42.906865000218254],[-88.76292399998167,42.914256000170326],[-88.72755300006116,42.91096999973688],[-88.7223109997983,42.90400299976936],[-88.71527699978247,42.901638000271355],[-88.71456200010512,42.90577600011466],[-88.6980930000501,42.893994000309945],[-88.6735439998658,42.899085999690364],[-88.66860799992469,42.89507099998573],[-88.66012100008965,42.901788000281066],[-88.6592790001907,42.84254100004272],[-88.42410200006753,42.84258700003911],[-88.42427299977174,42.878759000329154],[-88.39032500043157,42.87565299969494],[-88.38526200026885,42.89343699979334],[-88.35533299972943,42.87651300032552],[-88.3553450003233,42.88288400026809],[-88.33556700022369,42.88256900008673],[-88.32732899991065,42.87522299982258],[-88.31473100031502,42.885790999846186],[-88.3109490004424,42.87534599999559],[-88.30614900004542,42.875701000003076],[-88.30656699962185,42.91457399972168],[-88.29746999969144,42.91468100030859],[-88.29753099979081,42.921966999897734],[-88.28762399974848,42.92209000027163],[-88.28754000008291,42.92961399967545],[-88.30684199998146,42.929992999833544],[-88.30372100025782,43.104957000277466],[-88.18573399990053,43.10466199968138],[-88.18222800021245,43.1925710002703],[-88.13640899975121,43.19200300025611],[-88.14268200005893,43.196060000295404],[-88.14262699980735,43.20907700025638],[-88.1621959996696,43.22137100018286],[-88.16229799977685,43.20842600028338],[-88.16860000039686,43.21107600005945],[-88.1821699995878,43.20709699980482],[-88.18166400014785,43.28078400012969],[-88.1888069999436,43.280804000019764],[-88.18723500029866,43.288059000140514],[-88.19156899964203,43.28805399978401],[-88.18918600006026,43.28080499994866],[-88.3004309995815,43.28135099989205],[-88.29931599987107,43.32855299971297],[-88.3093640003787,43.3247099997264],[-88.3092880002107,43.32822499996544],[-88.31923100023805,43.328752000218635],[-88.31877299958032,43.34633299991948],[-88.32622000004801,43.346396000033124],[-88.32609899967417,43.353652000010335],[-88.31655499985503,43.357566000042944],[-88.31850599961662,43.353579999897356],[-88.30625100015267,43.35372300000182],[-88.30635599973465,43.34829500029923],[-88.29889200044686,43.35020300014017],[-88.29857699990427,43.36953299997793],[-88.53628399992226,43.37061500016814],[-88.53735599997498,43.28302100024269],[-88.6560699997052,43.28447200025923],[-88.66016299992243,42.97440899977235],[-88.77715100002193,42.97543300001372],[-88.77780899979788,42.91559999967298]]]},"properties":{"NAME":"State Senate District 33","GEOID":"55033"}},{"type":"Feature","geometry":{"type":"MultiPolygon","coordinates":[[[[-90.0465199999432,45.30212499987556],[-90.04368499955152,45.12021400008654],[-89.84448400031967,45.12009099988214],[-89.84447300044901,45.03276199989053],[-89.72702300039215,45.03227400021839],[-89.72705699982903,44.973031999938165],[-89.66090600014762,44.973500999778416],[-89.66084500004825,44.97716099996276],[-89.66609499980873,44.97715799996558],[-89.66271200014428,44.98080600008361],[-89.66621700000745,44.98079400022121],[-89.66659399957601,44.988111999923234],[-89.6574620003838,44.98870899975517],[-89.66613699964152,45.000007999819445],[-89.65855100015496,44.99899199988543],[-89.65840200019205,44.995368000215834],[-89.64922200042098,44.99902499998253],[-89.6461130003929,44.988664999959596],[-89.63123100005143,44.99364099977776],[-89.63366800005983,44.98818900012737],[-89.62126299990973,44.988607999986485],[-89.62742999991221,45.001341000207915],[-89.61091300017662,45.0033890002452],[-89.61076599986353,45.032270000047795],[-89.4921990004464,45.032342999784554],[-89.49175699968221,44.94566200031364],[-88.98131900005535,44.942745000294096],[-88.98218400041884,45.118026999705876],[-88.3616189995576,45.11454700028895],[-88.36482600039326,45.02780699976735],[-87.94299499968197,45.020418000271285],[-87.94443599980562,44.993057000267356],[-87.76007099998621,44.990530000034],[-87.76263500021624,44.96563999997936],[-87.70231699972817,44.973975999924036],[-87.65646300000515,44.971411000189605],[-87.63027699987862,44.97678099991456],[-87.62342799981072,45.00213100020788],[-87.62509599971511,45.04744300005004],[-87.62147299985115,45.05563899989412],[-87.60839300020669,45.07752799997339],[-87.59889299987013,45.08353100017261],[-87.59392900033993,45.08456300000266],[-87.58247400004382,45.07159000014539],[-87.57752100038428,45.0718179999022],[-87.58961299964162,45.0894909998745],[-87.59009300004064,45.094591999844184],[-87.58498300002226,45.096491000151104],[-87.65995199997481,45.10751200031465],[-87.6839019999344,45.144134999969786],[-87.73643400002108,45.17306600005859],[-87.74173200036043,45.19820100008516],[-87.72619800009079,45.209390999757474],[-87.72695200012619,45.21894900014874],[-87.72135400021119,45.22684699988598],[-87.72499200014376,45.23213999997451],[-87.71133900021383,45.23996500019021],[-87.7104499995609,45.259323999974],[-87.69878000007793,45.26941999989074],[-87.69824799980037,45.281511999802],[-87.6874989998591,45.2980550001359],[-87.67188900031978,45.30810600014464],[-87.66171100011582,45.32073600017289],[-87.66160300016077,45.327607999765014],[-87.64812599995794,45.33939599982396],[-87.64772900029791,45.35072099995486],[-87.65644700011164,45.35841300026311],[-87.65735000010996,45.368754000076315],[-87.67351299984324,45.376945999767386],[-87.67501699971609,45.38245399982242],[-87.69395600028982,45.389892999795386],[-87.71889100026351,45.377462000012315],[-87.7388230003489,45.356850999734185],[-87.75092800002504,45.35503700005625],[-87.75410400000025,45.34944200003131],[-87.83261200015119,45.3522489999908],[-87.85013300016745,45.34043499993416],[-87.8504179996745,45.34749200014474],[-87.86348899999648,45.353020000259406],[-87.86916700027741,45.36604899974477],[-87.87584499974275,45.36501700023058],[-87.87036700037666,45.356267000218224],[-87.88111399976981,45.351277999888545],[-87.88805200042447,45.3546969998267],[-87.88485499963454,45.36279199974124],[-87.87148499956182,45.37154600012985],[-87.87542399979328,45.37937300018177],[-87.85941800041884,45.3882270001685],[-87.85913100036366,45.39896700011047],[-87.84932200023064,45.40387199975319],[-87.86169700024352,45.43447300008133],[-87.83121700005826,45.45718499994009],[-87.81297600034178,45.464159999925776],[-87.79276899989675,45.4999670000331],[-87.8022409997459,45.51305899992925],[-87.8033899997915,45.53827199977372],[-87.8336900000517,45.5615559998698],[-87.82934800031244,45.56877699983779],[-87.79237200023672,45.56305500003462],[-87.7867659999258,45.58282800031184],[-87.77719899964208,45.588498000198506],[-87.77468200016605,45.602024000201084],[-87.7808449999706,45.614599000008404],[-87.79587999957465,45.618845999921376],[-87.81019500037678,45.638732000041024],[-87.82439200027983,45.64771000011407],[-87.82419100043839,45.66204399972286],[-87.78162300029544,45.67328000025853],[-87.7822259998198,45.683052999898706],[-87.80907499974518,45.69971700021143],[-87.80508100016044,45.70497399992166],[-87.81014400032315,45.71022999973078],[-87.8373449997027,45.71691799984065],[-87.8554800000123,45.72694299970459],[-87.86432000002478,45.7371389999014],[-87.86221100007941,45.745018000147766],[-87.87689800042723,45.75437900015843],[-87.89836299979952,45.752502999930975],[-87.90665999966374,45.759524000086664],[-87.96345200037224,45.758220000235234],[-87.96696999975592,45.7640210002013],[-87.98965600004213,45.772024999819756],[-87.98086999955804,45.77697699972485],[-87.99144699997018,45.795393000120214],[-88.03972799965587,45.789626000028015],[-88.04093699997595,45.78426500012157],[-88.0499600002865,45.7811930000741],[-88.07216699999863,45.78008500009517],[-88.09475399965235,45.78575499995652],[-88.1032129998983,45.791254999724856],[-88.10760800023935,45.80303999979519],[-88.1301289997708,45.8097079997687],[-88.13451700043916,45.82245699989979],[-88.10519600034529,45.84241300022369],[-88.0824649998532,45.86496100022488],[-88.07482800031303,45.86490500029188],[-88.07583800044148,45.869630000284324],[-88.06976299960218,45.87293800028084],[-88.08181999959774,45.8802009998346],[-88.10126399978653,45.88228199995993],[-88.10662400005016,45.902212999945746],[-88.09492699990471,45.91532300016048],[-88.10246100041104,45.921546000240824],[-88.12665400004487,45.92179099990445],[-88.12680800003065,45.925993999895454],[-88.147650999612,45.93742700001932],[-88.17008900020113,45.9394919998019],[-88.19205800026188,45.95265099984359],[-88.20990399996815,45.94422100024619],[-88.23710600007094,45.948278000159654],[-88.2448330000228,45.952863999896536],[-88.24689400028755,45.96353200028128],[-88.29384900037562,45.95094100025925],[-88.32030800031364,45.96365699984248],[-88.3272760002072,45.9549570000979],[-88.33027800010515,45.96583500016157],[-88.38050299987974,45.99176499984076],[-88.38864400010839,45.98262300017669],[-88.41638099996347,45.9750919997559],[-88.43476200032033,45.9883399998429],[-88.45003700012391,45.99011200007033],[-88.45867200009697,45.99951400026377],[-88.47077199975023,46.00099800001068],[-88.475205999551,45.99312899969222],[-88.48935499977348,45.991367000209806],[-88.49797800005096,45.9957939998476],[-88.50636399960368,46.01760999984213],[-88.51469200032837,46.020018999995465],[-88.53368600025536,46.021149999945386],[-88.53943200030838,46.014470000066574],[-88.54915100002972,46.01288399981555],[-88.56566299974246,46.015679000045246],[-88.58827000038596,46.00509800018854],[-88.59354799973553,46.0147699999525],[-88.60117799960301,46.01776999975716],[-88.61271200044015,46.004461999888036],[-88.61595700001234,45.98789600007017],[-88.6385460002142,45.98506099977577],[-88.67082700037322,45.98854700003789],[-88.6634829998377,45.99270200025067],[-88.67886800014443,46.013595000305706],[-88.7037110000566,46.0182930001132],[-88.71831399984052,46.01318200005619],[-88.7212610003852,46.02222099990837],[-88.73897999986985,46.02745900015203],[-88.75896800003176,46.01963300028837],[-88.77062099979628,46.02556099991459],[-88.76980099963863,46.018943999936056],[-88.78015600029293,46.015394999946544],[-88.78393999981537,46.02384399977297],[-88.77873899956039,46.031690000084744],[-88.78929199968309,46.02845500011909],[-88.79649700030143,46.03365800021833],[-88.8006699999863,46.03003600025845],[-88.7964599995932,46.02360599996688],[-88.81602599998072,46.020585999958406],[-88.81908399995517,46.02631400001603],[-88.83909100038365,46.02997600001237],[-88.85082199996597,46.04031200000746],[-89.09163800001203,46.13844699999744],[-89.92915799974986,46.29974799984219],[-89.92883700025781,45.98196699978254],[-90.0439580002613,45.98194800022528],[-90.04222199968653,45.37496500028529],[-90.0465199999432,45.30212499987556]]],[[[-87.5063109998398,45.05956099998634],[-87.49015899997718,45.05492899973844],[-87.49632500015477,45.06099499979041],[-87.5063109998398,45.05956099998634]]]]},"properties":{"NAME":"State Senate District 12","GEOID":"55012"}},{"type":"Feature","geometry":{"type":"Polygon","coordinates":[[[-89.48376600013971,43.093810000195994],[-89.46996400024686,43.08066299975969],[-89.46086800014137,43.081125999768695],[-89.4636010004258,43.07531400002272],[-89.43620500015427,43.07416499978169],[-89.43796900031812,43.05531400026735],[-89.45861600008088,43.03958299998373],[-89.44360200039323,43.03492699995876],[-89.44512700018248,43.03167699988945],[-89.43486600013784,43.03164600021478],[-89.43227299959551,43.02343700014625],[-89.41355800022608,43.026808000112254],[-89.41689200038505,43.03146500025561],[-89.40475599984845,43.03072199994925],[-89.40510499982791,43.02457900010231],[-89.39514799955687,43.023606000298976],[-89.38971100019866,43.032857000328114],[-89.37957300017766,43.03104599986928],[-89.38172999980358,43.02679900004516],[-89.36483999979909,43.028495999944504],[-89.36530900032746,43.018249999930504],[-89.30458199958547,43.01855699971127],[-89.30711800022641,43.00856800030224],[-89.28368999960033,43.0156529998402],[-89.26708900019914,43.015055999871755],[-89.26678000040265,43.0193629997485],[-89.24711799975566,43.01994499984324],[-89.24696700014292,43.088057999744976],[-89.25219500016208,43.08632199979977],[-89.25538700003081,43.09226599992399],[-89.25523499969484,43.08562899974528],[-89.26657700001306,43.08489900023415],[-89.26671599993023,43.10555200007805],[-89.31628600030193,43.106539999843704],[-89.32504000010069,43.12105299997632],[-89.35501200029779,43.12154399992473],[-89.34956699964535,43.13618200020385],[-89.37237500013033,43.14094900026387],[-89.37049299996569,43.14485899992028],[-89.37553799968674,43.14833100030347],[-89.39656699993924,43.145748999681196],[-89.37433500011277,43.12414600005881],[-89.37974899990476,43.11903600025759],[-89.42265799963124,43.11910300021418],[-89.42324400033546,43.10438000026817],[-89.48296600007355,43.10445999983834],[-89.48376600013971,43.093810000195994]]]},"properties":{"NAME":"State Senate District 26","GEOID":"55026"}},{"type":"Feature","geometry":{"type":"Polygon","coordinates":[[[-91.16624499968718,44.3053310001922],[-91.16554799955318,44.24744500009906],[-91.15356300042596,44.24758300021473],[-91.15184500029287,44.070994999686214],[-90.91291800008412,44.07152199972844],[-90.91319599991847,44.02883900024333],[-90.7916829997816,44.02899999976491],[-90.79173999968302,43.98586900012646],[-90.67136100042144,43.985752999969606],[-90.67010900044367,43.899044000298495],[-90.5516590003041,43.8992410001993],[-90.55245500017232,43.725648999918306],[-90.26909600009768,43.731533999961485],[-90.26795600027287,43.72301899979439],[-90.26139599991,43.724435999814006],[-90.26605900003963,43.729229999962655],[-90.26137300034377,43.731521000218855],[-89.9551310003394,43.73102700011886],[-89.95500699959253,43.78442599988954],[-89.92072199996845,43.76745100032189],[-89.87779899999826,43.773465000130635],[-89.87785800044782,43.76751200020858],[-89.85083999956974,43.76748699980522],[-89.8489859998925,43.76309699974217],[-89.86513199990735,43.78341400021625],[-89.88977800017602,43.796714000257836],[-89.90184600004224,43.813266000189756],[-89.91369600034857,43.81841400004499],[-89.8777520001426,43.818514000027946],[-89.87772600020334,43.847443000042134],[-89.85774800008717,43.84739699985721],[-89.85770500042946,43.85478700024233],[-89.8373339999529,43.85464199987483],[-89.8374889997636,43.89425299986154],[-89.7166850003546,43.89439700018836],[-89.71733100043498,44.1557589996915],[-89.59769899973952,44.15607300011192],[-89.59797999994692,44.24572500005862],[-89.48754200016455,44.244042999744366],[-89.48777499979306,44.33863200030157],[-89.34571500035085,44.33124100004337],[-89.3455150003343,44.41784900025562],[-89.22366800028658,44.41744299979274],[-89.2233310000027,44.50398399991398],[-89.34532899966314,44.50406300018888],[-89.34524599982247,44.54754100023541],[-89.48938800034416,44.55623600021858],[-89.48940500006262,44.59900300011739],[-89.63836499962633,44.5987649998155],[-89.65705300012989,44.59073600020215],[-89.65836200000908,44.579060000267475],[-89.64997399990823,44.57266100028819],[-89.64974200010464,44.563328999804874],[-89.63846199971071,44.55806499991085],[-89.64444799996325,44.54898999996937],[-89.62244600029054,44.54628099973278],[-89.62415799967754,44.53943600010239],[-89.6073420001912,44.53360899999197],[-89.60728899958943,44.526242000302304],[-89.72698200038427,44.52568500014293],[-89.72638999983225,44.4493499997413],[-89.75042799965539,44.449147000238014],[-89.75730600003558,44.44182699985891],[-89.78878999960318,44.433153000088595],[-89.78954299981366,44.426327999706686],[-89.8038150000598,44.42369799972213],[-89.83738400018161,44.42717900030958],[-89.83732899993004,44.42355699968504],[-90.801917999887,44.4224420002228],[-90.8015250004249,44.50968099978621],[-90.92288899970055,44.50984000016337],[-90.92224299962017,44.59629100017582],[-91.1656189996983,44.5969869998265],[-91.16624499968718,44.3053310001922]]]},"properties":{"NAME":"State Senate District 24","GEOID":"55024"}},{"type":"Feature","geometry":{"type":"MultiPolygon","coordinates":[[[[-88.40440199978569,44.2094749998002],[-88.37892100018907,44.208831999883955],[-88.34456100022193,44.19954599972997],[-88.31385300043105,44.18489699969124],[-88.3003319998473,44.1742330002781],[-88.29761500035471,44.16560900020115],[-88.29405600006486,44.167271999911414],[-88.297452999973,44.16517599981852],[-88.2944679997935,44.160471999931296],[-88.3198820003413,44.1248430000399],[-88.32820900034277,44.1008889999425],[-88.32513499957649,44.08675599978059],[-88.33034400022738,44.06936099968251],[-88.32123700025123,44.034486000295644],[-88.3277399998144,43.983299000275615],[-88.3194899998058,43.96773199970895],[-88.31494800005,43.9376650002026],[-88.16165400024461,43.93768300007296],[-88.16227400038571,43.891511000133185],[-88.04179399994351,43.891691999902285],[-88.0418290001036,43.90649599982148],[-88.04679000015908,43.906515000005],[-88.0468479998854,43.919625000204334],[-88.05192199991878,43.92506399994264],[-88.04559300043287,43.927906999930066],[-88.04201999989932,43.92130600007533],[-88.04213799990009,43.9791700000326],[-87.80162399997783,43.979151999797395],[-87.80154899963478,44.1531449996873],[-87.66055700004732,44.15365699999704],[-87.66052699991008,44.19708600029318],[-87.60011300006087,44.19757300022667],[-87.60011399988578,44.24050899989733],[-87.51281099992822,44.24038299993011],[-87.54115799987865,44.29314799975076],[-87.54525899959351,44.322727999801586],[-87.51706800017699,44.37665699982094],[-87.5172020000713,44.396986999842476],[-87.50403299984004,44.427951000113],[-87.49901900008113,44.460789999744435],[-87.49226899974744,44.465551999946065],[-87.48369599969867,44.51135399996265],[-87.46809399965696,44.55192500025773],[-87.45233400032981,44.57234800007983],[-87.43749399982111,44.6050670003069],[-87.43185900009618,44.60763899972193],[-87.43552200014311,44.61044700008127],[-87.42123499982839,44.61478400002558],[-87.40209199993848,44.630783999888855],[-87.382388000357,44.657276999781125],[-87.37703800013911,44.67396299986597],[-87.34835599955458,44.71040200010129],[-87.33521800018379,44.749940999761755],[-87.31902600013821,44.77151600019923],[-87.31797199962881,44.789615999901784],[-87.3108459995515,44.79166399990355],[-87.31442099973489,44.79317899971622],[-87.30456800011925,44.80483100009335],[-87.2825570002257,44.81472199988073],[-87.26755299968546,44.846663999840814],[-87.20493500035467,44.87537500023865],[-87.20618899998226,44.88597300030336],[-87.21713600029025,44.89770500020959],[-87.21541899998208,44.907591999791926],[-87.17166099978563,44.9314050002733],[-87.175059000417,44.93990400016915],[-87.18823299977281,44.948173000117116],[-87.189401000085,44.96852599975578],[-87.16425400039923,45.004343000182],[-87.13897799994369,45.012803000281494],[-87.12489999986633,45.042641000173596],[-87.1241659999224,45.05757799984655],[-87.09082399958132,45.051072999784395],[-87.09114199959863,45.05588399971645],[-87.07965200004072,45.0581420001157],[-87.08384800019013,45.0659089998904],[-87.07990099956275,45.07357000020593],[-87.08289900016105,45.07080600022893],[-87.08510000016791,45.079174000005295],[-87.09702300026916,45.08342500015331],[-87.0907170003495,45.09445800014023],[-87.08178000025265,45.09596800002224],[-87.07580900006873,45.087525999966545],[-87.06670600029054,45.08431300008933],[-87.06632999964859,45.07851500014742],[-87.05655099965279,45.0935730002476],[-87.04768899989902,45.087953000040464],[-87.04861100016392,45.09479400013829],[-87.05344099979982,45.096205999876965],[-87.04859199989734,45.108802999828036],[-87.05102200023308,45.11656600012346],[-87.05745100017639,45.12482600006214],[-87.07501400002545,45.127877999918596],[-87.08415100013883,45.14536999972085],[-87.07771799999756,45.14754899970221],[-87.07961199985775,45.155841000152144],[-87.06905600026033,45.15789399976502],[-87.04678699972561,45.13487799972213],[-87.03202499993304,45.141620000087826],[-87.03155499957975,45.150439000298675],[-87.04528100020292,45.15827800020486],[-87.046342000385,45.17247899982057],[-87.03818400043792,45.199447999900116],[-87.04116600024437,45.21105299978542],[-87.03273100028785,45.21333600021719],[-87.03161999987708,45.2186560002592],[-87.03777199981094,45.22110600020862],[-87.03209799972797,45.22317200023713],[-87.04096500040293,45.22936100013678],[-87.02223599989148,45.23318300029359],[-87.00826099974628,45.22423300007061],[-87.00278699967983,45.211590999719334],[-86.98182799974754,45.2181569996975],[-86.97822900017302,45.22764400016728],[-86.98597500039143,45.23587800030848],[-86.97272800034237,45.246167999779146],[-86.98189700024282,45.24826600015394],[-86.98506800019514,45.261027999860694],[-86.97043899957366,45.277762000297656],[-86.97536799984208,45.28796199997914],[-86.98399799979225,45.29554400016972],[-87.00752699980237,45.29450799978722],[-87.01641600021861,45.2993150000445],[-87.0230750003157,45.293851999998935],[-87.02348700004435,45.286427999758246],[-87.04341300028199,45.28475499978636],[-87.05242099962562,45.28656700006434],[-87.05922799986072,45.29853799980847],[-87.06810899988106,45.29545699990304],[-87.07827899968912,45.2650030002773],[-87.0748270004277,45.25393499986299],[-87.10623099962935,45.258336000040806],[-87.11717899976225,45.240409999694236],[-87.12337199970402,45.22282100018884],[-87.11938899998995,45.19153299984809],[-87.14566899982783,45.19208999992353],[-87.1493849995782,45.185445999748026],[-87.16677900027119,45.183533999700224],[-87.17536400001552,45.173047000291305],[-87.16992500010916,45.153668999947186],[-87.17513499968666,45.15005300016836],[-87.18673999977061,45.15050700008364],[-87.19595399987688,45.163261999973756],[-87.22305899989527,45.16517800024909],[-87.22219100005705,45.17493599970577],[-87.23844599985183,45.16660999978864],[-87.25798299992705,45.17718299981568],[-87.26695099998602,45.17370600011692],[-87.27081300022456,45.166619999830424],[-87.2679069996878,45.15727100017619],[-87.24023799960479,45.15429299992384],[-87.2395339997981,45.12849099970253],[-87.24865800039099,45.132251000034664],[-87.25755500030488,45.12178100009111],[-87.26303199984605,45.083907000258485],[-87.28154600027234,45.07370900030571],[-87.28210100011611,45.04800899985154],[-87.29360499991772,45.04586200005993],[-87.30191000017788,45.05369000001898],[-87.30977199984896,45.043057999751056],[-87.3212510004345,45.03835300005892],[-87.32976699968356,45.018784000305786],[-87.34260700002685,45.012221000304194],[-87.34718899996562,45.00062699968395],[-87.36086199998705,44.98718700017022],[-87.37547200034196,44.956028000278245],[-87.39390499967908,44.933838000151674],[-87.39837899966282,44.92471699983228],[-87.39518400031935,44.920735000092236],[-87.41144199958886,44.905825000100016],[-87.39361799962391,44.89856499999704],[-87.383959000177,44.88718000030151],[-87.38463200002158,44.837775999710296],[-87.37557799974887,44.82933400015319],[-87.35260600013068,44.82154700016042],[-87.34613500035456,44.82766799989732],[-87.3429970000142,44.81746100011865],[-87.3301290000818,44.80609199994762],[-87.34164399975407,44.80622500027468],[-87.33771499956835,44.80823700031848],[-87.37738600029364,44.82453599974707],[-87.38288700012428,44.83330699979894],[-87.39006099988218,44.83108099969091],[-87.40479400026076,44.85939300026933],[-87.41993699981984,44.875693000289026],[-87.4204909998387,44.887489999840156],[-87.43397800008728,44.89297800018499],[-87.46091900007414,44.87728399968589],[-87.48712100009422,44.85418599973587],[-87.49923900018915,44.85680199983401],[-87.49879300012533,44.86444900015941],[-87.51477599993355,44.86998300027018],[-87.5039800001366,44.86099299983261],[-87.50357199970759,44.8551919999092],[-87.51874000027934,44.849290999696926],[-87.5306270003956,44.85099599996659],[-87.53343900032272,44.85788899969531],[-87.53240800027788,44.8503579999532],[-87.54130000016889,44.832024000247],[-87.55388900044201,44.82673400006316],[-87.55274000039638,44.823276999867474],[-87.5604940001124,44.824947999899045],[-87.5549599997715,44.83634899968488],[-87.56510600018842,44.82572199994554],[-87.56861600007448,44.82913200020105],[-87.56492899973811,44.82944100000504],[-87.55961100020558,44.84530200022731],[-87.55055799975779,44.84715699975324],[-87.55059499956769,44.851785999942024],[-87.57838000000166,44.852856999783775],[-87.60994599958502,44.83845799990442],[-87.7201089999061,44.725355999946245],[-87.7195749999787,44.693523999930306],[-87.74853700004739,44.66764699985426],[-87.75603200019563,44.64912799986035],[-87.77516000001692,44.63928100002694],[-87.80916299960872,44.63616599980831],[-87.8408350003956,44.61905299990236],[-87.85700300015174,44.6195280001474],[-87.86768400032095,44.60774699998295],[-87.88015600041821,44.602880999849255],[-87.88838499961207,44.591316000277835],[-87.91374300008337,44.57799099983774],[-87.89598500024064,44.57467200015548],[-87.89613199965542,44.55485999976803],[-87.8890759998983,44.55473799969204],[-87.90065900024092,44.538648999943376],[-87.90692499997763,44.538713999851026],[-87.90685600038066,44.531562000315574],[-87.8792340001533,44.52749600017389],[-87.87919800016829,44.523898999932484],[-87.88681700016512,44.52263499974846],[-87.88711799956569,44.443853000080814],[-87.91284599993283,44.44048700009787],[-87.91241199956457,44.444107999707974],[-87.92491499962395,44.44415400027674],[-87.91928699957171,44.44050800007414],[-87.92771900005349,44.44056300006786],[-87.92776500008424,44.44417600006189],[-87.97926699995098,44.44494099971172],[-87.9863369999518,44.434491999978114],[-88.01677399958102,44.44505100027946],[-88.01361900042052,44.44270600010464],[-88.01691900024429,44.43749499972579],[-88.0468260001441,44.439531999888935],[-88.04627399977505,44.43377299989785],[-88.0342390004191,44.42814699994919],[-88.05708600036384,44.43089099985154],[-88.03752900019714,44.4209469998501],[-88.04221099969503,44.411343999994216],[-88.05278300008429,44.41505899992316],[-88.06478300017845,44.40472199973574],[-88.06478200035353,44.396213000017376],[-88.05972000001573,44.39744699994999],[-88.05972800041165,44.39381900003199],[-88.06980100013531,44.386561999926286],[-88.06987899995313,44.364705999757795],[-88.04961100030704,44.36472799989951],[-88.04956799975103,44.35743799981035],[-88.19147199955763,44.35692800001315],[-88.1926030000599,44.31608800002649],[-88.2214110001428,44.30967800003795],[-88.24207700017213,44.28535300031697],[-88.24989000033771,44.29292099972455],[-88.25673799968237,44.29308700028314],[-88.2736140003415,44.27526400029076],[-88.2737979995662,44.264283000287314],[-88.27845300019823,44.26073400029272],[-88.2930669998528,44.26013899988412],[-88.29296800011859,44.27493900008985],[-88.29699100001564,44.271537000171726],[-88.32361900000805,44.279132999853886],[-88.35486400009937,44.276762000072594],[-88.35403499972088,44.24385399978337],[-88.404070000423,44.24410199984619],[-88.40440199978569,44.2094749998002]]],[[[-86.7649580003614,45.39204399986513],[-86.76440000014458,45.39524699996741],[-86.7649580003614,45.39204399986513]]],[[[-86.7807760003132,45.36815500012471],[-86.7807760003132,45.36815500012471]]],[[[-86.83395299975702,45.403014000307834],[-86.80566699990592,45.40693099997282],[-86.80973800038187,45.422073999719665],[-86.83010300011233,45.428027999770556],[-86.82914499986242,45.408009999932794],[-86.83395299975702,45.403014000307834]]],[[[-86.8519540001723,45.357488999958335],[-86.8519540001723,45.357488999958335]]],[[[-86.85967199990331,45.41075299984228],[-86.85967199990331,45.41075299984228]]],[[[-86.89624399974798,45.29365699980389],[-86.89624399974798,45.29365699980389]]],[[[-86.92031199970836,45.28422400020057],[-86.92031199970836,45.28422400020057]]],[[[-86.93397800005707,45.3351650000746],[-86.91829700037265,45.317093000030496],[-86.90737400035408,45.31233000003626],[-86.90115100027509,45.29857100007162],[-86.90465399959015,45.29687699987738],[-86.89773299955223,45.294941999774615],[-86.89891099991017,45.30898100029802],[-86.90895199984679,45.3168359999323],[-86.91859500029847,45.33630899969189],[-86.92265099980747,45.33094400015333],[-86.93092599993042,45.33365600028618],[-86.93091300040994,45.3393430000049],[-86.93397800005707,45.3351650000746]]],[[[-86.95674600035906,45.34782100031297],[-86.95395000032545,45.339582000154465],[-86.94081000040651,45.33373999979836],[-86.9361980003305,45.338338999685035],[-86.93991999992866,45.346474000152206],[-86.9344099998772,45.343834999942345],[-86.93398899992772,45.351500999963136],[-86.92017299979118,45.35443099997191],[-86.9030309998916,45.33414199993367],[-86.89126000012631,45.33825200005944],[-86.88027900038142,45.33118899985216],[-86.87176900008185,45.331912000131126],[-86.86521000044219,45.33902200010033],[-86.86950100012784,45.34989899989496],[-86.86405800002353,45.36417300001707],[-86.84875200025782,45.37043399989143],[-86.83757200032132,45.394018000016885],[-86.86066500031333,45.41173399982863],[-86.87735699995112,45.413690000215546],[-86.91553099957792,45.407735999750884],[-86.92347099996512,45.39777299977692],[-86.92855199967119,45.398522000266624],[-86.92749499968707,45.410732999887735],[-86.93646299974606,45.42095400023817],[-86.94278600028248,45.415659999838155],[-86.95505099979218,45.3839090000235],[-86.94364999992274,45.356758000239594],[-86.94801699977637,45.355810999907945],[-86.94325200043781,45.35286099977653],[-86.95289800036421,45.3523289998643],[-86.95560200033633,45.35695100010618],[-86.95674600035906,45.34782100031297]]],[[[-86.96054699959994,45.31121500028067],[-86.95653899977152,45.30372199981617],[-86.94409000013881,45.30224000025034],[-86.94767399964469,45.31288299979613],[-86.95634600032598,45.31495999990957],[-86.96054699959994,45.31121500028067]]],[[[-86.96298799980632,45.25359499982306],[-86.96298799980632,45.25359499982306]]],[[[-87.14386000035643,45.222395000004234],[-87.14072700003894,45.22107499993666],[-87.14386000035643,45.222395000004234]]],[[[-87.14923899998836,45.22399499976079],[-87.14486299991387,45.22286500019834],[-87.14923899998836,45.22399499976079]]],[[[-87.31903700000886,45.103141999994776],[-87.31477899993517,45.101328999983494],[-87.31903700000886,45.103141999994776]]],[[[-87.37755100015008,45.183612999871954],[-87.37641499962496,45.17766300002729],[-87.3268400001287,45.15642399983148],[-87.33828700002888,45.1709679997585],[-87.33462300015704,45.1928809997568],[-87.33738599968038,45.201978000167664],[-87.33234400033237,45.206383999825775],[-87.33537200016958,45.21136900017981],[-87.35298900044532,45.198033000023706],[-87.36516799974129,45.20314000023129],[-87.37661200016676,45.19817299979287],[-87.37755100015008,45.183612999871954]]],[[[-87.52087599998887,44.87019200013147],[-87.51501500030814,44.87199000015799],[-87.52087599998887,44.87019200013147]]]]},"properties":{"NAME":"State Senate District 1","GEOID":"55001"}},{"type":"Feature","geometry":{"type":"MultiPolygon","coordinates":[[[[-88.14987900028136,44.501328999990896],[-88.12969699995068,44.49359299992349],[-88.12971399966912,44.48862999992484],[-88.10659800011089,44.48553499982695],[-88.10951700016817,44.47419300025185],[-88.12076400005179,44.474191000309006],[-88.12232300017625,44.4777890000986],[-88.12658299989977,44.474191000309006],[-88.11759599957419,44.46734800031646],[-88.12670300044867,44.468908999936815],[-88.12460500037396,44.463699999989025],[-88.12980800027876,44.46371999980392],[-88.12984000006581,44.4597169998462],[-88.1215370003538,44.45967599981147],[-88.13288200014672,44.445399999951796],[-88.10947500033537,44.44518200021898],[-88.09930200015425,44.45207500031283],[-88.09083399968748,44.4509040002727],[-88.11178299957403,44.43069500023602],[-88.10857399998686,44.43066299975199],[-88.13309200020902,44.41545100004795],[-88.12860399998155,44.41302500002768],[-88.13413199957637,44.41295499988378],[-88.13195200038423,44.40994699999985],[-88.14077399995503,44.40693599990893],[-88.12413900021863,44.395793999803175],[-88.11406800014481,44.40320399970708],[-88.10935800015949,44.40061099995377],[-88.08914300021686,44.416709999890486],[-88.12164299976068,44.37894400011496],[-88.13896799995838,44.36751999981027],[-88.14408299999963,44.357239999932645],[-88.04956799975103,44.35743799981035],[-88.04961100030704,44.36472799989951],[-88.06987899995313,44.364705999757795],[-88.06980100013531,44.386561999926286],[-88.05972800041165,44.39381900003199],[-88.05972000001573,44.39744699994999],[-88.06478200035353,44.396213000017376],[-88.06478300017845,44.40472199973574],[-88.05278300008429,44.41505899992316],[-88.04221099969503,44.411343999994216],[-88.03752900019714,44.4209469998501],[-88.05708600036384,44.43089099985154],[-88.03573999991893,44.42733600014736],[-88.04627399977505,44.43377299989785],[-88.0468260001441,44.439531999888935],[-88.01691900024429,44.43749499972579],[-88.01361900042052,44.44270600010464],[-88.01677399958102,44.44505100027946],[-87.9863369999518,44.434491999978114],[-87.97926699995098,44.44494099971172],[-87.92776500008424,44.44417600006189],[-87.92771900005349,44.44056300006786],[-87.91928699957171,44.44050800007414],[-87.92491499962395,44.44415400027674],[-87.91241199956457,44.444107999707974],[-87.91284599993283,44.44048700009787],[-87.88711799956569,44.443853000080814],[-87.88681700016512,44.52263499974846],[-87.87919800016829,44.523898999932484],[-87.8792340001533,44.52749600017389],[-87.90685600038066,44.531562000315574],[-87.90692499997763,44.538713999851026],[-87.90065900024092,44.538648999943376],[-87.8890759998983,44.55473799969204],[-87.89613199965542,44.55485999976803],[-87.89598500024064,44.57467200015548],[-87.89999700026704,44.57467600018676],[-87.92432299997026,44.5402160003095],[-87.94379599957304,44.52954299994816],[-87.97085999958357,44.53017899981608],[-87.99931899968699,44.54051000026667],[-87.99590099986244,44.53737099987617],[-88.00123000016394,44.53975400003002],[-88.0062199996334,44.532888000094985],[-88.01010600016141,44.53415300022825],[-88.01389600042995,44.5375830000693],[-88.00797399975153,44.53621200010552],[-88.0064859997722,44.540645999731574],[-88.03458500002552,44.561167000027204],[-88.05299300014659,44.53995700003196],[-88.06679400021451,44.54475799992881],[-88.07675200031046,44.53009100027654],[-88.09439499962716,44.53769399973268],[-88.09947200003356,44.523951000226255],[-88.11955100043208,44.52386600016539],[-88.11977599966465,44.51664999991561],[-88.12975999969987,44.51658999978914],[-88.12992499955632,44.52379499984616],[-88.13980400000955,44.523859999681676],[-88.13978499974297,44.50586599970086],[-88.13588200039483,44.50222700016268],[-88.14987900028136,44.501328999990896]]],[[[-87.98946500024643,44.538775999892316],[-87.98040199975289,44.53683100031901],[-87.98946500024643,44.538775999892316]]]]},"properties":{"NAME":"State Senate District 30","GEOID":"55030"}},{"type":"Feature","geometry":{"type":"Polygon","coordinates":[[[-92.8084149997232,44.751860000069264],[-92.79233599965552,44.73936200002839],[-92.73204300018013,44.71434499999391],[-92.66098800034467,44.66089999997222],[-92.6320210002531,44.649186999955084],[-92.62021500032772,44.63419400004061],[-92.62164200020769,44.614929000208015],[-92.601608000015,44.612038000233504],[-92.58621600003559,44.60008800003348],[-92.57715599991509,44.60503700007851],[-92.56894600008948,44.6033719998859],[-92.54982699959072,44.581097999864184],[-92.5488890003306,44.568251999763085],[-92.51921800043236,44.57527499968985],[-92.49371699984593,44.566052000066385],[-92.4809860001809,44.56844899984663],[-92.45889599974632,44.56274499998621],[-92.43862599955212,44.5526390000174],[-92.41567499985032,44.560506000000096],[-92.33611399991322,44.55400399985991],[-92.31407100023264,44.538013999885415],[-92.30304600010683,44.518645999697235],[-92.30221500007852,44.50029800011322],[-92.2910050000048,44.48546400023262],[-92.23085599957115,44.444496000023435],[-92.19537800041884,44.43379200031891],[-92.12451299965585,44.42211499982602],[-92.07860500040447,44.404869000161696],[-92.0564859996576,44.40272899997856],[-92.0381470000318,44.388731000069654],[-91.96359999985364,44.362112000090356],[-91.94131100012575,44.34097799972629],[-91.92559000025835,44.33354800002757],[-91.91862499983951,44.32267100019306],[-91.91357400027067,44.31039200011726],[-91.92461299974187,44.29181500021648],[-91.89638799999017,44.27468999996861],[-91.89600800004855,44.26287099985447],[-91.88703999998958,44.25177200017315],[-91.89269800017904,44.231105000232596],[-91.87742900022327,44.21292100027039],[-91.8751579998962,44.200575000013394],[-91.82916699990585,44.17834999987519],[-91.8080640000335,44.1592620000754],[-91.75174699970117,44.13478599999397],[-91.72155199992129,44.130341999930366],[-91.71059700011568,44.12048000012863],[-91.70749099956234,44.10390599981942],[-91.68152999956669,44.09740000023129],[-91.64787299958134,44.06410900003621],[-91.61048700032512,44.04931000029134],[-91.59561800040242,44.03332500020877],[-91.58260399998187,44.02738099981611],[-91.50712100019341,44.01898000006348],[-91.48086999976954,44.00814500025253],[-91.46351500033292,44.009040999930086],[-91.43411100039836,43.99786799974006],[-91.42518799964691,43.98432200010472],[-91.40091100034749,43.98422899979103],[-91.40590800038797,43.992188999740875],[-91.40581600032645,44.01317300021988],[-91.41090299988032,44.01317100004763],[-91.4112390003393,44.06390999995385],[-91.39126600024599,44.063715000009175],[-91.39631599998992,44.07732100018999],[-91.39632299966262,44.09167499998648],[-91.39130499970572,44.09166900032109],[-91.39243899968275,44.164840999940196],[-91.38372199969395,44.16486499981781],[-91.38368599970893,44.17212499973897],[-91.3737650003212,44.17214999985308],[-91.3736459995972,44.18658100006731],[-91.36331500013068,44.186600999894395],[-91.36371000014088,44.21529500020015],[-91.35345199957096,44.21516600000852],[-91.35446900027043,44.24727000000439],[-91.16554799955318,44.24744500009906],[-91.1660000003631,44.50986300018203],[-91.52892000037484,44.509439000301526],[-91.5291010001248,44.59619700009132],[-91.65024799966548,44.59664900022122],[-91.65036099964338,44.68363300008815],[-91.97407500015852,44.68384400018575],[-91.97509399960948,44.81492200028381],[-92.01438200002015,44.81484399978218],[-92.01525900007921,45.03115499983557],[-92.11245099963742,45.03159400020975],[-92.11191900025815,45.06776799985137],[-92.13635999958912,45.06784500019765],[-92.13611299971691,45.12138800019592],[-92.15707199964922,45.1216079997176],[-92.15646499992688,45.20955400009256],[-92.76210800026367,45.20716599980717],[-92.76680800020323,45.18546600018004],[-92.75240399971261,45.173915999795895],[-92.74905500038336,45.14866600020957],[-92.75219600019848,45.142494999761894],[-92.73958299963591,45.11559799997733],[-92.79265700004589,45.07876200030795],[-92.80312399995485,45.06156600003084],[-92.79558600014889,45.04924399990372],[-92.76205999968478,45.02432000022205],[-92.77123100013335,45.00137800001128],[-92.76944500022819,44.972149999761854],[-92.75460300006965,44.95576699975117],[-92.75064499957165,44.93729899998399],[-92.75870100030977,44.90897899994505],[-92.77457100014009,44.89808399990537],[-92.76341100029508,44.87414000004994],[-92.76950100030469,44.86200100013429],[-92.76593199996908,44.835630999856804],[-92.78075400003611,44.812299999950696],[-92.78562200020517,44.7918869999466],[-92.80444500042792,44.770759999957725],[-92.8084149997232,44.751860000069264]]]},"properties":{"NAME":"State Senate District 10","GEOID":"55010"}},{"type":"Feature","geometry":{"type":"Polygon","coordinates":[[[-91.42518799964691,43.98432200010472],[-91.40601100032013,43.963929000183306],[-91.38579800002732,43.95424099976805],[-91.36664199971861,43.937462999702596],[-91.3574250001376,43.91723099979557],[-91.34774099967805,43.911964000016894],[-91.33814099978241,43.89766400012972],[-91.32060499969752,43.88849099987297],[-91.31099099955814,43.86738100023668],[-91.28413800033316,43.847064999836704],[-91.26243299986304,43.7921699996905],[-91.24413500024514,43.77466699974752],[-91.25543099963429,43.744875999757824],[-91.2559319999497,43.7298490002645],[-91.26845500010059,43.70982400003118],[-91.27325200012451,43.66662299993697],[-91.27174900007658,43.654928999882905],[-91.26239699987802,43.641760000023744],[-91.26897899998222,43.616577999896236],[-91.23186499981425,43.58182200017388],[-91.23281200019352,43.564841999729346],[-91.24409300041235,43.54562000023036],[-91.23294100006494,43.523966999890504],[-91.21735300026693,43.51247399983535],[-91.2152819999564,43.48479799974104],[-91.2333670000373,43.45516799988607],[-91.20554999981627,43.42294899971243],[-91.20182800021811,43.42294899971243],[-91.2089509999224,43.43671299974324],[-91.1962369999758,43.444289999934675],[-91.20156799992712,43.436683999893795],[-91.18344100001343,43.437019000209276],[-91.18814199977791,43.43437799967427],[-91.18810199959493,43.422991999794036],[-90.66856100018988,43.422994000191565],[-90.67034500044522,43.502260999933874],[-90.68503500026777,43.49865799974488],[-90.68596099983232,43.50570099993658],[-90.68063499990387,43.513075999758456],[-90.67071799981582,43.513029999831204],[-90.67165199977627,43.55285600009277],[-90.31106900021385,43.55399100026794],[-90.31219399997003,43.73147900013234],[-90.55245500017232,43.725648999918306],[-90.5516590003041,43.8992410001993],[-90.67010900044367,43.899044000298495],[-90.67136100042144,43.985752999969606],[-90.79173999968302,43.98586900012646],[-90.7916829997816,44.02899999976491],[-90.91319599991847,44.02883900024333],[-90.91291800008412,44.07152199972844],[-91.15184500029287,44.070994999686214],[-91.15356300042596,44.24758300021473],[-91.35446900027043,44.24727000000439],[-91.35345199957096,44.21516600000852],[-91.36371000014088,44.21529500020015],[-91.36331500013068,44.186600999894395],[-91.3736459995972,44.18658100006731],[-91.3737650003212,44.17214999985308],[-91.38368599970893,44.17212499973897],[-91.38372199969395,44.16486499981781],[-91.39243899968275,44.164840999940196],[-91.39130499970572,44.09166900032109],[-91.39632299966262,44.09167499998648],[-91.39631599998992,44.07732100018999],[-91.39126600024599,44.063715000009175],[-91.4112390003393,44.06390999995385],[-91.41090299988032,44.01317100004763],[-91.40581600032645,44.01317300021988],[-91.40590800038797,43.992188999740875],[-91.40091100034749,43.98422899979103],[-91.42518799964691,43.98432200010472]]]},"properties":{"NAME":"State Senate District 32","GEOID":"55032"}},{"type":"Feature","geometry":{"type":"Polygon","coordinates":[[[-89.71762199978981,43.98195299983638],[-89.71750200013922,43.73089599987659],[-89.59904100012899,43.73080100013113],[-89.59954699956897,43.642635999927684],[-89.2452840001699,43.64308299984127],[-89.2463110000168,43.55603699995125],[-89.12760999980708,43.55665600032465],[-89.12636799987503,43.45676699998381],[-89.00611699976167,43.45875899986148],[-89.00468800023188,43.37157099999003],[-88.89096200032131,43.37192600006383],[-88.89356400018617,43.087861999770695],[-88.81555900000049,43.08637899979044],[-88.81610399979853,43.07200800021488],[-88.80859500030488,43.0693180000539],[-88.81866700020363,43.02121599987768],[-88.82744399956859,43.02218700032478],[-88.82681500010497,42.995008999962],[-88.83499300014354,42.993799999774545],[-88.8327030004482,42.97997399984722],[-88.81808600042058,42.97658699983814],[-88.81258300004181,42.99069700021066],[-88.81386799963157,42.98637899993154],[-88.80925100043099,42.98550499983423],[-88.79818000027444,42.990729999701465],[-88.82205900008893,42.948168000167996],[-88.7774089997648,42.94641299978897],[-88.77715100002193,42.97543300001372],[-88.66016299992243,42.97440899977235],[-88.6560699997052,43.28447200025923],[-88.53735599997498,43.28302100024269],[-88.53628399992226,43.37061500016814],[-88.4015439998278,43.37002900023781],[-88.40068000018753,43.45678100016742],[-88.52180400016199,43.45722100009418],[-88.52128600012813,43.5439390003234],[-88.40042599974433,43.54353199968253],[-88.40038899993439,43.55485300005413],[-88.40179499989797,43.71842800016559],[-88.52318699966101,43.71933900008426],[-88.52400699981868,43.89371099975333],[-88.76483899975825,43.8948990002592],[-88.76489200036002,43.97491999990715],[-88.78505700007395,43.97509199996836],[-88.78504500037837,43.98262099989538],[-88.92647800000678,43.983407999820145],[-88.92650700031909,43.99015999991928],[-88.93153500032172,43.98801299990005],[-88.93163599970576,43.997948000077756],[-88.9409479997213,43.99796799982219],[-88.95082100032675,43.98334199976401],[-89.71762199978981,43.98195299983638]]]},"properties":{"NAME":"State Senate District 13","GEOID":"55013"}},{"type":"Feature","geometry":{"type":"Polygon","coordinates":[[[-90.6859320004183,43.50584900009941],[-90.68503500026777,43.49865799974488],[-90.6700979996747,43.49997500001224],[-90.66678600015535,43.17177699996462],[-90.60860799957479,43.18537199972394],[-90.58816000000365,43.20099899997125],[-90.54533300029294,43.211463000097034],[-90.44118999966128,43.19965400020192],[-90.40866300035329,43.200187999704],[-90.35051300026011,43.20978599987689],[-90.29981099956123,43.20833999969697],[-90.29123900023569,43.206095000238875],[-90.28070600020448,43.19433100028503],[-90.25871600022732,43.19722999979462],[-90.1832710000737,43.1571339998205],[-90.15898300000532,43.16679400014778],[-90.11372599995889,43.16034399986288],[-90.08793900004049,43.16237899989098],[-90.05865999977942,43.14529100030166],[-90.05183099980302,43.149303000154504],[-90.04932500019764,43.16637600015662],[-90.00012300007197,43.1946239999256],[-89.90527599956235,43.18802399973733],[-89.8419729997931,43.202473999881455],[-89.80585399968496,43.2386849999208],[-89.75959999992887,43.24100199989082],[-89.74895499974465,43.24875100022378],[-89.73173800040034,43.252203000202165],[-89.71343800023429,43.28100599971796],[-89.72046300002927,43.293084000226834],[-89.48163000043017,43.29409399997596],[-89.48149399998775,43.20670899972866],[-89.36195599990192,43.20682200011526],[-89.36300899968808,43.1437630002455],[-89.35506199962818,43.14356799988779],[-89.36271599978511,43.13655600018254],[-89.34956699964535,43.13618200020385],[-89.35501200029779,43.12154399992473],[-89.32504000010069,43.12105299997632],[-89.32469799979391,43.11683699983787],[-89.27539799975894,43.15604500013299],[-89.27515300043488,43.16505900017051],[-89.2947909998941,43.164772000012064],[-89.29479000006921,43.172032000134976],[-89.30469799993644,43.171380000211244],[-89.30441599990414,43.17730099970188],[-89.29237700035023,43.19015400021974],[-89.29647700024017,43.194672000246676],[-89.26405999963869,43.19504199976281],[-89.26381799978937,43.20229600003296],[-89.2540050003567,43.202310000061956],[-89.2500850003918,43.20957299993715],[-89.2441900003759,43.205990999758015],[-89.24540600036865,43.282114999988636],[-89.0091389997511,43.28482999992188],[-89.00882800030479,43.37163699989982],[-89.00447700034469,43.37496199979053],[-89.00611699976167,43.45875899986148],[-89.12636799987503,43.45676699998381],[-89.12760999980708,43.55665600032465],[-89.2463110000168,43.55603699995125],[-89.2452840001699,43.64308299984127],[-89.59954699956897,43.642635999927684],[-89.59904100012899,43.73080100013113],[-89.71750200013922,43.73089599987659],[-89.7166850003546,43.89439700018836],[-89.8374889997636,43.89425299986154],[-89.8373339999529,43.85464199987483],[-89.85770500042946,43.85478700024233],[-89.85774800008717,43.84739699985721],[-89.87772600020334,43.847443000042134],[-89.8777520001426,43.818514000027946],[-89.91369600034857,43.81841400004499],[-89.90184600004224,43.813266000189756],[-89.88977800017602,43.796714000257836],[-89.86513199990735,43.78341400021625],[-89.8489859998925,43.76309699974217],[-89.85083999956974,43.76748699980522],[-89.87785800044782,43.76751200020858],[-89.87779899999826,43.773465000130635],[-89.92072199996845,43.76745100032189],[-89.95500699959253,43.78442599988954],[-89.9551310003394,43.73102700011886],[-90.26137300034377,43.731521000218855],[-90.26605900003963,43.729229999962655],[-90.26139599991,43.724435999814006],[-90.26795600027287,43.72301899979439],[-90.26909600009768,43.731533999961485],[-90.31219399997003,43.73146599972864],[-90.31106900021385,43.55399100026794],[-90.67165199977627,43.55285600009277],[-90.67071799981582,43.513029999831204],[-90.68063499990387,43.513075999758456],[-90.6859320004183,43.50584900009941]]]},"properties":{"NAME":"State Senate District 14","GEOID":"55014"}},{"type":"Feature","geometry":{"type":"Polygon","coordinates":[[[-89.3692259999193,42.8316759999874],[-89.36704099980595,42.62931500032971],[-89.35956300027443,42.628370999988256],[-89.35954599965768,42.624453999803094],[-89.36701499986667,42.62630999978301],[-89.3669119999345,42.60980400013955],[-89.36114999998799,42.607701999999314],[-89.36688799964507,42.607722000253105],[-89.365798000049,42.50007799976698],[-88.89458299963715,42.49417499968224],[-88.89443000037458,42.66993199971103],[-88.65910799958814,42.66906900017699],[-88.66044400012983,42.90186400003267],[-88.66860799992469,42.89507099998573],[-88.6735439998658,42.899085999690364],[-88.6980930000501,42.893994000309945],[-88.71456200010512,42.90577600011466],[-88.71527699978247,42.901638000271355],[-88.7223109997983,42.90400299976936],[-88.72755300006116,42.91096999973688],[-88.76292399998167,42.914256000170326],[-88.77092899976786,42.906865000218254],[-88.77359199973208,42.91347600006962],[-88.77780799997298,42.91233900025847],[-88.77707599967889,42.842693999726485],[-89.0530569997811,42.847533999685425],[-89.05448600020921,42.85480500003209],[-89.04047799955374,42.854793999835216],[-89.0531530000406,42.86022999985904],[-89.0590470002316,42.85459300026324],[-89.05835099992251,42.86026300017267],[-89.06304099981632,42.860281999906235],[-89.06744000035532,42.856021999954166],[-89.05553599962234,42.847520000181255],[-89.36912800000998,42.845036000197155],[-89.3692259999193,42.8316759999874]]]},"properties":{"NAME":"State Senate District 15","GEOID":"55015"}},{"type":"Feature","geometry":{"type":"Polygon","coordinates":[[[-91.2150560000006,43.367185000313775],[-91.20396399992765,43.349852000064885],[-91.13734299989297,43.32975699989099],[-91.10723699980153,43.313644999901754],[-91.07371000041083,43.274746000095476],[-91.07264900022875,43.26212900001983],[-91.05791800039832,43.25536600002259],[-91.06639799966236,43.23929300005809],[-91.12217000019666,43.19725500023596],[-91.14619999962386,43.15240499967719],[-91.17525299992913,43.13466499999594],[-91.17945699957613,43.06742700031004],[-91.15656199995085,42.97822600030071],[-91.14593500020831,42.96076999988506],[-91.14988000028754,42.941954999918906],[-91.14380000032368,42.92287700029582],[-91.14561499964286,42.90800600013706],[-91.11741099980755,42.89583700028688],[-91.10056500018396,42.883078000216855],[-91.09765600017246,42.859871000136536],[-91.09140200013132,42.849859999989604],[-91.09406000007267,42.830812999805794],[-91.07866499972019,42.82767799993532],[-91.06954900042152,42.76962800011304],[-91.0602609997971,42.761846999680664],[-91.06505899964593,42.75133800016753],[-91.05629700034957,42.74734099984299],[-91.05373300011956,42.738238000322234],[-91.03541799988493,42.73733999992793],[-91.02678600028491,42.724227999887084],[-91.00012800015526,42.71618899976297],[-90.97773499977198,42.69681599996949],[-90.94921000044462,42.685569000321074],[-90.9211549996739,42.685406000187925],[-90.8874299999165,42.672470000312394],[-90.70920399961216,42.636078000316175],[-90.6939990001288,42.61450900014062],[-90.68697500015872,42.591774000168925],[-90.66152700017406,42.56799899980691],[-90.65412699956204,42.54989999995724],[-90.64468700039828,42.54131699991232],[-90.63582899994415,42.517927999713635],[-90.64284299986848,42.508481000028475],[-90.07367000016743,42.508275000330514],[-89.365798000049,42.50007799976698],[-89.36688799964507,42.607722000253105],[-89.36114999998799,42.607701999999314],[-89.3669119999345,42.60980400013955],[-89.36701499986667,42.62630999978301],[-89.35954599965768,42.624453999803094],[-89.35956300027443,42.628370999988256],[-89.36704099980595,42.62931500032971],[-89.36912800000998,42.845036000197155],[-89.35608600000033,42.8501149999949],[-89.36906899956044,42.85954400010065],[-89.3689880002679,42.9099580001642],[-89.36516799986214,42.910156000143665],[-89.3689029998791,42.917545000267786],[-89.36821199959287,42.94296599984554],[-89.6029429996522,42.94441500025179],[-89.60156699982585,43.03109500003869],[-89.72051900010577,43.03199799981501],[-89.71964500041975,43.11886400020928],[-89.83796300031484,43.11857700015776],[-89.83813499984397,43.20605700017184],[-89.85888899973686,43.195580999772886],[-89.880081000196,43.19592099994042],[-89.90527599956235,43.18802399973733],[-90.00012300007197,43.1946239999256],[-90.04932500019764,43.16637600015662],[-90.05183099980302,43.149303000154504],[-90.05865999977942,43.14529100030166],[-90.08793900004049,43.16237899989098],[-90.11372599995889,43.16034399986288],[-90.15898300000532,43.16679400014778],[-90.1832710000737,43.1571339998205],[-90.25871600022732,43.19722999979462],[-90.28070600020448,43.19433100028503],[-90.29123900023569,43.206095000238875],[-90.29981099956123,43.20833999969697],[-90.35051300026011,43.20978599987689],[-90.40866300035329,43.200187999704],[-90.44118999966128,43.19965400020192],[-90.54533300029294,43.211463000097034],[-90.58816000000365,43.20099899997125],[-90.60860799957479,43.18537199972394],[-90.66678600015535,43.17177699996462],[-90.66856100018988,43.422994000191565],[-91.18810199959493,43.422991999794036],[-91.18814199977791,43.43437799967427],[-91.18344100001343,43.437019000209276],[-91.20156799992712,43.436683999893795],[-91.1962729999608,43.440492999856936],[-91.19799100009392,43.44423599970167],[-91.20594300017665,43.43862600023144],[-91.20315200016591,43.43668499986631],[-91.2089509999224,43.43671299974324],[-91.20182800021811,43.42294899971243],[-91.20554999981627,43.42294899971243],[-91.19766999970356,43.39533399987053],[-91.2060720000481,43.37497599996412],[-91.2150560000006,43.367185000313775]]]},"properties":{"NAME":"State Senate District 17","GEOID":"55017"}},{"type":"Feature","geometry":{"type":"MultiPolygon","coordinates":[[[[-88.64330200023025,44.097497000293465],[-88.64298900023581,44.06920000010887],[-88.58277200003008,44.04515599997302],[-88.58334600014042,44.03274299975187],[-88.59482300017785,44.03274499990969],[-88.59776499980134,44.02523899997657],[-88.60294400031499,44.02524599980026],[-88.603197000035,43.996378999795915],[-88.58234799970755,43.99643199995613],[-88.58209199961452,44.01083000029808],[-88.56935699975153,44.01060899990847],[-88.5690300004117,44.006216999983884],[-88.56255000041475,44.00442699981124],[-88.53335999984213,44.00432799986601],[-88.53017200017135,44.01142699992015],[-88.519600999607,44.006956999853905],[-88.51455699971085,44.022984000281184],[-88.52033700009905,44.024871999942626],[-88.52066099996414,44.03213199971721],[-88.51355400015342,44.036411000097765],[-88.5125270003065,44.031955000125535],[-88.50840700032511,44.03927900021009],[-88.51242299965114,44.04105600015737],[-88.5072950000894,44.04455299976112],[-88.5098149999385,44.04801400019419],[-88.52196599964537,44.04505700022447],[-88.51698399967351,44.057686999781396],[-88.52383000026666,44.05364199976939],[-88.52218800030155,44.05892499973167],[-88.5272670003578,44.06547299981805],[-88.52342299966259,44.066470999685734],[-88.52793900037743,44.06651900000945],[-88.50921099969091,44.06480300024656],[-88.51356400019915,44.07413900008594],[-88.50926799959232,44.08693499978088],[-88.48344800006198,44.091970000312806],[-88.48664800032664,44.096894000240056],[-88.47752700010678,44.10207599993025],[-88.48540700021951,44.102961000171405],[-88.48317100005254,44.11054599985121],[-88.47038199976288,44.11523199984134],[-88.4628990002085,44.125685999945944],[-88.46908600030247,44.132941000139176],[-88.45813899999449,44.147474000264914],[-88.43690800007562,44.16073900007106],[-88.4339089996524,44.169055999789286],[-88.4446929997538,44.17052800004917],[-88.44549299981995,44.180070999846265],[-88.42670200028256,44.1997079999808],[-88.40451300011378,44.20869799968847],[-88.404070000423,44.24410199984619],[-88.35403499972088,44.24385399978337],[-88.35740400003995,44.287349999712625],[-88.35333500011215,44.28720599995564],[-88.35348499989999,44.307164999748586],[-88.34319700009115,44.307038999904506],[-88.34298799985378,44.328672000056336],[-88.3951790003569,44.32898999997838],[-88.3951230002804,44.316307999755985],[-88.37498000030781,44.312775000058046],[-88.37485700028415,44.2982489997364],[-88.39548200030562,44.29848200024775],[-88.3957910001021,44.28722900019949],[-88.40322199977794,44.28725700020468],[-88.4055140000214,44.29859900003711],[-88.4201290003992,44.29880499992948],[-88.41807900000506,44.294661000063954],[-88.42997799981688,44.291285000309585],[-88.42999000041075,44.28754199991125],[-88.44642699978043,44.28783099994126],[-88.44628200001547,44.28099899968093],[-88.45671999961212,44.28494599993027],[-88.45594499966032,44.295178000147196],[-88.46352000017451,44.2949690002786],[-88.46636600043685,44.288011999858895],[-88.49612100000068,44.28706600031786],[-88.49616399965838,44.28334599970756],[-88.47628799964947,44.2759279999306],[-88.47601300018817,44.26220900013266],[-88.44588500035543,44.26186800004929],[-88.45160299992104,44.24745599996632],[-88.43909900003675,44.24428600008906],[-88.46161700009348,44.22125899979506],[-88.46082600024815,44.21563599988981],[-88.46733200018436,44.2144089996928],[-88.47460899987443,44.20211399971514],[-88.47449800044465,44.192699999934675],[-88.49520799995662,44.19265100000604],[-88.49525099961431,44.199860000192736],[-88.52383299974139,44.19984599998623],[-88.52373700038025,44.15627000027596],[-88.54397599971401,44.156102999904526],[-88.54333499965651,44.09747300012001],[-88.64330200023025,44.097497000293465]]],[[[-88.51721200017745,44.06272800029726],[-88.51721200017745,44.06272800029726]]]]},"properties":{"NAME":"State Senate District 18","GEOID":"55018"}},{"type":"Feature","geometry":{"type":"MultiPolygon","coordinates":[[[[-89.71802000017307,44.03996400027152],[-89.71762199978981,43.98195299983638],[-88.95082100032675,43.98334199976401],[-88.9409479997213,43.99796799982219],[-88.93163599970576,43.997948000077756],[-88.93153500032172,43.98801299990005],[-88.92650700031909,43.99015999991928],[-88.92647800000678,43.983407999820145],[-88.78504500037837,43.98262099989538],[-88.78505700007395,43.97509199996836],[-88.76489200036002,43.97491999990715],[-88.76483899975825,43.8948990002592],[-88.46756999983575,43.893414999969345],[-88.46466400019727,43.902097999956894],[-88.47355299971522,43.90994999980912],[-88.46796300019614,43.920460999953804],[-88.47523300021349,43.9220519998662],[-88.47043700001447,43.928406999718035],[-88.47767500024479,43.92213499980504],[-88.47422800010791,43.92746699979719],[-88.48070800010485,43.925542000252044],[-88.47293699977209,43.93386100001254],[-88.47867699997731,43.934087999705866],[-88.47797399999551,43.94453300020456],[-88.48936900001718,43.94922000016637],[-88.49216199967775,43.93997799970982],[-88.49772100013301,43.94874399977354],[-88.50399199989258,43.94642700013925],[-88.51464600029762,43.95604800011096],[-88.52853799970383,43.97611400022031],[-88.52763700025363,43.98925600005653],[-88.53615400022592,43.99206400020219],[-88.5374349996177,44.002105000002764],[-88.53335999984213,44.00432799986601],[-88.56255000041475,44.00442699981124],[-88.5690300004117,44.006216999983884],[-88.56935699975153,44.01060899990847],[-88.58209199961452,44.01083000029808],[-88.58234799970755,43.99643199995613],[-88.603197000035,43.996378999795915],[-88.60294400031499,44.02524599980026],[-88.59776499980134,44.02523899997657],[-88.59482300017785,44.03274499990969],[-88.58334600014042,44.03274299975187],[-88.58277200003008,44.04515599997302],[-88.64298900023581,44.06920000010887],[-88.64330200023025,44.097497000293465],[-88.54333499965651,44.09747300012001],[-88.54397599971401,44.156102999904526],[-88.52373700038025,44.15627000027596],[-88.52383299974139,44.19984599998623],[-88.49525099961431,44.199860000192736],[-88.49520799995662,44.19265100000604],[-88.47449800044465,44.192699999934675],[-88.47460899987443,44.20211399971514],[-88.46733200018436,44.2144089996928],[-88.46082600024815,44.21563599988981],[-88.46161700009348,44.22125899979506],[-88.43909900003675,44.24428600008906],[-88.45160299992104,44.24745599996632],[-88.44588500035543,44.26186800004929],[-88.47601300018817,44.26220900013266],[-88.47628799964947,44.2759279999306],[-88.49616399965838,44.28334599970756],[-88.49612100000068,44.28706600031786],[-88.46636600043685,44.288011999858895],[-88.46352000017451,44.2949690002786],[-88.45594499966032,44.295178000147196],[-88.45671999961212,44.28494599993027],[-88.44628200001547,44.28099899968093],[-88.44642699978043,44.28783099994126],[-88.42999000041075,44.28754199991125],[-88.42997799981688,44.291285000309585],[-88.41807900000506,44.294661000063954],[-88.4201290003992,44.29880499992948],[-88.4055140000214,44.29859900003711],[-88.40322199977794,44.28725700020468],[-88.3957910001021,44.28722900019949],[-88.39548200030562,44.29848200024775],[-88.37485700028415,44.2982489997364],[-88.37498000030781,44.312775000058046],[-88.3951230002804,44.316307999755985],[-88.3951790003569,44.32898999997838],[-88.37502100031568,44.32884299985891],[-88.3714260000408,44.501260000056895],[-88.49312699960036,44.50173700024381],[-88.48875600044708,44.58951000000742],[-88.8597809998041,44.59042200015293],[-88.85930200012832,44.503013000288284],[-89.10271400019145,44.50378100010347],[-89.1028449997127,44.417544000022765],[-89.3455150003343,44.41784900025562],[-89.34571500035085,44.33124100004337],[-89.48777499979306,44.33863200030157],[-89.48754200016455,44.244042999744366],[-89.59797999994692,44.24572500005862],[-89.59769899973952,44.15607300011192],[-89.71733100043498,44.1557589996915],[-89.71802000017307,44.03996400027152]]],[[[-88.49417600008685,43.94491099989046],[-88.49170599956817,43.94807000025424],[-88.49417600008685,43.94491099989046]]]]},"properties":{"NAME":"State Senate District 19","GEOID":"55019"}},{"type":"Feature","geometry":{"type":"Polygon","coordinates":[[[-88.52430200026977,43.83551099970943],[-88.52318699966101,43.71933900008426],[-88.40179499989797,43.71842800016559],[-88.40068900040836,43.60177899972709],[-88.40042599974433,43.54353199968253],[-88.52128600012813,43.5439390003234],[-88.52180400016199,43.45722100009418],[-88.40068000018753,43.45678100016742],[-88.4015439998278,43.37007100024732],[-88.29857699990427,43.36953299997793],[-88.29889200044686,43.35020300014017],[-88.30635599973465,43.34829500029923],[-88.30625100015267,43.35372300000182],[-88.31850599961662,43.353579999897356],[-88.31655499985503,43.357566000042944],[-88.32609899967417,43.353652000010335],[-88.32622000004801,43.346396000033124],[-88.31877299958032,43.34633299991948],[-88.31923100023805,43.328752000218635],[-88.3092880002107,43.32822499996544],[-88.3093640003787,43.3247099997264],[-88.29931599987107,43.32855299971297],[-88.3004309995815,43.28135099989205],[-88.18918600006026,43.28080499994866],[-88.19156899964203,43.28805399978401],[-88.18723500029866,43.288059000140514],[-88.1888069999436,43.280804000019764],[-88.06329199982608,43.27888099967924],[-88.06242599963767,43.36728899984302],[-87.95107900000919,43.367829999836296],[-87.95290699974716,43.360141999954664],[-87.94772499975876,43.36038700002067],[-87.94874999995581,43.36785699975182],[-87.9202210004305,43.36825300017919],[-87.92055399961811,43.38498499970578],[-87.91556400014863,43.38292699977901],[-87.92058299993043,43.38702699999525],[-87.92053199987679,43.455843999917526],[-87.81019299982866,43.45588900006517],[-87.80364099986168,43.46416700004626],[-87.79110400036541,43.49289500003396],[-87.79410000041557,43.52513300018326],[-87.79037999956891,43.56152600010152],[-87.74155200043538,43.62946099983634],[-87.76943099968236,43.63029100006437],[-87.77030500026667,43.61572699995913],[-87.8003829998707,43.61510099997812],[-87.8093459999068,43.6194210002452],[-87.80519599978815,43.6303410003153],[-88.15997499957125,43.63045000018491],[-88.16115200010427,43.804496999903186],[-88.28126400030047,43.80463300031094],[-88.28124500003388,43.79005900015647],[-88.3215879998805,43.79030600030645],[-88.36637100027403,43.79077499974316],[-88.37149299998796,43.79966800030227],[-88.38141900029687,43.79634299990006],[-88.38201599997343,43.804691999809975],[-88.39494099980722,43.8033989998959],[-88.38402500035967,43.79436599995377],[-88.40208000030333,43.79460600004464],[-88.40218099968736,43.80649999980639],[-88.421193000056,43.804268000071005],[-88.42213000038953,43.79965700002446],[-88.438940999853,43.794800999814036],[-88.43780699987599,43.79798399992324],[-88.4687499998435,43.80730499990294],[-88.45643400028018,43.7989929999007],[-88.46095000009672,43.79592399982157],[-88.47062699998527,43.807569000090545],[-88.45888999965685,43.870434000099905],[-88.4638299997959,43.87799899986131],[-88.46146999978039,43.88855399968015],[-88.46767899961569,43.893426999962934],[-88.52400699981868,43.89371099975333],[-88.52430200026977,43.83551099970943]]]},"properties":{"NAME":"State Senate District 20","GEOID":"55020"}},{"type":"Feature","geometry":{"type":"Polygon","coordinates":[[[-87.95398399982274,42.756909999761284],[-87.95259399975271,42.56752799985265],[-87.93381599973578,42.56712200017467],[-87.93340999985493,42.55087600008941],[-87.94341800017958,42.54824199995036],[-87.94336499957782,42.544426999795256],[-87.93264599977378,42.53800699983274],[-87.93335700015147,42.53176099971279],[-87.91317999984368,42.5377099998068],[-87.91240800026492,42.53417299995579],[-87.86484599955622,42.537181000093014],[-87.86625099969488,42.530988000165955],[-87.85407800024669,42.53118000030927],[-87.85382100032875,42.52245699982584],[-87.82397800000304,42.5220699997586],[-87.82328900026496,42.51475400027292],[-87.81095799973471,42.51593599983669],[-87.81385199967761,42.57864899971523],[-87.80740699984078,42.58818100022401],[-87.81888700025125,42.58780300012146],[-87.81723400041547,42.59499700022565],[-87.81611600033199,42.58839100024584],[-87.8084999998099,42.58888900028496],[-87.8160540004077,42.59506499972017],[-87.81978699987653,42.62209900022841],[-87.80426000017789,42.673549000075965],[-87.78517199964124,42.69995499989124],[-87.78040800012758,42.720016999814995],[-87.79377900002521,42.71549099990122],[-87.79382199968292,42.71996599978687],[-87.80012400030293,42.71994000015757],[-87.79979500041496,42.71246999968988],[-87.80851700042665,42.707409999980435],[-87.81612899985245,42.709114999906795],[-87.81618300027914,42.71695900030466],[-87.8475949998767,42.71537900029881],[-87.84166999972354,42.71713199982672],[-87.84609900039976,42.71890000011168],[-87.84630100006612,42.755425999812445],[-87.95398399982274,42.756909999761284]]]},"properties":{"NAME":"State Senate District 22","GEOID":"55022"}},{"type":"Feature","geometry":{"type":"Polygon","coordinates":[[[-92.15704800025809,45.12371600027553],[-92.13611299971691,45.12138800019592],[-92.13635999958912,45.06784500019765],[-92.11191900025815,45.06776799985137],[-92.11245099963742,45.03159400020975],[-92.01525900007921,45.03115499983557],[-92.01456100012028,44.9444450001259],[-91.65102199979236,44.94282699997462],[-91.43330100028646,44.94431799993984],[-91.4329730002234,44.94795399985091],[-91.42044599987456,44.944385000263274],[-91.41787499997184,44.95524099975597],[-91.40389900000174,44.9516999998963],[-91.40754699998004,44.96612799992554],[-91.39854700013402,44.966223999790955],[-91.39870399959453,44.95897600021862],[-91.38742099972588,44.951756000305174],[-91.38736700019751,44.955413999760744],[-91.37840300033649,44.95537199975241],[-91.3782769999398,44.966223999790955],[-91.37073999995873,44.956781000004945],[-91.36803099996375,44.965923000145146],[-91.34704600009219,44.96655699972746],[-91.34212400039478,44.977511999823534],[-91.32833300037258,44.97853499997875],[-91.30124500007263,44.96565799976198],[-91.28435400024323,44.95074699980777],[-91.27058499996232,44.946343000204514],[-91.26629000007873,44.9533089998753],[-91.26011300003049,44.953698000182726],[-91.26222500034889,44.951180999694365],[-91.25555500038115,44.95128800006734],[-91.25204399977187,44.943606999841876],[-91.24036300041827,44.94939499976563],[-91.2271790001184,44.94906699972141],[-91.21791300013358,44.94270299991613],[-91.20133199992556,44.94418399969429],[-91.19885899993214,44.949064000162046],[-91.18402099997158,44.944857000116976],[-91.1759900002461,44.95170600001085],[-91.1655989996068,44.95179000027699],[-91.1657119995847,44.96625800008877],[-91.16192499968922,44.96630999994447],[-91.13665699962962,44.96600999988408],[-91.13662599966747,44.959272000010714],[-91.11981699985381,44.94644000022436],[-91.11100000030589,44.95207300010227],[-91.11090999989419,44.94433200009933],[-90.92266899959253,44.944428000192396],[-90.92288899970055,44.50984000016337],[-90.8015250004249,44.50968099978621],[-90.801917999887,44.4224420002228],[-90.31605500038368,44.42450199997367],[-90.31686299994745,44.77205200004732],[-90.19884999965089,44.77173900027511],[-90.19809700033868,44.85877999984881],[-90.0790749997386,44.858727000306814],[-90.07923799994522,44.94533799980374],[-89.96394700006242,44.94426900030861],[-89.96386800041971,45.03289100017526],[-89.84447300044901,45.03276199989053],[-89.84448400031967,45.12009099988214],[-90.04368499955152,45.12021400008654],[-90.0439580002613,45.98194800022528],[-90.67696799965898,45.98155399998623],[-90.67874900043958,45.63826399994511],[-92.15488800025909,45.63974200004175],[-92.15704800025809,45.12371600027553]]]},"properties":{"NAME":"State Senate District 23","GEOID":"55023"}},{"type":"Feature","geometry":{"type":"MultiPolygon","coordinates":[[[[-88.99333199966998,44.87034300002811],[-88.9916510002451,44.85578399987831],[-88.98158299964601,44.85568100030274],[-88.98173499998195,44.76794299973685],[-88.8581179999226,44.76783800000008],[-88.8597809998041,44.59042200015293],[-88.48875600044708,44.58951000000742],[-88.49312699960036,44.50173700024381],[-88.3714260000408,44.501260000056895],[-88.37502100031568,44.32884299985891],[-88.34298799985378,44.328672000056336],[-88.34319700009115,44.307038999904506],[-88.35348499989999,44.307164999748586],[-88.35547599984456,44.27696199989398],[-88.32361900000805,44.279132999853886],[-88.29699100001564,44.271537000171726],[-88.29296800011859,44.27493900008985],[-88.2930669998528,44.26013899988412],[-88.27845300019823,44.26073400029272],[-88.2737979995662,44.264283000287314],[-88.2736140003415,44.27526400029076],[-88.25673799968237,44.29308700028314],[-88.24989000033771,44.29292099972455],[-88.24207700017213,44.28535300031697],[-88.2214110001428,44.30967800003795],[-88.1926030000599,44.31608800002649],[-88.19147199955763,44.35692800001315],[-88.14408299999963,44.357239999932645],[-88.13896799995838,44.36751999981027],[-88.12383999956958,44.37682899999564],[-88.11193499990999,44.39420000002392],[-88.09522700037869,44.40696099974664],[-88.0902019998508,44.418458999798354],[-88.10935800015949,44.40061099995377],[-88.11406800014481,44.40320399970708],[-88.12173700037033,44.396308000197145],[-88.14077399995503,44.40693599990893],[-88.13195200038423,44.40994699999985],[-88.13413199957637,44.41295499988378],[-88.12860399998155,44.41302500002768],[-88.13309200020902,44.41545100004795],[-88.10857399998686,44.43066299975199],[-88.11178299957403,44.43069500023602],[-88.09083399968748,44.4509040002727],[-88.09930200015425,44.45207500031283],[-88.10947500033537,44.44518200021898],[-88.13288200014672,44.445399999951796],[-88.1215370003538,44.45967599981147],[-88.12984000006581,44.4597169998462],[-88.12980800027876,44.46371999980392],[-88.12460500037396,44.463699999989025],[-88.12670300044867,44.468908999936815],[-88.11759599957419,44.46734800031646],[-88.12658299989977,44.474191000309006],[-88.12232300017625,44.4777890000986],[-88.12076400005179,44.474191000309006],[-88.10951700016817,44.47419300025185],[-88.10659800011089,44.48553499982695],[-88.12971399966912,44.48862999992484],[-88.12969699995068,44.49359299992349],[-88.14986300038784,44.50055000006902],[-88.13588200039483,44.50222700016268],[-88.13978499974297,44.50586599970086],[-88.13980400000955,44.523859999681676],[-88.12992499955632,44.52379499984616],[-88.12975999969987,44.51658999978914],[-88.11977599966465,44.51664999991561],[-88.11955100043208,44.52386600016539],[-88.09947200003356,44.523951000226255],[-88.09439499962716,44.53769399973268],[-88.07675200031046,44.53009100027654],[-88.06679400021451,44.54475799992881],[-88.05299300014659,44.53995700003196],[-88.0393009998586,44.55970200031245],[-88.04916600006811,44.56510799994531],[-88.04070400034745,44.564801000156095],[-88.04275200019342,44.570035999698],[-88.03628399989205,44.57679499968806],[-88.01654799962522,44.58216700011439],[-88.01345500038899,44.62355000026886],[-88.00824099971521,44.625306999945764],[-88.00555099998681,44.62097900022381],[-88.00976600040278,44.637080999948424],[-88.00293900007621,44.6436169998849],[-88.00356199969205,44.6606060002992],[-87.99374699971123,44.67754200006393],[-87.98216000006897,44.65544400018481],[-87.97834899988403,44.656337000213455],[-87.9884219996077,44.67242999999082],[-87.99014499976369,44.687164000143746],[-87.98994700029529,44.70601999992477],[-87.98598600032253,44.70177700026118],[-87.98317500022029,44.7212799999432],[-87.96592799984042,44.74321899974938],[-87.934286999914,44.765922999894705],[-87.90765100042395,44.81532099980271],[-87.89987699971812,44.81887099998695],[-87.90294999976115,44.82753899976302],[-87.86717100030998,44.84204899972183],[-87.84858800028671,44.87006799990323],[-87.83288699961248,44.88094699995794],[-87.83405900012264,44.88828700018662],[-87.83092699963005,44.88644299988125],[-87.82857099981248,44.89484799986994],[-87.82232900036522,44.89817800031632],[-87.82992800027058,44.89551499971139],[-87.8212210003275,44.899051000109374],[-87.83112499999677,44.89580900017592],[-87.84038000011093,44.90697300023133],[-87.84442300009945,44.92118600024141],[-87.8393089998831,44.93278200028946],[-87.81348199978176,44.954340999852924],[-87.76263500021624,44.96563999997936],[-87.76007099998621,44.990530000034],[-87.94443599980562,44.993057000267356],[-87.94299499968197,45.020418000271285],[-88.36482600039326,45.02780699976735],[-88.3616189995576,45.11454700028895],[-88.98218400041884,45.118026999705876],[-88.98148300008688,44.87015199988167],[-88.99333199966998,44.87034300002811]]],[[[-87.97940300039342,44.653020999977265],[-87.97940300039342,44.653020999977265]]],[[[-87.9905969996753,44.6043620001168],[-87.98041900036965,44.58493799970009],[-87.9804029995778,44.596291999971754],[-87.9905969996753,44.6043620001168]]],[[[-88.00580399970681,44.61709200013302],[-87.99148200013028,44.60437700008744],[-88.00580399970681,44.61709200013302]]]]},"properties":{"NAME":"State Senate District 2","GEOID":"55002"}},{"type":"Feature","geometry":{"type":"Polygon","coordinates":[[[-88.00831500023338,42.959641000054994],[-87.96856400004044,42.95939599975243],[-87.96882799963109,42.944895999917385],[-87.96274099999455,42.94315799974509],[-87.92941799992002,42.94475600004293],[-87.9291140001464,42.97376999994917],[-87.91934900039429,42.97377200001145],[-87.91922800002048,42.981610000024226],[-87.90948199963664,42.98103799990004],[-87.9088659996935,43.00782299981084],[-87.90285199985186,43.0172819998846],[-87.90756100001227,43.01799599992282],[-87.90351800002375,43.01823899999331],[-87.9077400001124,43.01958100011646],[-87.90499000010954,43.027964999792914],[-87.93292399960811,43.03549700010091],[-87.95774399995406,43.03209800004209],[-87.96845699991033,43.03359200005488],[-87.96788899964776,43.038820000326666],[-87.98872200008167,43.0370270002909],[-87.98505499983679,43.032094999840666],[-87.9936870003351,43.02962199994482],[-87.99242100011361,43.02414500032825],[-87.99999900010256,43.024168000251024],[-87.99749299959885,42.99905000015473],[-88.00189399978765,42.999015999926335],[-88.00212499976634,42.98682400011436],[-87.998080000128,42.97047200006282],[-88.00807400020896,42.969939000222844],[-88.00831500023338,42.959641000054994]]]},"properties":{"NAME":"State Senate District 3","GEOID":"55003"}},{"type":"Feature","geometry":{"type":"Polygon","coordinates":[[[-88.89459100003306,42.64774700024627],[-88.89458299963715,42.49417499968224],[-88.08276500032716,42.49563700031495],[-87.80047699958203,42.49191999993365],[-87.81095799973471,42.51593599983669],[-87.82328900026496,42.51475400027292],[-87.82397800000304,42.5220699997586],[-87.85382100032875,42.52245699982584],[-87.85407800024669,42.53118000030927],[-87.86625099969488,42.530988000165955],[-87.86484599955622,42.537181000093014],[-87.91240800026492,42.53417299995579],[-87.91317999984368,42.5377099998068],[-87.93335700015147,42.53176099971279],[-87.93264599977378,42.53800699983274],[-87.94336499957782,42.544426999795256],[-87.94341800017958,42.54824199995036],[-87.93340999985493,42.55087600008941],[-87.93381599973578,42.56712200017467],[-87.95259399975271,42.56752799985265],[-87.95398399982274,42.75699399980325],[-88.19964000044877,42.756381000162655],[-88.2074309999747,42.75290899999301],[-88.20423800028107,42.756315000051764],[-88.21697800016693,42.75615799993515],[-88.22067899984869,42.74656499984344],[-88.22547000002486,42.74593599968494],[-88.2293170001948,42.75600100008032],[-88.30805999962405,42.7554869998231],[-88.3064350002757,42.840675000066845],[-88.3279299997852,42.8184680000592],[-88.33129099970833,42.82446600023484],[-88.32635399994231,42.82442899996031],[-88.32633300002593,42.83528900015509],[-88.33605099992234,42.836265999759874],[-88.336137999961,42.828094000270774],[-88.35322100030933,42.82829900011425],[-88.34382599955478,42.84285099975717],[-88.6592790001907,42.84254100004272],[-88.65910799958814,42.66906900017699],[-88.89443000037458,42.66993199971103],[-88.89459100003306,42.64774700024627]]]},"properties":{"NAME":"State Senate District 11","GEOID":"55011"}}]}